"uniName","courseName","degreeName","courseUrlExternal","md_file","study_level","expectedFromMd","stage1_output","stage2_output","output_json","course.md","normalized.json","output.json","stage1_parsed.json","parser_hints.json","extraction_warnings.json","entry_requirement_parsed.json","english_requirements_parsed.json","scholarship_parsed.json"
"University of Essex","BSc (Hons)  Accounting and Finance","BSc","https://www.essex.ac.uk/courses/UG00002/2/BSc-Accounting-and-Finance","foundation/ug00002-2-bsc-accounting-and-finance.md","foundation","{
  ""courseName"": ""BSc (Hons)  Accounting and Finance"",
  ""courseUrlExternal"": ""https://www.essex.ac.uk/courses/UG00002/2/BSc-Accounting-and-Finance"",
  ""degreeName"": ""BSc"",
  ""level"": """",
  ""studyMode"": """",
  ""award"": """",
  ""intakeInfo"": ""October 2026"",
  ""courseDuration"": ""4 years"",
  ""tuitionFee"": """",
  ""currency"": """",
  ""ieltsMinOverall"": """",
  ""ieltsMinSection"": """"
}","","","","foundation/ug00002-2-bsc-accounting-and-finance.md","","","","","","","",""
"University of Essex","BA (Hons)  Art History","BA","https://www.essex.ac.uk/courses/UG00021/2/BA-Art-History","foundation/ug00021-2-ba-art-history.md","foundation","{
  ""courseName"": ""BA (Hons)  Art History"",
  ""courseUrlExternal"": ""https://www.essex.ac.uk/courses/UG00021/2/BA-Art-History"",
  ""degreeName"": ""BA"",
  ""level"": """",
  ""studyMode"": """",
  ""award"": """",
  ""intakeInfo"": ""October 2026"",
  ""courseDuration"": ""4 years"",
  ""tuitionFee"": """",
  ""currency"": """",
  ""ieltsMinOverall"": """",
  ""ieltsMinSection"": """"
}","","","","foundation/ug00021-2-ba-art-history.md","","","","","","","",""
"University of Essex","BSc (Hons)  Biological Sciences","BSc","https://www.essex.ac.uk/courses/UG00038/2/BSc-Biological-Sciences","foundation/ug00038-2-bsc-biological-sciences.md","foundation","{
  ""courseName"": ""BSc (Hons)  Biological Sciences"",
  ""courseUrlExternal"": ""https://www.essex.ac.uk/courses/UG00038/2/BSc-Biological-Sciences"",
  ""degreeName"": ""BSc"",
  ""level"": """",
  ""studyMode"": """",
  ""award"": """",
  ""intakeInfo"": ""October 2026"",
  ""courseDuration"": ""4 years"",
  ""tuitionFee"": """",
  ""currency"": """",
  ""ieltsMinOverall"": """",
  ""ieltsMinSection"": """"
}","","","","foundation/ug00038-2-bsc-biological-sciences.md","","","","","","","",""
"University of Essex","BSc (Hons)  Biomedical Science","BSc","https://www.essex.ac.uk/courses/UG00039/2/BSc-Biomedical-Science","foundation/ug00039-2-bsc-biomedical-science.md","foundation","{
  ""courseName"": ""BSc (Hons)  Biomedical Science"",
  ""courseUrlExternal"": ""https://www.essex.ac.uk/courses/UG00039/2/BSc-Biomedical-Science"",
  ""degreeName"": ""BSc"",
  ""level"": """",
  ""studyMode"": """",
  ""award"": """",
  ""intakeInfo"": ""October 2026"",
  ""courseDuration"": ""4 years"",
  ""tuitionFee"": """",
  ""currency"": """",
  ""ieltsMinOverall"": """",
  ""ieltsMinSection"": """"
}","","","","foundation/ug00039-2-bsc-biomedical-science.md","","","","","","","",""
"University of Essex","BSc (Hons)  Business Management","BSc","https://www.essex.ac.uk/courses/UG00045/2/BSc-Business-Management","foundation/ug00045-2-bsc-business-management.md","foundation","{
  ""courseName"": ""BSc (Hons)  Business Management"",
  ""courseUrlExternal"": ""https://www.essex.ac.uk/courses/UG00045/2/BSc-Business-Management"",
  ""degreeName"": ""BSc"",
  ""level"": """",
  ""studyMode"": """",
  ""award"": """",
  ""intakeInfo"": ""October 2026"",
  ""courseDuration"": ""4 years"",
  ""tuitionFee"": """",
  ""currency"": """",
  ""ieltsMinOverall"": """",
  ""ieltsMinSection"": """"
}","","","","foundation/ug00045-2-bsc-business-management.md","","","","","","","",""
"University of Essex","BSc (Hons)  Computer Games","BSc","https://www.essex.ac.uk/courses/UG00066/2/BSc-Computer-Games","foundation/ug00066-2-bsc-computer-games.md","foundation","{
  ""courseName"": ""BSc (Hons)  Computer Games"",
  ""courseUrlExternal"": ""https://www.essex.ac.uk/courses/UG00066/2/BSc-Computer-Games"",
  ""degreeName"": ""BSc"",
  ""level"": """",
  ""studyMode"": """",
  ""award"": """",
  ""intakeInfo"": ""October 2026"",
  ""courseDuration"": ""4 years"",
  ""tuitionFee"": """",
  ""currency"": """",
  ""ieltsMinOverall"": """",
  ""ieltsMinSection"": """"
}","","","","foundation/ug00066-2-bsc-computer-games.md","","","","","","","",""
"University of Essex","BSc (Hons)  Computer Science","BSc","https://www.essex.ac.uk/courses/UG00069/2/BSc-Computer-Science","foundation/ug00069-2-bsc-computer-science.md","foundation","{
  ""courseName"": ""BSc (Hons)  Computer Science"",
  ""courseUrlExternal"": ""https://www.essex.ac.uk/courses/UG00069/2/BSc-Computer-Science"",
  ""degreeName"": ""BSc"",
  ""level"": """",
  ""studyMode"": """",
  ""award"": """",
  ""intakeInfo"": ""October 2026"",
  ""courseDuration"": ""4 years"",
  ""tuitionFee"": """",
  ""currency"": """",
  ""ieltsMinOverall"": """",
  ""ieltsMinSection"": """"
}","","","","foundation/ug00069-2-bsc-computer-science.md","","","","","","","",""
"University of Essex","BA (Hons)  Criminology","BA","https://www.essex.ac.uk/courses/UG00089/2/BA-Criminology","foundation/ug00089-2-ba-criminology.md","foundation","{
  ""courseName"": ""BA (Hons)  Criminology"",
  ""courseUrlExternal"": ""https://www.essex.ac.uk/courses/UG00089/2/BA-Criminology"",
  ""degreeName"": ""BA"",
  ""level"": """",
  ""studyMode"": """",
  ""award"": """",
  ""intakeInfo"": ""October 2026"",
  ""courseDuration"": ""4 years"",
  ""tuitionFee"": """",
  ""currency"": """",
  ""ieltsMinOverall"": """",
  ""ieltsMinSection"": """"
}","","","","foundation/ug00089-2-ba-criminology.md","","","","","","","",""
"University of Essex","BSc (Hons)  Economics","BSc","https://www.essex.ac.uk/courses/UG00103/4/BSc-Economics","foundation/ug00103-4-bsc-economics.md","foundation","{
  ""courseName"": ""BSc (Hons)  Economics"",
  ""courseUrlExternal"": ""https://www.essex.ac.uk/courses/UG00103/4/BSc-Economics"",
  ""degreeName"": ""BSc"",
  ""level"": """",
  ""studyMode"": """",
  ""award"": """",
  ""intakeInfo"": ""October 2026"",
  ""courseDuration"": ""4 years"",
  ""tuitionFee"": """",
  ""currency"": """",
  ""ieltsMinOverall"": """",
  ""ieltsMinSection"": """"
}","","","","foundation/ug00103-4-bsc-economics.md","","","","","","","",""
"University of Essex","BEng (Hons)  Electronic Engineering","BEng","https://www.essex.ac.uk/courses/UG00117/3/BEng-Electronic-Engineering","foundation/ug00117-3-beng-electronic-engineering.md","foundation","{
  ""courseName"": ""BEng (Hons)  Electronic Engineering"",
  ""courseUrlExternal"": ""https://www.essex.ac.uk/courses/UG00117/3/BEng-Electronic-Engineering"",
  ""degreeName"": ""BEng"",
  ""level"": """",
  ""studyMode"": """",
  ""award"": """",
  ""intakeInfo"": ""October 2026"",
  ""courseDuration"": ""4 years"",
  ""tuitionFee"": """",
  ""currency"": """",
  ""ieltsMinOverall"": """",
  ""ieltsMinSection"": """"
}","","","","foundation/ug00117-3-beng-electronic-engineering.md","","","","","","","",""
"University of Essex","BA (Hons)  English Language and Linguistics","BA","https://www.essex.ac.uk/courses/UG00131/2/BA-English-Language-and-Linguistics","foundation/ug00131-2-ba-english-language-and-linguistics.md","foundation","{
  ""courseName"": ""BA (Hons)  English Language and Linguistics"",
  ""courseUrlExternal"": ""https://www.essex.ac.uk/courses/UG00131/2/BA-English-Language-and-Linguistics"",
  ""degreeName"": ""BA"",
  ""level"": """",
  ""studyMode"": """",
  ""award"": """",
  ""intakeInfo"": ""October 2026"",
  ""courseDuration"": ""4 years"",
  ""tuitionFee"": """",
  ""currency"": """",
  ""ieltsMinOverall"": """",
  ""ieltsMinSection"": """"
}","","","","foundation/ug00131-2-ba-english-language-and-linguistics.md","","","","","","","",""
"University of Essex","BA (Hons)  English Literature","BA","https://www.essex.ac.uk/courses/UG00139/2/BA-English-Literature","foundation/ug00139-2-ba-english-literature.md","foundation","{
  ""courseName"": ""BA (Hons)  English Literature"",
  ""courseUrlExternal"": ""https://www.essex.ac.uk/courses/UG00139/2/BA-English-Literature"",
  ""degreeName"": ""BA"",
  ""level"": """",
  ""studyMode"": """",
  ""award"": """",
  ""intakeInfo"": ""October 2026"",
  ""courseDuration"": ""4 years"",
  ""tuitionFee"": """",
  ""currency"": """",
  ""ieltsMinOverall"": """",
  ""ieltsMinSection"": """"
}","","","","foundation/ug00139-2-ba-english-literature.md","","","","","","","",""
"University of Essex","BA (Hons)  Film Studies","BA","https://www.essex.ac.uk/courses/UG00164/2/BA-Film-Studies","foundation/ug00164-2-ba-film-studies.md","foundation","{
  ""courseName"": ""BA (Hons)  Film Studies"",
  ""courseUrlExternal"": ""https://www.essex.ac.uk/courses/UG00164/2/BA-Film-Studies"",
  ""degreeName"": ""BA"",
  ""level"": """",
  ""studyMode"": """",
  ""award"": """",
  ""intakeInfo"": ""October 2026"",
  ""courseDuration"": ""4 years"",
  ""tuitionFee"": """",
  ""currency"": """",
  ""ieltsMinOverall"": """",
  ""ieltsMinSection"": """"
}","","","","foundation/ug00164-2-ba-film-studies.md","","","","","","","",""
"University of Essex","BA (Hons)  History","BA","https://www.essex.ac.uk/courses/UG00189/2/BA-History","foundation/ug00189-2-ba-history.md","foundation","{
  ""courseName"": ""BA (Hons)  History"",
  ""courseUrlExternal"": ""https://www.essex.ac.uk/courses/UG00189/2/BA-History"",
  ""degreeName"": ""BA"",
  ""level"": """",
  ""studyMode"": """",
  ""award"": """",
  ""intakeInfo"": ""October 2026"",
  ""courseDuration"": ""4 years"",
  ""tuitionFee"": """",
  ""currency"": """",
  ""ieltsMinOverall"": """",
  ""ieltsMinSection"": """"
}","","","","foundation/ug00189-2-ba-history.md","","","","","","","",""
"University of Essex","LLB (Hons)  Law","LLB","https://www.essex.ac.uk/courses/UG00235/2/LLB-Law","foundation/ug00235-2-llb-law.md","foundation","{
  ""courseName"": ""LLB (Hons)  Law"",
  ""courseUrlExternal"": ""https://www.essex.ac.uk/courses/UG00235/2/LLB-Law"",
  ""degreeName"": ""LLB"",
  ""level"": """",
  ""studyMode"": """",
  ""award"": """",
  ""intakeInfo"": ""October 2026"",
  ""courseDuration"": ""4 years"",
  ""tuitionFee"": """",
  ""currency"": """",
  ""ieltsMinOverall"": """",
  ""ieltsMinSection"": """"
}","","","","foundation/ug00235-2-llb-law.md","","","","","","","",""
"University of Essex","BA (Hons)  Liberal Arts","BA","https://www.essex.ac.uk/courses/UG00239/2/BA-Liberal-Arts","foundation/ug00239-2-ba-liberal-arts.md","foundation","{
  ""courseName"": ""BA (Hons)  Liberal Arts"",
  ""courseUrlExternal"": ""https://www.essex.ac.uk/courses/UG00239/2/BA-Liberal-Arts"",
  ""degreeName"": ""BA"",
  ""level"": """",
  ""studyMode"": """",
  ""award"": """",
  ""intakeInfo"": ""October 2026"",
  ""courseDuration"": ""4 years"",
  ""tuitionFee"": """",
  ""currency"": """",
  ""ieltsMinOverall"": """",
  ""ieltsMinSection"": """"
}","","","","foundation/ug00239-2-ba-liberal-arts.md","","","","","","","",""
"University of Essex","BA (Hons)  Linguistics","BA","https://www.essex.ac.uk/courses/UG00241/2/BA-Linguistics","foundation/ug00241-2-ba-linguistics.md","foundation","{
  ""courseName"": ""BA (Hons)  Linguistics"",
  ""courseUrlExternal"": ""https://www.essex.ac.uk/courses/UG00241/2/BA-Linguistics"",
  ""degreeName"": ""BA"",
  ""level"": """",
  ""studyMode"": """",
  ""award"": """",
  ""intakeInfo"": ""October 2026"",
  ""courseDuration"": ""4 years"",
  ""tuitionFee"": """",
  ""currency"": """",
  ""ieltsMinOverall"": """",
  ""ieltsMinSection"": """"
}","","","","foundation/ug00241-2-ba-linguistics.md","","","","","","","",""
"University of Essex","BSc (Hons)  Marketing Management","BSc","https://www.essex.ac.uk/courses/UG00256/2/BSc-Marketing-Management","foundation/ug00256-2-bsc-marketing-management.md","foundation","{
  ""courseName"": ""BSc (Hons)  Marketing Management"",
  ""courseUrlExternal"": ""https://www.essex.ac.uk/courses/UG00256/2/BSc-Marketing-Management"",
  ""degreeName"": ""BSc"",
  ""level"": """",
  ""studyMode"": """",
  ""award"": """",
  ""intakeInfo"": ""October 2026"",
  ""courseDuration"": ""4 years"",
  ""tuitionFee"": """",
  ""currency"": """",
  ""ieltsMinOverall"": """",
  ""ieltsMinSection"": """"
}","","","","foundation/ug00256-2-bsc-marketing-management.md","","","","","","","",""
"University of Essex","BSc (Hons)  Marine Biology","BSc","https://www.essex.ac.uk/courses/UG00263/2/BSc-Marine-Biology","foundation/ug00263-2-bsc-marine-biology.md","foundation","{
  ""courseName"": ""BSc (Hons)  Marine Biology"",
  ""courseUrlExternal"": ""https://www.essex.ac.uk/courses/UG00263/2/BSc-Marine-Biology"",
  ""degreeName"": ""BSc"",
  ""level"": """",
  ""studyMode"": """",
  ""award"": """",
  ""intakeInfo"": ""October 2026"",
  ""courseDuration"": ""4 years"",
  ""tuitionFee"": """",
  ""currency"": """",
  ""ieltsMinOverall"": """",
  ""ieltsMinSection"": """"
}","","","","foundation/ug00263-2-bsc-marine-biology.md","","","","","","","",""
"University of Essex","BSc (Hons)  Mathematics","BSc","https://www.essex.ac.uk/courses/UG00269/2/BSc-Mathematics","foundation/ug00269-2-bsc-mathematics.md","foundation","{
  ""courseName"": ""BSc (Hons)  Mathematics"",
  ""courseUrlExternal"": ""https://www.essex.ac.uk/courses/UG00269/2/BSc-Mathematics"",
  ""degreeName"": ""BSc"",
  ""level"": """",
  ""studyMode"": """",
  ""award"": """",
  ""intakeInfo"": ""October 2026"",
  ""courseDuration"": ""4 years"",
  ""tuitionFee"": """",
  ""currency"": """",
  ""ieltsMinOverall"": """",
  ""ieltsMinSection"": """"
}","","","","foundation/ug00269-2-bsc-mathematics.md","","","","","","","",""
"University of Essex","BA (Hons)  Philosophy","BA","https://www.essex.ac.uk/courses/UG00321/2/BA-Philosophy","foundation/ug00321-2-ba-philosophy.md","foundation","{
  ""courseName"": ""BA (Hons)  Philosophy"",
  ""courseUrlExternal"": ""https://www.essex.ac.uk/courses/UG00321/2/BA-Philosophy"",
  ""degreeName"": ""BA"",
  ""level"": """",
  ""studyMode"": """",
  ""award"": """",
  ""intakeInfo"": ""October 2026"",
  ""courseDuration"": ""4 years"",
  ""tuitionFee"": """",
  ""currency"": """",
  ""ieltsMinOverall"": """",
  ""ieltsMinSection"": """"
}","","","","foundation/ug00321-2-ba-philosophy.md","","","","","","","",""
"University of Essex","BA (Hons)  Politics","BA","https://www.essex.ac.uk/courses/UG00343/2/BA-Politics","foundation/ug00343-2-ba-politics.md","foundation","{
  ""courseName"": ""BA (Hons)  Politics"",
  ""courseUrlExternal"": ""https://www.essex.ac.uk/courses/UG00343/2/BA-Politics"",
  ""degreeName"": ""BA"",
  ""level"": """",
  ""studyMode"": """",
  ""award"": """",
  ""intakeInfo"": ""October 2026"",
  ""courseDuration"": ""4 years"",
  ""tuitionFee"": """",
  ""currency"": """",
  ""ieltsMinOverall"": """",
  ""ieltsMinSection"": """"
}","","","","foundation/ug00343-2-ba-politics.md","","","","","","","",""
"University of Essex","BSc (Hons)  Psychology","BSc","https://www.essex.ac.uk/courses/UG00361/4/BSc-Psychology","foundation/ug00361-4-bsc-psychology.md","foundation","{
  ""courseName"": ""BSc (Hons)  Psychology"",
  ""courseUrlExternal"": ""https://www.essex.ac.uk/courses/UG00361/4/BSc-Psychology"",
  ""degreeName"": ""BSc"",
  ""level"": """",
  ""studyMode"": """",
  ""award"": """",
  ""intakeInfo"": ""October 2026"",
  ""courseDuration"": ""4 years"",
  ""tuitionFee"": """",
  ""currency"": """",
  ""ieltsMinOverall"": """",
  ""ieltsMinSection"": """"
}","","","","foundation/ug00361-4-bsc-psychology.md","","","","","","","",""
"University of Essex","BA (Hons)  Sociology","BA","https://www.essex.ac.uk/courses/UG00378/2/BA-Sociology","foundation/ug00378-2-ba-sociology.md","foundation","{
  ""courseName"": ""BA (Hons)  Sociology"",
  ""courseUrlExternal"": ""https://www.essex.ac.uk/courses/UG00378/2/BA-Sociology"",
  ""degreeName"": ""BA"",
  ""level"": """",
  ""studyMode"": """",
  ""award"": """",
  ""intakeInfo"": ""October 2026"",
  ""courseDuration"": ""4 years"",
  ""tuitionFee"": """",
  ""currency"": """",
  ""ieltsMinOverall"": """",
  ""ieltsMinSection"": """"
}","","","","foundation/ug00378-2-ba-sociology.md","","","","","","","",""
"University of Essex","BSc (Hons)  Sports and Exercise Science","BSc","https://www.essex.ac.uk/courses/UG00399/2/BSc-Sports-and-Exercise-Science","foundation/ug00399-2-bsc-sports-and-exercise-science.md","foundation","{
  ""courseName"": ""BSc (Hons)  Sports and Exercise Science"",
  ""courseUrlExternal"": ""https://www.essex.ac.uk/courses/UG00399/2/BSc-Sports-and-Exercise-Science"",
  ""degreeName"": ""BSc"",
  ""level"": """",
  ""studyMode"": """",
  ""award"": """",
  ""intakeInfo"": ""October 2026"",
  ""courseDuration"": ""4 years"",
  ""tuitionFee"": """",
  ""currency"": """",
  ""ieltsMinOverall"": """",
  ""ieltsMinSection"": """"
}","","","","foundation/ug00399-2-bsc-sports-and-exercise-science.md","","","","","","","",""
"University of Essex","BA (Hons)  Psychosocial and Psychoanalytic Studies","BA","https://www.essex.ac.uk/courses/UG01035/2/BA-Psychosocial-and-Psychoanalytic-Studies","foundation/ug01035-2-ba-psychosocial-and-psychoanalytic-studies.md","foundation","{
  ""courseName"": ""BA (Hons)  Psychosocial and Psychoanalytic Studies"",
  ""courseUrlExternal"": ""https://www.essex.ac.uk/courses/UG01035/2/BA-Psychosocial-and-Psychoanalytic-Studies"",
  ""degreeName"": ""BA"",
  ""level"": """",
  ""studyMode"": """",
  ""award"": """",
  ""intakeInfo"": ""October 2026"",
  ""courseDuration"": ""4 years"",
  ""tuitionFee"": """",
  ""currency"": """",
  ""ieltsMinOverall"": """",
  ""ieltsMinSection"": """"
}","","","","foundation/ug01035-2-ba-psychosocial-and-psychoanalytic-studies.md","","","","","","","",""
"University of Essex","BA (Hons)  Childhood Studies","BA","https://www.essex.ac.uk/courses/UG01121/2/BA-Childhood-Studies","foundation/ug01121-2-ba-childhood-studies.md","foundation","{
  ""courseName"": ""BA (Hons)  Childhood Studies"",
  ""courseUrlExternal"": ""https://www.essex.ac.uk/courses/UG01121/2/BA-Childhood-Studies"",
  ""degreeName"": ""BA"",
  ""level"": """",
  ""studyMode"": """",
  ""award"": """",
  ""intakeInfo"": ""October 2026"",
  ""courseDuration"": ""4 years"",
  ""tuitionFee"": """",
  ""currency"": """",
  ""ieltsMinOverall"": """",
  ""ieltsMinSection"": """"
}","","","","foundation/ug01121-2-ba-childhood-studies.md","","","","","","","",""
"University of Essex","BA (Hons)  Social Sciences","BA","https://www.essex.ac.uk/courses/UG01420/2/BA-Social-Sciences","foundation/ug01420-2-ba-social-sciences.md","foundation","{
  ""courseName"": ""BA (Hons)  Social Sciences"",
  ""courseUrlExternal"": ""https://www.essex.ac.uk/courses/UG01420/2/BA-Social-Sciences"",
  ""degreeName"": ""BA"",
  ""level"": """",
  ""studyMode"": """",
  ""award"": """",
  ""intakeInfo"": ""October 2026"",
  ""courseDuration"": ""4 years"",
  ""tuitionFee"": """",
  ""currency"": """",
  ""ieltsMinOverall"": """",
  ""ieltsMinSection"": """"
}","","","","foundation/ug01420-2-ba-social-sciences.md","","","","","","","",""
"University of Essex","BSc (Hons)  Sport Coaching","BSc","https://www.essex.ac.uk/courses/UG01663/2/BSc-Sport-Coaching","foundation/ug01663-2-bsc-sport-coaching.md","foundation","{
  ""courseName"": ""BSc (Hons)  Sport Coaching"",
  ""courseUrlExternal"": ""https://www.essex.ac.uk/courses/UG01663/2/BSc-Sport-Coaching"",
  ""degreeName"": ""BSc"",
  ""level"": """",
  ""studyMode"": """",
  ""award"": """",
  ""intakeInfo"": ""October 2026"",
  ""courseDuration"": ""4 years"",
  ""tuitionFee"": """",
  ""currency"": """",
  ""ieltsMinOverall"": """",
  ""ieltsMinSection"": """"
}","","","","foundation/ug01663-2-bsc-sport-coaching.md","","","","","","","",""
"University of Essex","BSc (Hons)  Cyber Security","BSc","https://www.essex.ac.uk/courses/UG01677/2/BSc-Cyber-Security","foundation/ug01677-2-bsc-cyber-security.md","foundation","{
  ""courseName"": ""BSc (Hons)  Cyber Security"",
  ""courseUrlExternal"": ""https://www.essex.ac.uk/courses/UG01677/2/BSc-Cyber-Security"",
  ""degreeName"": ""BSc"",
  ""level"": """",
  ""studyMode"": """",
  ""award"": """",
  ""intakeInfo"": ""October 2027"",
  ""courseDuration"": ""4 years"",
  ""tuitionFee"": """",
  ""currency"": """",
  ""ieltsMinOverall"": """",
  ""ieltsMinSection"": """"
}","","","","foundation/ug01677-2-bsc-cyber-security.md","","","","","","","",""
"University of Essex","MFA Acting","MFA","https://www.essex.ac.uk/courses/PG00147/2/MFA-Acting-International","postgraduate/pg00147-2-mfa-acting-international.md","postgraduate","{
  ""courseName"": ""MFA Acting"",
  ""courseUrlExternal"": ""https://www.essex.ac.uk/courses/PG00147/2/MFA-Acting-International"",
  ""degreeName"": ""MFA"",
  ""level"": """",
  ""studyMode"": """",
  ""award"": """",
  ""intakeInfo"": ""October 2026"",
  ""courseDuration"": ""1 year 8 months"",
  ""tuitionFee"": """",
  ""currency"": """",
  ""ieltsMinOverall"": """",
  ""ieltsMinSection"": """"
}","","","","postgraduate/pg00147-2-mfa-acting-international.md","","","","","","","",""
"University of Essex","MRes Health and Care Research","MRes","https://www.essex.ac.uk/courses/PG00366/2/MRes-Health-and-Care-Research","postgraduate/pg00366-2-mres-health-and-care-research.md","postgraduate","{
  ""courseName"": ""MRes Health and Care Research"",
  ""courseUrlExternal"": ""https://www.essex.ac.uk/courses/PG00366/2/MRes-Health-and-Care-Research"",
  ""degreeName"": ""MRes"",
  ""level"": """",
  ""studyMode"": """",
  ""award"": """",
  ""intakeInfo"": ""October 2026"",
  ""courseDuration"": ""1 year"",
  ""tuitionFee"": """",
  ""currency"": """",
  ""ieltsMinOverall"": """",
  ""ieltsMinSection"": """"
}","","","","postgraduate/pg00366-2-mres-health-and-care-research.md","","","","","","","",""
"University of Essex","MSc Mathematics","MSc","https://www.essex.ac.uk/courses/PG00368/2/MSc-Mathematics","postgraduate/pg00368-2-msc-mathematics.md","postgraduate","{
  ""courseName"": ""MSc Mathematics"",
  ""courseUrlExternal"": ""https://www.essex.ac.uk/courses/PG00368/2/MSc-Mathematics"",
  ""degreeName"": ""MSc"",
  ""level"": """",
  ""studyMode"": """",
  ""award"": """",
  ""intakeInfo"": ""October 2026"",
  ""courseDuration"": ""1 year"",
  ""tuitionFee"": """",
  ""currency"": """",
  ""ieltsMinOverall"": """",
  ""ieltsMinSection"": """"
}","","","","postgraduate/pg00368-2-msc-mathematics.md","","","","","","","",""
"University of Essex","MSc Professional Accounting","MSc","https://www.essex.ac.uk/courses/PG00425/1/MSc-Accounting","postgraduate/pg00425-1-msc-accounting.md","postgraduate","{
  ""courseName"": ""MSc Professional Accounting"",
  ""courseUrlExternal"": ""https://www.essex.ac.uk/courses/PG00425/1/MSc-Accounting"",
  ""degreeName"": ""MSc"",
  ""level"": """",
  ""studyMode"": """",
  ""award"": """",
  ""intakeInfo"": ""October 2026"",
  ""courseDuration"": ""1 year"",
  ""tuitionFee"": """",
  ""currency"": """",
  ""ieltsMinOverall"": """",
  ""ieltsMinSection"": """"
}","","","","postgraduate/pg00425-1-msc-accounting.md","","","","","","","",""
"University of Essex","MRes Accounting","MRes","https://www.essex.ac.uk/courses/PG00425/4/MRes-Accounting","postgraduate/pg00425-4-mres-accounting.md","postgraduate","{
  ""courseName"": ""MRes Accounting"",
  ""courseUrlExternal"": ""https://www.essex.ac.uk/courses/PG00425/4/MRes-Accounting"",
  ""degreeName"": ""MRes"",
  ""level"": """",
  ""studyMode"": """",
  ""award"": """",
  ""intakeInfo"": ""October 2026"",
  ""courseDuration"": ""1 year"",
  ""tuitionFee"": """",
  ""currency"": """",
  ""ieltsMinOverall"": """",
  ""ieltsMinSection"": """"
}","","","","postgraduate/pg00425-4-mres-accounting.md","","","","","","","",""
"University of Essex","MSc Accounting and Finance","MSc","https://www.essex.ac.uk/courses/PG00426/1/MSc-Accounting-and-Finance","postgraduate/pg00426-1-msc-accounting-and-finance.md","postgraduate","{
  ""courseName"": ""MSc Accounting and Finance"",
  ""courseUrlExternal"": ""https://www.essex.ac.uk/courses/PG00426/1/MSc-Accounting-and-Finance"",
  ""degreeName"": ""MSc"",
  ""level"": """",
  ""studyMode"": """",
  ""award"": """",
  ""intakeInfo"": ""October 2026"",
  ""courseDuration"": ""1 year"",
  ""tuitionFee"": """",
  ""currency"": """",
  ""ieltsMinOverall"": """",
  ""ieltsMinSection"": """"
}","","","","postgraduate/pg00426-1-msc-accounting-and-finance.md","","","","","","","",""
"University of Essex","MSc Financial Economics and Accounting","MSc","https://www.essex.ac.uk/courses/PG00427/1/MSc-Financial-Economics-and-Accounting","postgraduate/pg00427-1-msc-financial-economics-and-accounting.md","postgraduate","{
  ""courseName"": ""MSc Financial Economics and Accounting"",
  ""courseUrlExternal"": ""https://www.essex.ac.uk/courses/PG00427/1/MSc-Financial-Economics-and-Accounting"",
  ""degreeName"": ""MSc"",
  ""level"": """",
  ""studyMode"": """",
  ""award"": """",
  ""intakeInfo"": ""October 2026"",
  ""courseDuration"": ""1 year"",
  ""tuitionFee"": """",
  ""currency"": """",
  ""ieltsMinOverall"": """",
  ""ieltsMinSection"": """"
}","","","","postgraduate/pg00427-1-msc-financial-economics-and-accounting.md","","","","","","","",""
"University of Essex","MSc Accounting and Financial Management","MSc","https://www.essex.ac.uk/courses/PG00428/1/MSc-Accounting-and-Financial-Management","postgraduate/pg00428-1-msc-accounting-and-financial-management.md","postgraduate","{
  ""courseName"": ""MSc Accounting and Financial Management"",
  ""courseUrlExternal"": ""https://www.essex.ac.uk/courses/PG00428/1/MSc-Accounting-and-Financial-Management"",
  ""degreeName"": ""MSc"",
  ""level"": """",
  ""studyMode"": """",
  ""award"": """",
  ""intakeInfo"": ""October 2026"",
  ""courseDuration"": ""1 year"",
  ""tuitionFee"": """",
  ""currency"": """",
  ""ieltsMinOverall"": """",
  ""ieltsMinSection"": """"
}","","","","postgraduate/pg00428-1-msc-accounting-and-financial-management.md","","","","","","","",""
"University of Essex","MRes Management Research","MRes","https://www.essex.ac.uk/courses/PG00430/1/MRes-Management-Research","postgraduate/pg00430-1-mres-management-research.md","postgraduate","{
  ""courseName"": ""MRes Management Research"",
  ""courseUrlExternal"": ""https://www.essex.ac.uk/courses/PG00430/1/MRes-Management-Research"",
  ""degreeName"": ""MRes"",
  ""level"": """",
  ""studyMode"": """",
  ""award"": """",
  ""intakeInfo"": ""October 2026"",
  ""courseDuration"": ""1 year"",
  ""tuitionFee"": """",
  ""currency"": """",
  ""ieltsMinOverall"": """",
  ""ieltsMinSection"": """"
}","","","","postgraduate/pg00430-1-mres-management-research.md","","","","","","","",""
"University of Essex","MA Acting","MA","https://www.essex.ac.uk/courses/PG00431/1/MA-Acting","postgraduate/pg00431-1-ma-acting.md","postgraduate","{
  ""courseName"": ""MA Acting"",
  ""courseUrlExternal"": ""https://www.essex.ac.uk/courses/PG00431/1/MA-Acting"",
  ""degreeName"": ""MA"",
  ""level"": """",
  ""studyMode"": """",
  ""award"": """",
  ""intakeInfo"": ""October 2026"",
  ""courseDuration"": ""1 year"",
  ""tuitionFee"": """",
  ""currency"": """",
  ""ieltsMinOverall"": """",
  ""ieltsMinSection"": """"
}","","","","postgraduate/pg00431-1-ma-acting.md","","","","","","","",""
"University of Essex","MSc Advanced Computer Science","MSc","https://www.essex.ac.uk/courses/PG00435/1/MSc-Advanced-Computer-Science","postgraduate/pg00435-1-msc-advanced-computer-science.md","postgraduate","{
  ""courseName"": ""MSc Advanced Computer Science"",
  ""courseUrlExternal"": ""https://www.essex.ac.uk/courses/PG00435/1/MSc-Advanced-Computer-Science"",
  ""degreeName"": ""MSc"",
  ""level"": """",
  ""studyMode"": """",
  ""award"": """",
  ""intakeInfo"": ""October 2026"",
  ""courseDuration"": ""1 year"",
  ""tuitionFee"": """",
  ""currency"": """",
  ""ieltsMinOverall"": """",
  ""ieltsMinSection"": """"
}","","","","postgraduate/pg00435-1-msc-advanced-computer-science.md","","","","","","","",""
"University of Essex","MA Advertising, Marketing and the Media","MA","https://www.essex.ac.uk/courses/PG00441/1/MA-Advertising-Marketing-and-the-Media","postgraduate/pg00441-1-ma-advertising-marketing-and-the-media.md","postgraduate","{
  ""courseName"": ""MA Advertising, Marketing and the Media"",
  ""courseUrlExternal"": ""https://www.essex.ac.uk/courses/PG00441/1/MA-Advertising-Marketing-and-the-Media"",
  ""degreeName"": ""MA"",
  ""level"": """",
  ""studyMode"": """",
  ""award"": """",
  ""intakeInfo"": ""October 2026"",
  ""courseDuration"": ""1 year"",
  ""tuitionFee"": """",
  ""currency"": """",
  ""ieltsMinOverall"": """",
  ""ieltsMinSection"": """"
}","","","","postgraduate/pg00441-1-ma-advertising-marketing-and-the-media.md","","","","","","","",""
"University of Essex","MA Applied Linguistics","MA","https://www.essex.ac.uk/courses/PG00448/1/MA-Applied-Linguistics","postgraduate/pg00448-1-ma-applied-linguistics.md","postgraduate","{
  ""courseName"": ""MA Applied Linguistics"",
  ""courseUrlExternal"": ""https://www.essex.ac.uk/courses/PG00448/1/MA-Applied-Linguistics"",
  ""degreeName"": ""MA"",
  ""level"": """",
  ""studyMode"": """",
  ""award"": """",
  ""intakeInfo"": ""October 2026"",
  ""courseDuration"": ""1 year"",
  ""tuitionFee"": """",
  ""currency"": """",
  ""ieltsMinOverall"": """",
  ""ieltsMinSection"": """"
}","","","","postgraduate/pg00448-1-ma-applied-linguistics.md","","","","","","","",""
"University of Essex","MA Art History and Theory","MA","https://www.essex.ac.uk/courses/PG00456/1/MA-Art-History-and-Theory","postgraduate/pg00456-1-ma-art-history-and-theory.md","postgraduate","{
  ""courseName"": ""MA Art History and Theory"",
  ""courseUrlExternal"": ""https://www.essex.ac.uk/courses/PG00456/1/MA-Art-History-and-Theory"",
  ""degreeName"": ""MA"",
  ""level"": """",
  ""studyMode"": """",
  ""award"": """",
  ""intakeInfo"": ""October 2026"",
  ""courseDuration"": ""1 year"",
  ""tuitionFee"": """",
  ""currency"": """",
  ""ieltsMinOverall"": """",
  ""ieltsMinSection"": """"
}","","","","postgraduate/pg00456-1-ma-art-history-and-theory.md","","","","","","","",""
"University of Essex","Graduate Diploma Art History and Theory","","https://www.essex.ac.uk/courses/PG00456/2/Graduate-Diploma-Art-History-and-Theory","postgraduate/pg00456-2-graduate-diploma-art-history-and-theory.md","postgraduate","{
  ""courseName"": ""Graduate Diploma Art History and Theory"",
  ""courseUrlExternal"": ""https://www.essex.ac.uk/courses/PG00456/2/Graduate-Diploma-Art-History-and-Theory"",
  ""degreeName"": """",
  ""level"": """",
  ""studyMode"": """",
  ""award"": """",
  ""intakeInfo"": ""October 2026"",
  ""courseDuration"": ""9 months"",
  ""tuitionFee"": """",
  ""currency"": """",
  ""ieltsMinOverall"": """",
  ""ieltsMinSection"": """"
}","","","","postgraduate/pg00456-2-graduate-diploma-art-history-and-theory.md","","","","","","","",""
"University of Essex","MSc Artificial Intelligence","MSc","https://www.essex.ac.uk/courses/PG00457/1/MSc-Artificial-Intelligence","postgraduate/pg00457-1-msc-artificial-intelligence.md","postgraduate","{
  ""courseName"": ""MSc Artificial Intelligence"",
  ""courseUrlExternal"": ""https://www.essex.ac.uk/courses/PG00457/1/MSc-Artificial-Intelligence"",
  ""degreeName"": ""MSc"",
  ""level"": """",
  ""studyMode"": """",
  ""award"": """",
  ""intakeInfo"": ""October 2026"",
  ""courseDuration"": ""1 year"",
  ""tuitionFee"": """",
  ""currency"": """",
  ""ieltsMinOverall"": """",
  ""ieltsMinSection"": """"
}","","","","postgraduate/pg00457-1-msc-artificial-intelligence.md","","","","","","","",""
"University of Essex","MSc Corporate and Investment Banking","MSc","https://www.essex.ac.uk/courses/PG00461/1/MSc-Corporate-and-Investment-Banking","postgraduate/pg00461-1-msc-corporate-and-investment-banking.md","postgraduate","{
  ""courseName"": ""MSc Corporate and Investment Banking"",
  ""courseUrlExternal"": ""https://www.essex.ac.uk/courses/PG00461/1/MSc-Corporate-and-Investment-Banking"",
  ""degreeName"": ""MSc"",
  ""level"": """",
  ""studyMode"": """",
  ""award"": """",
  ""intakeInfo"": ""October 2026"",
  ""courseDuration"": ""1 year"",
  ""tuitionFee"": """",
  ""currency"": """",
  ""ieltsMinOverall"": """",
  ""ieltsMinSection"": """"
}","","","","postgraduate/pg00461-1-msc-corporate-and-investment-banking.md","","","","","","","",""
"University of Essex","MSc Behavioural and Experimental Economics","MSc","https://www.essex.ac.uk/courses/PG00462/1/MSc-Behavioural-and-Experimental-Economics","postgraduate/pg00462-1-msc-behavioural-and-experimental-economics.md","postgraduate","{
  ""courseName"": ""MSc Behavioural and Experimental Economics"",
  ""courseUrlExternal"": ""https://www.essex.ac.uk/courses/PG00462/1/MSc-Behavioural-and-Experimental-Economics"",
  ""degreeName"": ""MSc"",
  ""level"": """",
  ""studyMode"": """",
  ""award"": """",
  ""intakeInfo"": ""October 2026"",
  ""courseDuration"": ""1 year"",
  ""tuitionFee"": """",
  ""currency"": """",
  ""ieltsMinOverall"": """",
  ""ieltsMinSection"": """"
}","","","","postgraduate/pg00462-1-msc-behavioural-and-experimental-economics.md","","","","","","","",""
"University of Essex","MSc Biotechnology","MSc","https://www.essex.ac.uk/courses/PG00469/1/MSc-Biotechnology","postgraduate/pg00469-1-msc-biotechnology.md","postgraduate","{
  ""courseName"": ""MSc Biotechnology"",
  ""courseUrlExternal"": ""https://www.essex.ac.uk/courses/PG00469/1/MSc-Biotechnology"",
  ""degreeName"": ""MSc"",
  ""level"": """",
  ""studyMode"": """",
  ""award"": """",
  ""intakeInfo"": ""October 2026"",
  ""courseDuration"": ""1 year"",
  ""tuitionFee"": """",
  ""currency"": """",
  ""ieltsMinOverall"": """",
  ""ieltsMinSection"": """"
}","","","","postgraduate/pg00469-1-msc-biotechnology.md","","","","","","","",""
"University of Essex","Master of Business Administration: The Essex MBA","MBA","https://www.essex.ac.uk/courses/PG00472/5/Master-of-Business-Administration-The-Essex-MBA","postgraduate/pg00472-5-master-of-business-administration-the-essex-mba.md","postgraduate","{
  ""courseName"": ""Master of Business Administration: The Essex MBA"",
  ""courseUrlExternal"": ""https://www.essex.ac.uk/courses/PG00472/5/Master-of-Business-Administration-The-Essex-MBA"",
  ""degreeName"": ""MBA"",
  ""level"": """",
  ""studyMode"": """",
  ""award"": """",
  ""intakeInfo"": ""October 2026"",
  ""courseDuration"": ""3 - 5 years"",
  ""tuitionFee"": """",
  ""currency"": """",
  ""ieltsMinOverall"": """",
  ""ieltsMinSection"": """"
}","","","","postgraduate/pg00472-5-master-of-business-administration-the-essex-mba.md","","","","","","","",""
"University of Essex","MSc Computer Engineering","MSc","https://www.essex.ac.uk/courses/PG00500/1/MSc-Computer-Engineering","postgraduate/pg00500-1-msc-computer-engineering.md","postgraduate","{
  ""courseName"": ""MSc Computer Engineering"",
  ""courseUrlExternal"": ""https://www.essex.ac.uk/courses/PG00500/1/MSc-Computer-Engineering"",
  ""degreeName"": ""MSc"",
  ""level"": """",
  ""studyMode"": """",
  ""award"": """",
  ""intakeInfo"": ""October 2026"",
  ""courseDuration"": ""1 year"",
  ""tuitionFee"": """",
  ""currency"": """",
  ""ieltsMinOverall"": """",
  ""ieltsMinSection"": """"
}","","","","postgraduate/pg00500-1-msc-computer-engineering.md","","","","","","","",""
"University of Essex","MSc Computer Networks and Security","MSc","https://www.essex.ac.uk/courses/PG00502/1/MSc-Computer-Networks-and-Security","postgraduate/pg00502-1-msc-computer-networks-and-security.md","postgraduate","{
  ""courseName"": ""MSc Computer Networks and Security"",
  ""courseUrlExternal"": ""https://www.essex.ac.uk/courses/PG00502/1/MSc-Computer-Networks-and-Security"",
  ""degreeName"": ""MSc"",
  ""level"": """",
  ""studyMode"": """",
  ""award"": """",
  ""intakeInfo"": ""October 2026"",
  ""courseDuration"": ""1 year"",
  ""tuitionFee"": """",
  ""currency"": """",
  ""ieltsMinOverall"": """",
  ""ieltsMinSection"": """"
}","","","","postgraduate/pg00502-1-msc-computer-networks-and-security.md","","","","","","","",""
"University of Essex","MA Conflict Resolution","MA","https://www.essex.ac.uk/courses/PG00508/1/MA-Conflict-Resolution","postgraduate/pg00508-1-ma-conflict-resolution.md","postgraduate","{
  ""courseName"": ""MA Conflict Resolution"",
  ""courseUrlExternal"": ""https://www.essex.ac.uk/courses/PG00508/1/MA-Conflict-Resolution"",
  ""degreeName"": ""MA"",
  ""level"": """",
  ""studyMode"": """",
  ""award"": """",
  ""intakeInfo"": ""October 2026"",
  ""courseDuration"": ""1 year"",
  ""tuitionFee"": """",
  ""currency"": """",
  ""ieltsMinOverall"": """",
  ""ieltsMinSection"": """"
}","","","","postgraduate/pg00508-1-ma-conflict-resolution.md","","","","","","","",""
"University of Essex","MSc Conflict Resolution","MSc","https://www.essex.ac.uk/courses/PG00508/2/MSc-Conflict-Resolution","postgraduate/pg00508-2-msc-conflict-resolution.md","postgraduate","{
  ""courseName"": ""MSc Conflict Resolution"",
  ""courseUrlExternal"": ""https://www.essex.ac.uk/courses/PG00508/2/MSc-Conflict-Resolution"",
  ""degreeName"": ""MSc"",
  ""level"": """",
  ""studyMode"": """",
  ""award"": """",
  ""intakeInfo"": ""October 2026"",
  ""courseDuration"": ""1 year"",
  ""tuitionFee"": """",
  ""currency"": """",
  ""ieltsMinOverall"": """",
  ""ieltsMinSection"": """"
}","","","","postgraduate/pg00508-2-msc-conflict-resolution.md","","","","","","","",""
"University of Essex","MA Creative Writing","MA","https://www.essex.ac.uk/courses/PG00519/1/MA-Creative-Writing","postgraduate/pg00519-1-ma-creative-writing.md","postgraduate","{
  ""courseName"": ""MA Creative Writing"",
  ""courseUrlExternal"": ""https://www.essex.ac.uk/courses/PG00519/1/MA-Creative-Writing"",
  ""degreeName"": ""MA"",
  ""level"": """",
  ""studyMode"": """",
  ""award"": """",
  ""intakeInfo"": ""October 2026"",
  ""courseDuration"": ""1 year"",
  ""tuitionFee"": """",
  ""currency"": """",
  ""ieltsMinOverall"": """",
  ""ieltsMinSection"": """"
}","","","","postgraduate/pg00519-1-ma-creative-writing.md","","","","","","","",""
"University of Essex","MA Criminology","MA","https://www.essex.ac.uk/courses/PG00521/1/MA-Criminology","postgraduate/pg00521-1-ma-criminology.md","postgraduate","{
  ""courseName"": ""MA Criminology"",
  ""courseUrlExternal"": ""https://www.essex.ac.uk/courses/PG00521/1/MA-Criminology"",
  ""degreeName"": ""MA"",
  ""level"": """",
  ""studyMode"": """",
  ""award"": """",
  ""intakeInfo"": ""October 2026"",
  ""courseDuration"": ""1 year"",
  ""tuitionFee"": """",
  ""currency"": """",
  ""ieltsMinOverall"": """",
  ""ieltsMinSection"": """"
}","","","","postgraduate/pg00521-1-ma-criminology.md","","","","","","","",""
"University of Essex","MSc Economics","MSc","https://www.essex.ac.uk/courses/PG00542/1/MSc-Economics","postgraduate/pg00542-1-msc-economics.md","postgraduate","{
  ""courseName"": ""MSc Economics"",
  ""courseUrlExternal"": ""https://www.essex.ac.uk/courses/PG00542/1/MSc-Economics"",
  ""degreeName"": ""MSc"",
  ""level"": """",
  ""studyMode"": """",
  ""award"": """",
  ""intakeInfo"": ""October 2026"",
  ""courseDuration"": ""1 year"",
  ""tuitionFee"": """",
  ""currency"": """",
  ""ieltsMinOverall"": """",
  ""ieltsMinSection"": """"
}","","","","postgraduate/pg00542-1-msc-economics.md","","","","","","","",""
"University of Essex","MRes Economics","MRes","https://www.essex.ac.uk/courses/PG00542/2/MRes-Economics","postgraduate/pg00542-2-mres-economics.md","postgraduate","{
  ""courseName"": ""MRes Economics"",
  ""courseUrlExternal"": ""https://www.essex.ac.uk/courses/PG00542/2/MRes-Economics"",
  ""degreeName"": ""MRes"",
  ""level"": """",
  ""studyMode"": """",
  ""award"": """",
  ""intakeInfo"": ""October 2026"",
  ""courseDuration"": ""1 year"",
  ""tuitionFee"": """",
  ""currency"": """",
  ""ieltsMinOverall"": """",
  ""ieltsMinSection"": """"
}","","","","postgraduate/pg00542-2-mres-economics.md","","","","","","","",""
"University of Essex","MA Economics","MA","https://www.essex.ac.uk/courses/PG00542/7/MA-Economics","postgraduate/pg00542-7-ma-economics.md","postgraduate","{
  ""courseName"": ""MA Economics"",
  ""courseUrlExternal"": ""https://www.essex.ac.uk/courses/PG00542/7/MA-Economics"",
  ""degreeName"": ""MA"",
  ""level"": """",
  ""studyMode"": """",
  ""award"": """",
  ""intakeInfo"": ""October 2026"",
  ""courseDuration"": ""1 year"",
  ""tuitionFee"": """",
  ""currency"": """",
  ""ieltsMinOverall"": """",
  ""ieltsMinSection"": """"
}","","","","postgraduate/pg00542-7-ma-economics.md","","","","","","","",""
"University of Essex","MSc Electronic Engineering","MSc","https://www.essex.ac.uk/courses/PG00546/1/MSc-Electronic-Engineering","postgraduate/pg00546-1-msc-electronic-engineering.md","postgraduate","{
  ""courseName"": ""MSc Electronic Engineering"",
  ""courseUrlExternal"": ""https://www.essex.ac.uk/courses/PG00546/1/MSc-Electronic-Engineering"",
  ""degreeName"": ""MSc"",
  ""level"": """",
  ""studyMode"": """",
  ""award"": """",
  ""intakeInfo"": ""October 2026"",
  ""courseDuration"": ""1 year"",
  ""tuitionFee"": """",
  ""currency"": """",
  ""ieltsMinOverall"": """",
  ""ieltsMinSection"": """"
}","","","","postgraduate/pg00546-1-msc-electronic-engineering.md","","","","","","","",""
"University of Essex","MA English Language and Linguistics","MA","https://www.essex.ac.uk/courses/PG00555/1/MA-English-Language-and-Linguistics","postgraduate/pg00555-1-ma-english-language-and-linguistics.md","postgraduate","{
  ""courseName"": ""MA English Language and Linguistics"",
  ""courseUrlExternal"": ""https://www.essex.ac.uk/courses/PG00555/1/MA-English-Language-and-Linguistics"",
  ""degreeName"": ""MA"",
  ""level"": """",
  ""studyMode"": """",
  ""award"": """",
  ""intakeInfo"": ""October 2026"",
  ""courseDuration"": ""1 year"",
  ""tuitionFee"": """",
  ""currency"": """",
  ""ieltsMinOverall"": """",
  ""ieltsMinSection"": """"
}","","","","postgraduate/pg00555-1-ma-english-language-and-linguistics.md","","","","","","","",""
"University of Essex","MSc Entrepreneurship and Innovation","MSc","https://www.essex.ac.uk/courses/PG00558/1/MSc-Entrepreneurship-and-Innovation","postgraduate/pg00558-1-msc-entrepreneurship-and-innovation.md","postgraduate","{
  ""courseName"": ""MSc Entrepreneurship and Innovation"",
  ""courseUrlExternal"": ""https://www.essex.ac.uk/courses/PG00558/1/MSc-Entrepreneurship-and-Innovation"",
  ""degreeName"": ""MSc"",
  ""level"": """",
  ""studyMode"": """",
  ""award"": """",
  ""intakeInfo"": ""October 2026"",
  ""courseDuration"": ""1 year"",
  ""tuitionFee"": """",
  ""currency"": """",
  ""ieltsMinOverall"": """",
  ""ieltsMinSection"": """"
}","","","","postgraduate/pg00558-1-msc-entrepreneurship-and-innovation.md","","","","","","","",""
"University of Essex","MA Film and Literature","MA","https://www.essex.ac.uk/courses/PG00576/1/MA-Film-and-Literature","postgraduate/pg00576-1-ma-film-and-literature.md","postgraduate","{
  ""courseName"": ""MA Film and Literature"",
  ""courseUrlExternal"": ""https://www.essex.ac.uk/courses/PG00576/1/MA-Film-and-Literature"",
  ""degreeName"": ""MA"",
  ""level"": """",
  ""studyMode"": """",
  ""award"": """",
  ""intakeInfo"": ""October 2026"",
  ""courseDuration"": ""1 year"",
  ""tuitionFee"": """",
  ""currency"": """",
  ""ieltsMinOverall"": """",
  ""ieltsMinSection"": """"
}","","","","postgraduate/pg00576-1-ma-film-and-literature.md","","","","","","","",""
"University of Essex","MA Film Studies","MA","https://www.essex.ac.uk/courses/PG00577/1/MA-Film-Studies","postgraduate/pg00577-1-ma-film-studies.md","postgraduate","{
  ""courseName"": ""MA Film Studies"",
  ""courseUrlExternal"": ""https://www.essex.ac.uk/courses/PG00577/1/MA-Film-Studies"",
  ""degreeName"": ""MA"",
  ""level"": """",
  ""studyMode"": """",
  ""award"": """",
  ""intakeInfo"": ""October 2026"",
  ""courseDuration"": ""1 year"",
  ""tuitionFee"": """",
  ""currency"": """",
  ""ieltsMinOverall"": """",
  ""ieltsMinSection"": """"
}","","","","postgraduate/pg00577-1-ma-film-studies.md","","","","","","","",""
"University of Essex","MSc Finance","MSc","https://www.essex.ac.uk/courses/PG00579/1/MSc-Finance","postgraduate/pg00579-1-msc-finance.md","postgraduate","{
  ""courseName"": ""MSc Finance"",
  ""courseUrlExternal"": ""https://www.essex.ac.uk/courses/PG00579/1/MSc-Finance"",
  ""degreeName"": ""MSc"",
  ""level"": """",
  ""studyMode"": """",
  ""award"": """",
  ""intakeInfo"": ""October 2026"",
  ""courseDuration"": ""1 year"",
  ""tuitionFee"": """",
  ""currency"": """",
  ""ieltsMinOverall"": """",
  ""ieltsMinSection"": """"
}","","","","postgraduate/pg00579-1-msc-finance.md","","","","","","","",""
"University of Essex","MRes Finance","MRes","https://www.essex.ac.uk/courses/PG00579/2/MRes-Finance","postgraduate/pg00579-2-mres-finance.md","postgraduate","{
  ""courseName"": ""MRes Finance"",
  ""courseUrlExternal"": ""https://www.essex.ac.uk/courses/PG00579/2/MRes-Finance"",
  ""degreeName"": ""MRes"",
  ""level"": """",
  ""studyMode"": """",
  ""award"": """",
  ""intakeInfo"": ""October 2026"",
  ""courseDuration"": ""1 year"",
  ""tuitionFee"": """",
  ""currency"": """",
  ""ieltsMinOverall"": """",
  ""ieltsMinSection"": """"
}","","","","postgraduate/pg00579-2-mres-finance.md","","","","","","","",""
"University of Essex","MSc Investment and Wealth Management","MSc","https://www.essex.ac.uk/courses/PG00580/1/MSc-Investment-and-Wealth-Management","postgraduate/pg00580-1-msc-investment-and-wealth-management.md","postgraduate","{
  ""courseName"": ""MSc Investment and Wealth Management"",
  ""courseUrlExternal"": ""https://www.essex.ac.uk/courses/PG00580/1/MSc-Investment-and-Wealth-Management"",
  ""degreeName"": ""MSc"",
  ""level"": """",
  ""studyMode"": """",
  ""award"": """",
  ""intakeInfo"": ""October 2026"",
  ""courseDuration"": ""1 year"",
  ""tuitionFee"": """",
  ""currency"": """",
  ""ieltsMinOverall"": """",
  ""ieltsMinSection"": """"
}","","","","postgraduate/pg00580-1-msc-investment-and-wealth-management.md","","","","","","","",""
"University of Essex","MSc Finance and Management","MSc","https://www.essex.ac.uk/courses/PG00581/1/MSc-Finance-and-Management","postgraduate/pg00581-1-msc-finance-and-management.md","postgraduate","{
  ""courseName"": ""MSc Finance and Management"",
  ""courseUrlExternal"": ""https://www.essex.ac.uk/courses/PG00581/1/MSc-Finance-and-Management"",
  ""degreeName"": ""MSc"",
  ""level"": """",
  ""studyMode"": """",
  ""award"": """",
  ""intakeInfo"": ""October 2026"",
  ""courseDuration"": ""1 year"",
  ""tuitionFee"": """",
  ""currency"": """",
  ""ieltsMinOverall"": """",
  ""ieltsMinSection"": """"
}","","","","postgraduate/pg00581-1-msc-finance-and-management.md","","","","","","","",""
"University of Essex","MSc Financial Economics","MSc","https://www.essex.ac.uk/courses/PG00586/1/MSc-Financial-Economics","postgraduate/pg00586-1-msc-financial-economics.md","postgraduate","{
  ""courseName"": ""MSc Financial Economics"",
  ""courseUrlExternal"": ""https://www.essex.ac.uk/courses/PG00586/1/MSc-Financial-Economics"",
  ""degreeName"": ""MSc"",
  ""level"": """",
  ""studyMode"": """",
  ""award"": """",
  ""intakeInfo"": ""October 2026"",
  ""courseDuration"": ""1 year"",
  ""tuitionFee"": """",
  ""currency"": """",
  ""ieltsMinOverall"": """",
  ""ieltsMinSection"": """"
}","","","","postgraduate/pg00586-1-msc-financial-economics.md","","","","","","","",""
"University of Essex","MA Financial Economics","MA","https://www.essex.ac.uk/courses/PG00586/2/MA-Financial-Economics","postgraduate/pg00586-2-ma-financial-economics.md","postgraduate","{
  ""courseName"": ""MA Financial Economics"",
  ""courseUrlExternal"": ""https://www.essex.ac.uk/courses/PG00586/2/MA-Financial-Economics"",
  ""degreeName"": ""MA"",
  ""level"": """",
  ""studyMode"": """",
  ""award"": """",
  ""intakeInfo"": ""October 2026"",
  ""courseDuration"": ""1 year"",
  ""tuitionFee"": """",
  ""currency"": """",
  ""ieltsMinOverall"": """",
  ""ieltsMinSection"": """"
}","","","","postgraduate/pg00586-2-ma-financial-economics.md","","","","","","","",""
"University of Essex","MSc Financial Engineering and Risk Management","MSc","https://www.essex.ac.uk/courses/PG00588/1/MSc-Financial-Engineering-and-Risk-Management","postgraduate/pg00588-1-msc-financial-engineering-and-risk-management.md","postgraduate","{
  ""courseName"": ""MSc Financial Engineering and Risk Management"",
  ""courseUrlExternal"": ""https://www.essex.ac.uk/courses/PG00588/1/MSc-Financial-Engineering-and-Risk-Management"",
  ""degreeName"": ""MSc"",
  ""level"": """",
  ""studyMode"": """",
  ""award"": """",
  ""intakeInfo"": ""October 2026"",
  ""courseDuration"": ""1 year"",
  ""tuitionFee"": """",
  ""currency"": """",
  ""ieltsMinOverall"": """",
  ""ieltsMinSection"": """"
}","","","","postgraduate/pg00588-1-msc-financial-engineering-and-risk-management.md","","","","","","","",""
"University of Essex","MA Curating","MA","https://www.essex.ac.uk/courses/PG00591/1/MA-Curating","postgraduate/pg00591-1-ma-curating.md","postgraduate","{
  ""courseName"": ""MA Curating"",
  ""courseUrlExternal"": ""https://www.essex.ac.uk/courses/PG00591/1/MA-Curating"",
  ""degreeName"": ""MA"",
  ""level"": """",
  ""studyMode"": """",
  ""award"": """",
  ""intakeInfo"": ""October 2026"",
  ""courseDuration"": ""1 year"",
  ""tuitionFee"": """",
  ""currency"": """",
  ""ieltsMinOverall"": """",
  ""ieltsMinSection"": """"
}","","","","postgraduate/pg00591-1-ma-curating.md","","","","","","","",""
"University of Essex","MA Curating with Professional Placement","MA","https://www.essex.ac.uk/courses/PG00591/3/MA-Curating","postgraduate/pg00591-3-ma-curating.md","postgraduate","{
  ""courseName"": ""MA Curating with Professional Placement"",
  ""courseUrlExternal"": ""https://www.essex.ac.uk/courses/PG00591/3/MA-Curating"",
  ""degreeName"": ""MA"",
  ""level"": """",
  ""studyMode"": """",
  ""award"": """",
  ""intakeInfo"": ""October 2026"",
  ""courseDuration"": ""2 years"",
  ""tuitionFee"": """",
  ""currency"": """",
  ""ieltsMinOverall"": """",
  ""ieltsMinSection"": """"
}","","","","postgraduate/pg00591-3-ma-curating.md","","","","","","","",""
"University of Essex","MSc Global Project Management","MSc","https://www.essex.ac.uk/courses/PG00595/1/MSc-Global-Project-Management","postgraduate/pg00595-1-msc-global-project-management.md","postgraduate","{
  ""courseName"": ""MSc Global Project Management"",
  ""courseUrlExternal"": ""https://www.essex.ac.uk/courses/PG00595/1/MSc-Global-Project-Management"",
  ""degreeName"": ""MSc"",
  ""level"": """",
  ""studyMode"": """",
  ""award"": """",
  ""intakeInfo"": ""October 2026"",
  ""courseDuration"": ""1 year"",
  ""tuitionFee"": """",
  ""currency"": """",
  ""ieltsMinOverall"": """",
  ""ieltsMinSection"": """"
}","","","","postgraduate/pg00595-1-msc-global-project-management.md","","","","","","","",""
"University of Essex","MSc Advanced Clinical Practice","MSc","https://www.essex.ac.uk/courses/PG00602/1/MSc-Advanced-Clinical-Practice","postgraduate/pg00602-1-msc-advanced-clinical-practice.md","postgraduate","{
  ""courseName"": ""MSc Advanced Clinical Practice"",
  ""courseUrlExternal"": ""https://www.essex.ac.uk/courses/PG00602/1/MSc-Advanced-Clinical-Practice"",
  ""degreeName"": ""MSc"",
  ""level"": """",
  ""studyMode"": """",
  ""award"": """",
  ""intakeInfo"": ""October 2026"",
  ""courseDuration"": ""2 - 6 years"",
  ""tuitionFee"": """",
  ""currency"": """",
  ""ieltsMinOverall"": """",
  ""ieltsMinSection"": """"
}","","","","postgraduate/pg00602-1-msc-advanced-clinical-practice.md","","","","","","","",""
"University of Essex","MA History","MA","https://www.essex.ac.uk/courses/PG00609/1/MA-History","postgraduate/pg00609-1-ma-history.md","postgraduate","{
  ""courseName"": ""MA History"",
  ""courseUrlExternal"": ""https://www.essex.ac.uk/courses/PG00609/1/MA-History"",
  ""degreeName"": ""MA"",
  ""level"": """",
  ""studyMode"": """",
  ""award"": """",
  ""intakeInfo"": ""October 2026"",
  ""courseDuration"": ""1 year"",
  ""tuitionFee"": """",
  ""currency"": """",
  ""ieltsMinOverall"": """",
  ""ieltsMinSection"": """"
}","","","","postgraduate/pg00609-1-ma-history.md","","","","","","","",""
"University of Essex","Postgraduate Certificate History","","https://www.essex.ac.uk/courses/PG00609/3/Postgraduate-Certificate-History","postgraduate/pg00609-3-postgraduate-certificate-history.md","postgraduate","{
  ""courseName"": ""Postgraduate Certificate History"",
  ""courseUrlExternal"": ""https://www.essex.ac.uk/courses/PG00609/3/Postgraduate-Certificate-History"",
  ""degreeName"": """",
  ""level"": """",
  ""studyMode"": """",
  ""award"": """",
  ""intakeInfo"": ""October 2026"",
  ""courseDuration"": ""9 months"",
  ""tuitionFee"": """",
  ""currency"": """",
  ""ieltsMinOverall"": """",
  ""ieltsMinSection"": """"
}","","","","postgraduate/pg00609-3-postgraduate-certificate-history.md","","","","","","","",""
"University of Essex","MSc Mathematics and Finance","MSc","https://www.essex.ac.uk/courses/PG00610/1/MSc-Mathematics-and-Finance","postgraduate/pg00610-1-msc-mathematics-and-finance.md","postgraduate","{
  ""courseName"": ""MSc Mathematics and Finance"",
  ""courseUrlExternal"": ""https://www.essex.ac.uk/courses/PG00610/1/MSc-Mathematics-and-Finance"",
  ""degreeName"": ""MSc"",
  ""level"": """",
  ""studyMode"": """",
  ""award"": """",
  ""intakeInfo"": ""October 2026"",
  ""courseDuration"": ""1 year"",
  ""tuitionFee"": """",
  ""currency"": """",
  ""ieltsMinOverall"": """",
  ""ieltsMinSection"": """"
}","","","","postgraduate/pg00610-1-msc-mathematics-and-finance.md","","","","","","","",""
"University of Essex","Postgraduate Diploma Mathematics and Finance","","https://www.essex.ac.uk/courses/PG00610/2/Postgraduate-Diploma-Mathematics-and-Finance","postgraduate/pg00610-2-postgraduate-diploma-mathematics-and-finance.md","postgraduate","{
  ""courseName"": ""Postgraduate Diploma Mathematics and Finance"",
  ""courseUrlExternal"": ""https://www.essex.ac.uk/courses/PG00610/2/Postgraduate-Diploma-Mathematics-and-Finance"",
  ""degreeName"": """",
  ""level"": """",
  ""studyMode"": """",
  ""award"": """",
  ""intakeInfo"": ""October 2026"",
  ""courseDuration"": ""9 months"",
  ""tuitionFee"": """",
  ""currency"": """",
  ""ieltsMinOverall"": """",
  ""ieltsMinSection"": """"
}","","","","postgraduate/pg00610-2-postgraduate-diploma-mathematics-and-finance.md","","","","","","","",""
"University of Essex","MA Ideology and Discourse Analysis","MA","https://www.essex.ac.uk/courses/PG00621/1/MA-Ideology-and-Discourse-Analysis","postgraduate/pg00621-1-ma-ideology-and-discourse-analysis.md","postgraduate","{
  ""courseName"": ""MA Ideology and Discourse Analysis"",
  ""courseUrlExternal"": ""https://www.essex.ac.uk/courses/PG00621/1/MA-Ideology-and-Discourse-Analysis"",
  ""degreeName"": ""MA"",
  ""level"": """",
  ""studyMode"": """",
  ""award"": """",
  ""intakeInfo"": ""October 2026"",
  ""courseDuration"": ""1 year"",
  ""tuitionFee"": """",
  ""currency"": """",
  ""ieltsMinOverall"": """",
  ""ieltsMinSection"": """"
}","","","","postgraduate/pg00621-1-ma-ideology-and-discourse-analysis.md","","","","","","","",""
"University of Essex","MSc Intelligent Systems and Robotics","MSc","https://www.essex.ac.uk/courses/PG00627/1/MSc-Intelligent-Systems-and-Robotics","postgraduate/pg00627-1-msc-intelligent-systems-and-robotics.md","postgraduate","{
  ""courseName"": ""MSc Intelligent Systems and Robotics"",
  ""courseUrlExternal"": ""https://www.essex.ac.uk/courses/PG00627/1/MSc-Intelligent-Systems-and-Robotics"",
  ""degreeName"": ""MSc"",
  ""level"": """",
  ""studyMode"": """",
  ""award"": """",
  ""intakeInfo"": ""October 2026"",
  ""courseDuration"": ""1 year"",
  ""tuitionFee"": """",
  ""currency"": """",
  ""ieltsMinOverall"": """",
  ""ieltsMinSection"": """"
}","","","","postgraduate/pg00627-1-msc-intelligent-systems-and-robotics.md","","","","","","","",""
"University of Essex","MSc International Business and Entrepreneurship","MSc","https://www.essex.ac.uk/courses/PG00631/1/MSc-International-Business-and-Entrepreneurship","postgraduate/pg00631-1-msc-international-business-and-entrepreneurship.md","postgraduate","{
  ""courseName"": ""MSc International Business and Entrepreneurship"",
  ""courseUrlExternal"": ""https://www.essex.ac.uk/courses/PG00631/1/MSc-International-Business-and-Entrepreneurship"",
  ""degreeName"": ""MSc"",
  ""level"": """",
  ""studyMode"": """",
  ""award"": """",
  ""intakeInfo"": ""October 2026"",
  ""courseDuration"": ""1 year"",
  ""tuitionFee"": """",
  ""currency"": """",
  ""ieltsMinOverall"": """",
  ""ieltsMinSection"": """"
}","","","","postgraduate/pg00631-1-msc-international-business-and-entrepreneurship.md","","","","","","","",""
"University of Essex","LLM International Commercial and Business Law","","https://www.essex.ac.uk/courses/PG00633/1/LLM-International-Commercial-and-Business-Law","postgraduate/pg00633-1-llm-international-commercial-and-business-law.md","postgraduate","{
  ""courseName"": ""LLM International Commercial and Business Law"",
  ""courseUrlExternal"": ""https://www.essex.ac.uk/courses/PG00633/1/LLM-International-Commercial-and-Business-Law"",
  ""degreeName"": """",
  ""level"": """",
  ""studyMode"": """",
  ""award"": """",
  ""intakeInfo"": ""October 2026"",
  ""courseDuration"": ""1 year"",
  ""tuitionFee"": """",
  ""currency"": """",
  ""ieltsMinOverall"": """",
  ""ieltsMinSection"": """"
}","","","","postgraduate/pg00633-1-llm-international-commercial-and-business-law.md","","","","","","","",""
"University of Essex","LLM International Commercial and Business Law with Professional Placement","","https://www.essex.ac.uk/courses/PG00633/3/LLM-International-Commercial-and-Business-Law","postgraduate/pg00633-3-llm-international-commercial-and-business-law.md","postgraduate","{
  ""courseName"": ""LLM International Commercial and Business Law with Professional Placement"",
  ""courseUrlExternal"": ""https://www.essex.ac.uk/courses/PG00633/3/LLM-International-Commercial-and-Business-Law"",
  ""degreeName"": """",
  ""level"": """",
  ""studyMode"": """",
  ""award"": """",
  ""intakeInfo"": ""October 2026"",
  ""courseDuration"": ""2 years"",
  ""tuitionFee"": """",
  ""currency"": """",
  ""ieltsMinOverall"": """",
  ""ieltsMinSection"": """"
}","","","","postgraduate/pg00633-3-llm-international-commercial-and-business-law.md","","","","","","","",""
"University of Essex","LLM International Human Rights Law","","https://www.essex.ac.uk/courses/PG00637/1/LLM-International-Human-Rights-Law","postgraduate/pg00637-1-llm-international-human-rights-law.md","postgraduate","{
  ""courseName"": ""LLM International Human Rights Law"",
  ""courseUrlExternal"": ""https://www.essex.ac.uk/courses/PG00637/1/LLM-International-Human-Rights-Law"",
  ""degreeName"": """",
  ""level"": """",
  ""studyMode"": """",
  ""award"": """",
  ""intakeInfo"": ""October 2026"",
  ""courseDuration"": ""1 year"",
  ""tuitionFee"": """",
  ""currency"": """",
  ""ieltsMinOverall"": """",
  ""ieltsMinSection"": """"
}","","","","postgraduate/pg00637-1-llm-international-human-rights-law.md","","","","","","","",""
"University of Essex","MSc International Marketing and Business Intelligence","MSc","https://www.essex.ac.uk/courses/PG00639/1/MSc-International-Marketing-and-Business-Intelligence","postgraduate/pg00639-1-msc-international-marketing-and-business-intelligence.md","postgraduate","{
  ""courseName"": ""MSc International Marketing and Business Intelligence"",
  ""courseUrlExternal"": ""https://www.essex.ac.uk/courses/PG00639/1/MSc-International-Marketing-and-Business-Intelligence"",
  ""degreeName"": ""MSc"",
  ""level"": """",
  ""studyMode"": """",
  ""award"": """",
  ""intakeInfo"": ""October 2026"",
  ""courseDuration"": ""1 year"",
  ""tuitionFee"": """",
  ""currency"": """",
  ""ieltsMinOverall"": """",
  ""ieltsMinSection"": """"
}","","","","postgraduate/pg00639-1-msc-international-marketing-and-business-intelligence.md","","","","","","","",""
"University of Essex","MA International Relations","MA","https://www.essex.ac.uk/courses/PG00641/1/MA-International-Relations","postgraduate/pg00641-1-ma-international-relations.md","postgraduate","{
  ""courseName"": ""MA International Relations"",
  ""courseUrlExternal"": ""https://www.essex.ac.uk/courses/PG00641/1/MA-International-Relations"",
  ""degreeName"": ""MA"",
  ""level"": """",
  ""studyMode"": """",
  ""award"": """",
  ""intakeInfo"": ""October 2026"",
  ""courseDuration"": ""1 year"",
  ""tuitionFee"": """",
  ""currency"": """",
  ""ieltsMinOverall"": """",
  ""ieltsMinSection"": """"
}","","","","postgraduate/pg00641-1-ma-international-relations.md","","","","","","","",""
"University of Essex","MSc International Relations","MSc","https://www.essex.ac.uk/courses/PG00641/2/MSc-International-Relations","postgraduate/pg00641-2-msc-international-relations.md","postgraduate","{
  ""courseName"": ""MSc International Relations"",
  ""courseUrlExternal"": ""https://www.essex.ac.uk/courses/PG00641/2/MSc-International-Relations"",
  ""degreeName"": ""MSc"",
  ""level"": """",
  ""studyMode"": """",
  ""award"": """",
  ""intakeInfo"": ""October 2026"",
  ""courseDuration"": ""1 year"",
  ""tuitionFee"": """",
  ""currency"": """",
  ""ieltsMinOverall"": """",
  ""ieltsMinSection"": """"
}","","","","postgraduate/pg00641-2-msc-international-relations.md","","","","","","","",""
"University of Essex","MRes International Relations","MRes","https://www.essex.ac.uk/courses/PG00641/3/MRes-International-Relations","postgraduate/pg00641-3-mres-international-relations.md","postgraduate","{
  ""courseName"": ""MRes International Relations"",
  ""courseUrlExternal"": ""https://www.essex.ac.uk/courses/PG00641/3/MRes-International-Relations"",
  ""degreeName"": ""MRes"",
  ""level"": """",
  ""studyMode"": """",
  ""award"": """",
  ""intakeInfo"": ""October 2026"",
  ""courseDuration"": ""2 years"",
  ""tuitionFee"": """",
  ""currency"": """",
  ""ieltsMinOverall"": """",
  ""ieltsMinSection"": """"
}","","","","postgraduate/pg00641-3-mres-international-relations.md","","","","","","","",""
"University of Essex","MA Jungian and Post-Jungian Studies","MA","https://www.essex.ac.uk/courses/PG00647/3/MA-Jungian-and-Post-Jungian-Studies","postgraduate/pg00647-3-ma-jungian-and-post-jungian-studies.md","postgraduate","{
  ""courseName"": ""MA Jungian and Post-Jungian Studies"",
  ""courseUrlExternal"": ""https://www.essex.ac.uk/courses/PG00647/3/MA-Jungian-and-Post-Jungian-Studies"",
  ""degreeName"": ""MA"",
  ""level"": """",
  ""studyMode"": """",
  ""award"": """",
  ""intakeInfo"": ""October 2026"",
  ""courseDuration"": ""1 year"",
  ""tuitionFee"": """",
  ""currency"": """",
  ""ieltsMinOverall"": """",
  ""ieltsMinSection"": """"
}","","","","postgraduate/pg00647-3-ma-jungian-and-post-jungian-studies.md","","","","","","","",""
"University of Essex","MA Linguistics","MA","https://www.essex.ac.uk/courses/PG00662/1/MA-Linguistics","postgraduate/pg00662-1-ma-linguistics.md","postgraduate","{
  ""courseName"": ""MA Linguistics"",
  ""courseUrlExternal"": ""https://www.essex.ac.uk/courses/PG00662/1/MA-Linguistics"",
  ""degreeName"": ""MA"",
  ""level"": """",
  ""studyMode"": """",
  ""award"": """",
  ""intakeInfo"": ""October 2026"",
  ""courseDuration"": ""1 year"",
  ""tuitionFee"": """",
  ""currency"": """",
  ""ieltsMinOverall"": """",
  ""ieltsMinSection"": """"
}","","","","postgraduate/pg00662-1-ma-linguistics.md","","","","","","","",""
"University of Essex","MRes Linguistics","MRes","https://www.essex.ac.uk/courses/PG00662/2/MRes-Linguistics","postgraduate/pg00662-2-mres-linguistics.md","postgraduate","{
  ""courseName"": ""MRes Linguistics"",
  ""courseUrlExternal"": ""https://www.essex.ac.uk/courses/PG00662/2/MRes-Linguistics"",
  ""degreeName"": ""MRes"",
  ""level"": """",
  ""studyMode"": """",
  ""award"": """",
  ""intakeInfo"": ""October 2026"",
  ""courseDuration"": ""1 year"",
  ""tuitionFee"": """",
  ""currency"": """",
  ""ieltsMinOverall"": """",
  ""ieltsMinSection"": """"
}","","","","postgraduate/pg00662-2-mres-linguistics.md","","","","","","","",""
"University of Essex","MA Literature","MA","https://www.essex.ac.uk/courses/PG00665/1/MA-Literature","postgraduate/pg00665-1-ma-literature.md","postgraduate","{
  ""courseName"": ""MA Literature"",
  ""courseUrlExternal"": ""https://www.essex.ac.uk/courses/PG00665/1/MA-Literature"",
  ""degreeName"": ""MA"",
  ""level"": """",
  ""studyMode"": """",
  ""award"": """",
  ""intakeInfo"": ""October 2026"",
  ""courseDuration"": ""1 year"",
  ""tuitionFee"": """",
  ""currency"": """",
  ""ieltsMinOverall"": """",
  ""ieltsMinSection"": """"
}","","","","postgraduate/pg00665-1-ma-literature.md","","","","","","","",""
"University of Essex","MSc Management","MSc","https://www.essex.ac.uk/courses/PG00670/3/MSc-Management","postgraduate/pg00670-3-msc-management.md","postgraduate","{
  ""courseName"": ""MSc Management"",
  ""courseUrlExternal"": ""https://www.essex.ac.uk/courses/PG00670/3/MSc-Management"",
  ""degreeName"": ""MSc"",
  ""level"": """",
  ""studyMode"": """",
  ""award"": """",
  ""intakeInfo"": ""October 2026"",
  ""courseDuration"": ""1 year"",
  ""tuitionFee"": """",
  ""currency"": """",
  ""ieltsMinOverall"": """",
  ""ieltsMinSection"": """"
}","","","","postgraduate/pg00670-3-msc-management.md","","","","","","","",""
"University of Essex","MA Management and Organisational Dynamics","MA","https://www.essex.ac.uk/courses/PG00671/1/MA-Management-and-Organisational-Dynamics","postgraduate/pg00671-1-ma-management-and-organisational-dynamics.md","postgraduate","{
  ""courseName"": ""MA Management and Organisational Dynamics"",
  ""courseUrlExternal"": ""https://www.essex.ac.uk/courses/PG00671/1/MA-Management-and-Organisational-Dynamics"",
  ""degreeName"": ""MA"",
  ""level"": """",
  ""studyMode"": """",
  ""award"": """",
  ""intakeInfo"": ""October 2026"",
  ""courseDuration"": ""1 year"",
  ""tuitionFee"": """",
  ""currency"": """",
  ""ieltsMinOverall"": """",
  ""ieltsMinSection"": """"
}","","","","postgraduate/pg00671-1-ma-management-and-organisational-dynamics.md","","","","","","","",""
"University of Essex","Postgraduate Diploma Management and Organisational Dynamics","","https://www.essex.ac.uk/courses/PG00671/2/Postgraduate-Diploma-Management-and-Organisational-Dynamics","postgraduate/pg00671-2-postgraduate-diploma-management-and-organisational-dynamics.md","postgraduate","{
  ""courseName"": ""Postgraduate Diploma Management and Organisational Dynamics"",
  ""courseUrlExternal"": ""https://www.essex.ac.uk/courses/PG00671/2/Postgraduate-Diploma-Management-and-Organisational-Dynamics"",
  ""degreeName"": """",
  ""level"": """",
  ""studyMode"": """",
  ""award"": """",
  ""intakeInfo"": ""October 2026"",
  ""courseDuration"": ""9 months"",
  ""tuitionFee"": """",
  ""currency"": """",
  ""ieltsMinOverall"": """",
  ""ieltsMinSection"": """"
}","","","","postgraduate/pg00671-2-postgraduate-diploma-management-and-organisational-dynamics.md","","","","","","","",""
"University of Essex","MSc Management Economics","MSc","https://www.essex.ac.uk/courses/PG00673/1/MSc-Management-Economics","postgraduate/pg00673-1-msc-management-economics.md","postgraduate","{
  ""courseName"": ""MSc Management Economics"",
  ""courseUrlExternal"": ""https://www.essex.ac.uk/courses/PG00673/1/MSc-Management-Economics"",
  ""degreeName"": ""MSc"",
  ""level"": """",
  ""studyMode"": """",
  ""award"": """",
  ""intakeInfo"": ""October 2026"",
  ""courseDuration"": ""1 year"",
  ""tuitionFee"": """",
  ""currency"": """",
  ""ieltsMinOverall"": """",
  ""ieltsMinSection"": """"
}","","","","postgraduate/pg00673-1-msc-management-economics.md","","","","","","","",""
"University of Essex","MA Management Economics","MA","https://www.essex.ac.uk/courses/PG00673/2/MA-Management-Economics","postgraduate/pg00673-2-ma-management-economics.md","postgraduate","{
  ""courseName"": ""MA Management Economics"",
  ""courseUrlExternal"": ""https://www.essex.ac.uk/courses/PG00673/2/MA-Management-Economics"",
  ""degreeName"": ""MA"",
  ""level"": """",
  ""studyMode"": """",
  ""award"": """",
  ""intakeInfo"": ""October 2026"",
  ""courseDuration"": ""1 year"",
  ""tuitionFee"": """",
  ""currency"": """",
  ""ieltsMinOverall"": """",
  ""ieltsMinSection"": """"
}","","","","postgraduate/pg00673-2-ma-management-economics.md","","","","","","","",""
"University of Essex","MSc Marketing","MSc","https://www.essex.ac.uk/courses/PG00679/1/MSc-Marketing","postgraduate/pg00679-1-msc-marketing.md","postgraduate","{
  ""courseName"": ""MSc Marketing"",
  ""courseUrlExternal"": ""https://www.essex.ac.uk/courses/PG00679/1/MSc-Marketing"",
  ""degreeName"": ""MSc"",
  ""level"": """",
  ""studyMode"": """",
  ""award"": """",
  ""intakeInfo"": ""October 2026"",
  ""courseDuration"": ""1 year"",
  ""tuitionFee"": """",
  ""currency"": """",
  ""ieltsMinOverall"": """",
  ""ieltsMinSection"": """"
}","","","","postgraduate/pg00679-1-msc-marketing.md","","","","","","","",""
"University of Essex","MSc Molecular Medicine","MSc","https://www.essex.ac.uk/courses/PG00686/1/MSc-Molecular-Medicine","postgraduate/pg00686-1-msc-molecular-medicine.md","postgraduate","{
  ""courseName"": ""MSc Molecular Medicine"",
  ""courseUrlExternal"": ""https://www.essex.ac.uk/courses/PG00686/1/MSc-Molecular-Medicine"",
  ""degreeName"": ""MSc"",
  ""level"": """",
  ""studyMode"": """",
  ""award"": """",
  ""intakeInfo"": ""October 2026"",
  ""courseDuration"": ""1 year"",
  ""tuitionFee"": """",
  ""currency"": """",
  ""ieltsMinOverall"": """",
  ""ieltsMinSection"": """"
}","","","","postgraduate/pg00686-1-msc-molecular-medicine.md","","","","","","","",""
"University of Essex","MSc Occupational Therapy","MSc","https://www.essex.ac.uk/courses/PG00697/1/MSc-Occupational-Therapy-Pre-Registration","postgraduate/pg00697-1-msc-occupational-therapy-pre-registration.md","postgraduate","{
  ""courseName"": ""MSc Occupational Therapy"",
  ""courseUrlExternal"": ""https://www.essex.ac.uk/courses/PG00697/1/MSc-Occupational-Therapy-Pre-Registration"",
  ""degreeName"": ""MSc"",
  ""level"": """",
  ""studyMode"": """",
  ""award"": """",
  ""intakeInfo"": ""October 2026"",
  ""courseDuration"": ""2 years"",
  ""tuitionFee"": """",
  ""currency"": """",
  ""ieltsMinOverall"": """",
  ""ieltsMinSection"": """"
}","","","","postgraduate/pg00697-1-msc-occupational-therapy-pre-registration.md","","","","","","","",""
"University of Essex","MSc Organised Crime, Terrorism and Security","MSc","https://www.essex.ac.uk/courses/PG00702/1/MSc-Organised-Crime-Terrorism-and-Security","postgraduate/pg00702-1-msc-organised-crime-terrorism-and-security.md","postgraduate","{
  ""courseName"": ""MSc Organised Crime, Terrorism and Security"",
  ""courseUrlExternal"": ""https://www.essex.ac.uk/courses/PG00702/1/MSc-Organised-Crime-Terrorism-and-Security"",
  ""degreeName"": ""MSc"",
  ""level"": """",
  ""studyMode"": """",
  ""award"": """",
  ""intakeInfo"": ""October 2026"",
  ""courseDuration"": ""1 year"",
  ""tuitionFee"": """",
  ""currency"": """",
  ""ieltsMinOverall"": """",
  ""ieltsMinSection"": """"
}","","","","postgraduate/pg00702-1-msc-organised-crime-terrorism-and-security.md","","","","","","","",""
"University of Essex","MA Organised Crime, Terrorism and Security","MA","https://www.essex.ac.uk/courses/PG00702/2/MA-Organised-Crime-Terrorism-and-Security","postgraduate/pg00702-2-ma-organised-crime-terrorism-and-security.md","postgraduate","{
  ""courseName"": ""MA Organised Crime, Terrorism and Security"",
  ""courseUrlExternal"": ""https://www.essex.ac.uk/courses/PG00702/2/MA-Organised-Crime-Terrorism-and-Security"",
  ""degreeName"": ""MA"",
  ""level"": """",
  ""studyMode"": """",
  ""award"": """",
  ""intakeInfo"": ""October 2026"",
  ""courseDuration"": ""1 year"",
  ""tuitionFee"": """",
  ""currency"": """",
  ""ieltsMinOverall"": """",
  ""ieltsMinSection"": """"
}","","","","postgraduate/pg00702-2-ma-organised-crime-terrorism-and-security.md","","","","","","","",""
"University of Essex","MA Philosophy","MA","https://www.essex.ac.uk/courses/PG00706/1/MA-Philosophy","postgraduate/pg00706-1-ma-philosophy.md","postgraduate","{
  ""courseName"": ""MA Philosophy"",
  ""courseUrlExternal"": ""https://www.essex.ac.uk/courses/PG00706/1/MA-Philosophy"",
  ""degreeName"": ""MA"",
  ""level"": """",
  ""studyMode"": """",
  ""award"": """",
  ""intakeInfo"": ""October 2026"",
  ""courseDuration"": ""1 year"",
  ""tuitionFee"": """",
  ""currency"": """",
  ""ieltsMinOverall"": """",
  ""ieltsMinSection"": """"
}","","","","postgraduate/pg00706-1-ma-philosophy.md","","","","","","","",""
"University of Essex","Graduate Diploma Philosophy","","https://www.essex.ac.uk/courses/PG00706/3/Graduate-Diploma-Philosophy","postgraduate/pg00706-3-graduate-diploma-philosophy.md","postgraduate","{
  ""courseName"": ""Graduate Diploma Philosophy"",
  ""courseUrlExternal"": ""https://www.essex.ac.uk/courses/PG00706/3/Graduate-Diploma-Philosophy"",
  ""degreeName"": """",
  ""level"": """",
  ""studyMode"": """",
  ""award"": """",
  ""intakeInfo"": ""October 2026"",
  ""courseDuration"": ""9 months"",
  ""tuitionFee"": """",
  ""currency"": """",
  ""ieltsMinOverall"": """",
  ""ieltsMinSection"": """"
}","","","","postgraduate/pg00706-3-graduate-diploma-philosophy.md","","","","","","","",""
"University of Essex","MSc Physiotherapy","MSc","https://www.essex.ac.uk/courses/PG00720/1/MSc-Physiotherapy-Pre-Registration","postgraduate/pg00720-1-msc-physiotherapy-pre-registration.md","postgraduate","{
  ""courseName"": ""MSc Physiotherapy"",
  ""courseUrlExternal"": ""https://www.essex.ac.uk/courses/PG00720/1/MSc-Physiotherapy-Pre-Registration"",
  ""degreeName"": ""MSc"",
  ""level"": """",
  ""studyMode"": """",
  ""award"": """",
  ""intakeInfo"": ""October 2026"",
  ""courseDuration"": ""2 years"",
  ""tuitionFee"": """",
  ""currency"": """",
  ""ieltsMinOverall"": """",
  ""ieltsMinSection"": """"
}","","","","postgraduate/pg00720-1-msc-physiotherapy-pre-registration.md","","","","","","","",""
"University of Essex","MA Scriptwriting","MA","https://www.essex.ac.uk/courses/PG00722/1/MA-Scriptwriting-Theatre-and-Digital-Media","postgraduate/pg00722-1-ma-scriptwriting-theatre-and-digital-media.md","postgraduate","{
  ""courseName"": ""MA Scriptwriting"",
  ""courseUrlExternal"": ""https://www.essex.ac.uk/courses/PG00722/1/MA-Scriptwriting-Theatre-and-Digital-Media"",
  ""degreeName"": ""MA"",
  ""level"": """",
  ""studyMode"": """",
  ""award"": """",
  ""intakeInfo"": ""October 2026"",
  ""courseDuration"": ""1 year"",
  ""tuitionFee"": """",
  ""currency"": """",
  ""ieltsMinOverall"": """",
  ""ieltsMinSection"": """"
}","","","","postgraduate/pg00722-1-ma-scriptwriting-theatre-and-digital-media.md","","","","","","","",""
"University of Essex","MA Political Economy","MA","https://www.essex.ac.uk/courses/PG00724/1/MA-Political-Economy","postgraduate/pg00724-1-ma-political-economy.md","postgraduate","{
  ""courseName"": ""MA Political Economy"",
  ""courseUrlExternal"": ""https://www.essex.ac.uk/courses/PG00724/1/MA-Political-Economy"",
  ""degreeName"": ""MA"",
  ""level"": """",
  ""studyMode"": """",
  ""award"": """",
  ""intakeInfo"": ""October 2026"",
  ""courseDuration"": ""1 year"",
  ""tuitionFee"": """",
  ""currency"": """",
  ""ieltsMinOverall"": """",
  ""ieltsMinSection"": """"
}","","","","postgraduate/pg00724-1-ma-political-economy.md","","","","","","","",""
"University of Essex","MSc Political Economy","MSc","https://www.essex.ac.uk/courses/PG00724/2/MSc-Political-Economy","postgraduate/pg00724-2-msc-political-economy.md","postgraduate","{
  ""courseName"": ""MSc Political Economy"",
  ""courseUrlExternal"": ""https://www.essex.ac.uk/courses/PG00724/2/MSc-Political-Economy"",
  ""degreeName"": ""MSc"",
  ""level"": """",
  ""studyMode"": """",
  ""award"": """",
  ""intakeInfo"": ""October 2026"",
  ""courseDuration"": ""1 year"",
  ""tuitionFee"": """",
  ""currency"": """",
  ""ieltsMinOverall"": """",
  ""ieltsMinSection"": """"
}","","","","postgraduate/pg00724-2-msc-political-economy.md","","","","","","","",""
"University of Essex","MRes Political Economy","MRes","https://www.essex.ac.uk/courses/PG00724/3/MRes-Political-Economy","postgraduate/pg00724-3-mres-political-economy.md","postgraduate","{
  ""courseName"": ""MRes Political Economy"",
  ""courseUrlExternal"": ""https://www.essex.ac.uk/courses/PG00724/3/MRes-Political-Economy"",
  ""degreeName"": ""MRes"",
  ""level"": """",
  ""studyMode"": """",
  ""award"": """",
  ""intakeInfo"": ""October 2026"",
  ""courseDuration"": ""2 years"",
  ""tuitionFee"": """",
  ""currency"": """",
  ""ieltsMinOverall"": """",
  ""ieltsMinSection"": """"
}","","","","postgraduate/pg00724-3-mres-political-economy.md","","","","","","","",""
"University of Essex","MA Political Science","MA","https://www.essex.ac.uk/courses/PG00725/1/MA-Political-Science","postgraduate/pg00725-1-ma-political-science.md","postgraduate","{
  ""courseName"": ""MA Political Science"",
  ""courseUrlExternal"": ""https://www.essex.ac.uk/courses/PG00725/1/MA-Political-Science"",
  ""degreeName"": ""MA"",
  ""level"": """",
  ""studyMode"": """",
  ""award"": """",
  ""intakeInfo"": ""October 2026"",
  ""courseDuration"": ""1 year"",
  ""tuitionFee"": """",
  ""currency"": """",
  ""ieltsMinOverall"": """",
  ""ieltsMinSection"": """"
}","","","","postgraduate/pg00725-1-ma-political-science.md","","","","","","","",""
"University of Essex","MSc Political Science","MSc","https://www.essex.ac.uk/courses/PG00725/2/MSc-Political-Science","postgraduate/pg00725-2-msc-political-science.md","postgraduate","{
  ""courseName"": ""MSc Political Science"",
  ""courseUrlExternal"": ""https://www.essex.ac.uk/courses/PG00725/2/MSc-Political-Science"",
  ""degreeName"": ""MSc"",
  ""level"": """",
  ""studyMode"": """",
  ""award"": """",
  ""intakeInfo"": ""October 2026"",
  ""courseDuration"": ""1 year"",
  ""tuitionFee"": """",
  ""currency"": """",
  ""ieltsMinOverall"": """",
  ""ieltsMinSection"": """"
}","","","","postgraduate/pg00725-2-msc-political-science.md","","","","","","","",""
"University of Essex","MA Politics","MA","https://www.essex.ac.uk/courses/PG00727/1/MA-Politics","postgraduate/pg00727-1-ma-politics.md","postgraduate","{
  ""courseName"": ""MA Politics"",
  ""courseUrlExternal"": ""https://www.essex.ac.uk/courses/PG00727/1/MA-Politics"",
  ""degreeName"": ""MA"",
  ""level"": """",
  ""studyMode"": """",
  ""award"": """",
  ""intakeInfo"": ""October 2026"",
  ""courseDuration"": ""1 year"",
  ""tuitionFee"": """",
  ""currency"": """",
  ""ieltsMinOverall"": """",
  ""ieltsMinSection"": """"
}","","","","postgraduate/pg00727-1-ma-politics.md","","","","","","","",""
"University of Essex","Graduate Diploma Politics","","https://www.essex.ac.uk/courses/PG00727/3/Graduate-Diploma-Politics","postgraduate/pg00727-3-graduate-diploma-politics.md","postgraduate","{
  ""courseName"": ""Graduate Diploma Politics"",
  ""courseUrlExternal"": ""https://www.essex.ac.uk/courses/PG00727/3/Graduate-Diploma-Politics"",
  ""degreeName"": """",
  ""level"": """",
  ""studyMode"": """",
  ""award"": """",
  ""intakeInfo"": ""October 2026"",
  ""courseDuration"": ""9 months"",
  ""tuitionFee"": """",
  ""currency"": """",
  ""ieltsMinOverall"": """",
  ""ieltsMinSection"": """"
}","","","","postgraduate/pg00727-3-graduate-diploma-politics.md","","","","","","","",""
"University of Essex","MSc Data Science","MSc","https://www.essex.ac.uk/courses/PG00742/1/MSc-Data-Science","postgraduate/pg00742-1-msc-data-science.md","postgraduate","{
  ""courseName"": ""MSc Data Science"",
  ""courseUrlExternal"": ""https://www.essex.ac.uk/courses/PG00742/1/MSc-Data-Science"",
  ""degreeName"": ""MSc"",
  ""level"": """",
  ""studyMode"": """",
  ""award"": """",
  ""intakeInfo"": ""October 2026"",
  ""courseDuration"": ""1 year"",
  ""tuitionFee"": """",
  ""currency"": """",
  ""ieltsMinOverall"": """",
  ""ieltsMinSection"": """"
}","","","","postgraduate/pg00742-1-msc-data-science.md","","","","","","","",""
"University of Essex","MSc Data Science with Professional Placement","MSc","https://www.essex.ac.uk/courses/PG00742/2/MSc-Data-Science","postgraduate/pg00742-2-msc-data-science.md","postgraduate","{
  ""courseName"": ""MSc Data Science with Professional Placement"",
  ""courseUrlExternal"": ""https://www.essex.ac.uk/courses/PG00742/2/MSc-Data-Science"",
  ""degreeName"": ""MSc"",
  ""level"": """",
  ""studyMode"": """",
  ""award"": """",
  ""intakeInfo"": ""October 2026"",
  ""courseDuration"": ""2 years"",
  ""tuitionFee"": """",
  ""currency"": """",
  ""ieltsMinOverall"": """",
  ""ieltsMinSection"": """"
}","","","","postgraduate/pg00742-2-msc-data-science.md","","","","","","","",""
"University of Essex","MA Psychoanalytic Studies","MA","https://www.essex.ac.uk/courses/PG00747/1/MA-Psychoanalytic-Studies","postgraduate/pg00747-1-ma-psychoanalytic-studies.md","postgraduate","{
  ""courseName"": ""MA Psychoanalytic Studies"",
  ""courseUrlExternal"": ""https://www.essex.ac.uk/courses/PG00747/1/MA-Psychoanalytic-Studies"",
  ""degreeName"": ""MA"",
  ""level"": """",
  ""studyMode"": """",
  ""award"": """",
  ""intakeInfo"": ""October 2026"",
  ""courseDuration"": ""1 year"",
  ""tuitionFee"": """",
  ""currency"": """",
  ""ieltsMinOverall"": """",
  ""ieltsMinSection"": """"
}","","","","postgraduate/pg00747-1-ma-psychoanalytic-studies.md","","","","","","","",""
"University of Essex","Graduate Diploma Psychodynamic Approaches","","https://www.essex.ac.uk/courses/PG00749/1/Graduate-Diploma-Psychodynamic-Approaches","postgraduate/pg00749-1-graduate-diploma-psychodynamic-approaches.md","postgraduate","{
  ""courseName"": ""Graduate Diploma Psychodynamic Approaches"",
  ""courseUrlExternal"": ""https://www.essex.ac.uk/courses/PG00749/1/Graduate-Diploma-Psychodynamic-Approaches"",
  ""degreeName"": """",
  ""level"": """",
  ""studyMode"": """",
  ""award"": """",
  ""intakeInfo"": ""October 2026"",
  ""courseDuration"": ""9 months"",
  ""tuitionFee"": """",
  ""currency"": """",
  ""ieltsMinOverall"": """",
  ""ieltsMinSection"": """"
}","","","","postgraduate/pg00749-1-graduate-diploma-psychodynamic-approaches.md","","","","","","","",""
"University of Essex","MA Psychodynamic Counselling and Psychotherapy","MA","https://www.essex.ac.uk/courses/PG00750/3/MA-Psychodynamic-Counselling-and-Psychotherapy","postgraduate/pg00750-3-ma-psychodynamic-counselling-and-psychotherapy.md","postgraduate","{
  ""courseName"": ""MA Psychodynamic Counselling and Psychotherapy"",
  ""courseUrlExternal"": ""https://www.essex.ac.uk/courses/PG00750/3/MA-Psychodynamic-Counselling-and-Psychotherapy"",
  ""degreeName"": ""MA"",
  ""level"": """",
  ""studyMode"": """",
  ""award"": """",
  ""intakeInfo"": ""October 2026"",
  ""courseDuration"": ""2 years"",
  ""tuitionFee"": """",
  ""currency"": """",
  ""ieltsMinOverall"": """",
  ""ieltsMinSection"": """"
}","","","","postgraduate/pg00750-3-ma-psychodynamic-counselling-and-psychotherapy.md","","","","","","","",""
"University of Essex","Postgraduate Certificate Psychological Wellbeing Practice","","https://www.essex.ac.uk/courses/PG00754/1/Postgraduate-Certificate-Psychological-Wellbeing-Practice","postgraduate/pg00754-1-postgraduate-certificate-psychological-wellbeing-practice.md","postgraduate","{
  ""courseName"": ""Postgraduate Certificate Psychological Wellbeing Practice"",
  ""courseUrlExternal"": ""https://www.essex.ac.uk/courses/PG00754/1/Postgraduate-Certificate-Psychological-Wellbeing-Practice"",
  ""degreeName"": """",
  ""level"": """",
  ""studyMode"": """",
  ""award"": """",
  ""intakeInfo"": ""October 2026"",
  ""courseDuration"": ""1 year"",
  ""tuitionFee"": """",
  ""currency"": """",
  ""ieltsMinOverall"": """",
  ""ieltsMinSection"": """"
}","","","","postgraduate/pg00754-1-postgraduate-certificate-psychological-wellbeing-practice.md","","","","","","","",""
"University of Essex","Graduate Certificate Psychological Wellbeing Practice","","https://www.essex.ac.uk/courses/PG00754/2/Graduate-Certificate-Psychological-Wellbeing-Practice","postgraduate/pg00754-2-graduate-certificate-psychological-wellbeing-practice.md","postgraduate","{
  ""courseName"": ""Graduate Certificate Psychological Wellbeing Practice"",
  ""courseUrlExternal"": ""https://www.essex.ac.uk/courses/PG00754/2/Graduate-Certificate-Psychological-Wellbeing-Practice"",
  ""degreeName"": """",
  ""level"": """",
  ""studyMode"": """",
  ""award"": """",
  ""intakeInfo"": ""October 2026"",
  ""courseDuration"": ""1 year"",
  ""tuitionFee"": """",
  ""currency"": """",
  ""ieltsMinOverall"": """",
  ""ieltsMinSection"": """"
}","","","","postgraduate/pg00754-2-graduate-certificate-psychological-wellbeing-practice.md","","","","","","","",""
"University of Essex","MSc Psychology","MSc","https://www.essex.ac.uk/courses/PG00755/1/MSc-Psychology","postgraduate/pg00755-1-msc-psychology.md","postgraduate","{
  ""courseName"": ""MSc Psychology"",
  ""courseUrlExternal"": ""https://www.essex.ac.uk/courses/PG00755/1/MSc-Psychology"",
  ""degreeName"": ""MSc"",
  ""level"": """",
  ""studyMode"": """",
  ""award"": """",
  ""intakeInfo"": ""October 2026"",
  ""courseDuration"": ""1 year"",
  ""tuitionFee"": """",
  ""currency"": """",
  ""ieltsMinOverall"": """",
  ""ieltsMinSection"": """"
}","","","","postgraduate/pg00755-1-msc-psychology.md","","","","","","","",""
"University of Essex","MA Refugee Care","MA","https://www.essex.ac.uk/courses/PG00763/3/MA-Refugee-Care","postgraduate/pg00763-3-ma-refugee-care.md","postgraduate","{
  ""courseName"": ""MA Refugee Care"",
  ""courseUrlExternal"": ""https://www.essex.ac.uk/courses/PG00763/3/MA-Refugee-Care"",
  ""degreeName"": ""MA"",
  ""level"": """",
  ""studyMode"": """",
  ""award"": """",
  ""intakeInfo"": ""October 2026"",
  ""courseDuration"": ""1 year"",
  ""tuitionFee"": """",
  ""currency"": """",
  ""ieltsMinOverall"": """",
  ""ieltsMinSection"": """"
}","","","","postgraduate/pg00763-3-ma-refugee-care.md","","","","","","","",""
"University of Essex","MSc Research Methods in Psychology","MSc","https://www.essex.ac.uk/courses/PG00764/1/MSc-Research-Methods-in-Psychology","postgraduate/pg00764-1-msc-research-methods-in-psychology.md","postgraduate","{
  ""courseName"": ""MSc Research Methods in Psychology"",
  ""courseUrlExternal"": ""https://www.essex.ac.uk/courses/PG00764/1/MSc-Research-Methods-in-Psychology"",
  ""degreeName"": ""MSc"",
  ""level"": """",
  ""studyMode"": """",
  ""award"": """",
  ""intakeInfo"": ""October 2026"",
  ""courseDuration"": ""1 year"",
  ""tuitionFee"": """",
  ""currency"": """",
  ""ieltsMinOverall"": """",
  ""ieltsMinSection"": """"
}","","","","postgraduate/pg00764-1-msc-research-methods-in-psychology.md","","","","","","","",""
"University of Essex","MA Sociological Research Methods","MA","https://www.essex.ac.uk/courses/PG00782/1/MA-Sociological-Research-Methods","postgraduate/pg00782-1-ma-sociological-research-methods.md","postgraduate","{
  ""courseName"": ""MA Sociological Research Methods"",
  ""courseUrlExternal"": ""https://www.essex.ac.uk/courses/PG00782/1/MA-Sociological-Research-Methods"",
  ""degreeName"": ""MA"",
  ""level"": """",
  ""studyMode"": """",
  ""award"": """",
  ""intakeInfo"": ""October 2026"",
  ""courseDuration"": ""1 year"",
  ""tuitionFee"": """",
  ""currency"": """",
  ""ieltsMinOverall"": """",
  ""ieltsMinSection"": """"
}","","","","postgraduate/pg00782-1-ma-sociological-research-methods.md","","","","","","","",""
"University of Essex","MA Sociology","MA","https://www.essex.ac.uk/courses/PG00783/1/MA-Sociology","postgraduate/pg00783-1-ma-sociology.md","postgraduate","{
  ""courseName"": ""MA Sociology"",
  ""courseUrlExternal"": ""https://www.essex.ac.uk/courses/PG00783/1/MA-Sociology"",
  ""degreeName"": ""MA"",
  ""level"": """",
  ""studyMode"": """",
  ""award"": """",
  ""intakeInfo"": ""October 2026"",
  ""courseDuration"": ""1 year"",
  ""tuitionFee"": """",
  ""currency"": """",
  ""ieltsMinOverall"": """",
  ""ieltsMinSection"": """"
}","","","","postgraduate/pg00783-1-ma-sociology.md","","","","","","","",""
"University of Essex","MSc Speech and Language Therapy","MSc","https://www.essex.ac.uk/courses/PG00803/1/MSc-Speech-and-Language-Therapy-Pre-Registration","postgraduate/pg00803-1-msc-speech-and-language-therapy-pre-registration.md","postgraduate","{
  ""courseName"": ""MSc Speech and Language Therapy"",
  ""courseUrlExternal"": ""https://www.essex.ac.uk/courses/PG00803/1/MSc-Speech-and-Language-Therapy-Pre-Registration"",
  ""degreeName"": ""MSc"",
  ""level"": """",
  ""studyMode"": """",
  ""award"": """",
  ""intakeInfo"": ""October 2026"",
  ""courseDuration"": ""2 years"",
  ""tuitionFee"": """",
  ""currency"": """",
  ""ieltsMinOverall"": """",
  ""ieltsMinSection"": """"
}","","","","postgraduate/pg00803-1-msc-speech-and-language-therapy-pre-registration.md","","","","","","","",""
"University of Essex","MSc Survey Methods for Social Research","MSc","https://www.essex.ac.uk/courses/PG00813/1/MSc-Survey-Methods-for-Social-Research","postgraduate/pg00813-1-msc-survey-methods-for-social-research.md","postgraduate","{
  ""courseName"": ""MSc Survey Methods for Social Research"",
  ""courseUrlExternal"": ""https://www.essex.ac.uk/courses/PG00813/1/MSc-Survey-Methods-for-Social-Research"",
  ""degreeName"": ""MSc"",
  ""level"": """",
  ""studyMode"": """",
  ""award"": """",
  ""intakeInfo"": ""October 2026"",
  ""courseDuration"": ""1 year"",
  ""tuitionFee"": """",
  ""currency"": """",
  ""ieltsMinOverall"": """",
  ""ieltsMinSection"": """"
}","","","","postgraduate/pg00813-1-msc-survey-methods-for-social-research.md","","","","","","","",""
"University of Essex","MA Teaching English to Speakers of Other Languages","MA","https://www.essex.ac.uk/courses/PG00815/1/MA-Teaching-English-to-Speakers-of-Other-Languages-TESOL","postgraduate/pg00815-1-ma-teaching-english-to-speakers-of-other-languages-tesol.md","postgraduate","{
  ""courseName"": ""MA Teaching English to Speakers of Other Languages"",
  ""courseUrlExternal"": ""https://www.essex.ac.uk/courses/PG00815/1/MA-Teaching-English-to-Speakers-of-Other-Languages-TESOL"",
  ""degreeName"": ""MA"",
  ""level"": """",
  ""studyMode"": """",
  ""award"": """",
  ""intakeInfo"": ""October 2026"",
  ""courseDuration"": ""1 year"",
  ""tuitionFee"": """",
  ""currency"": """",
  ""ieltsMinOverall"": """",
  ""ieltsMinSection"": """"
}","","","","postgraduate/pg00815-1-ma-teaching-english-to-speakers-of-other-languages-tesol.md","","","","","","","",""
"University of Essex","MSc AI-Based Communication Networks","MSc","https://www.essex.ac.uk/courses/PG00819/1/MSc-AI-Based-Communication-Networks","postgraduate/pg00819-1-msc-ai-based-communication-networks.md","postgraduate","{
  ""courseName"": ""MSc AI-Based Communication Networks"",
  ""courseUrlExternal"": ""https://www.essex.ac.uk/courses/PG00819/1/MSc-AI-Based-Communication-Networks"",
  ""degreeName"": ""MSc"",
  ""level"": """",
  ""studyMode"": """",
  ""award"": """",
  ""intakeInfo"": ""October 2026"",
  ""courseDuration"": ""1 year"",
  ""tuitionFee"": """",
  ""currency"": """",
  ""ieltsMinOverall"": """",
  ""ieltsMinSection"": """"
}","","","","postgraduate/pg00819-1-msc-ai-based-communication-networks.md","","","","","","","",""
"University of Essex","MA Theatre Directing","MA","https://www.essex.ac.uk/courses/PG00830/1/MA-Theatre-Directing","postgraduate/pg00830-1-ma-theatre-directing.md","postgraduate","{
  ""courseName"": ""MA Theatre Directing"",
  ""courseUrlExternal"": ""https://www.essex.ac.uk/courses/PG00830/1/MA-Theatre-Directing"",
  ""degreeName"": ""MA"",
  ""level"": """",
  ""studyMode"": """",
  ""award"": """",
  ""intakeInfo"": ""October 2026"",
  ""courseDuration"": ""1 year"",
  ""tuitionFee"": """",
  ""currency"": """",
  ""ieltsMinOverall"": """",
  ""ieltsMinSection"": """"
}","","","","postgraduate/pg00830-1-ma-theatre-directing.md","","","","","","","",""
"University of Essex","MFA Theatre Directing","MFA","https://www.essex.ac.uk/courses/PG00830/2/MFA-Theatre-Directing","postgraduate/pg00830-2-mfa-theatre-directing.md","postgraduate","{
  ""courseName"": ""MFA Theatre Directing"",
  ""courseUrlExternal"": ""https://www.essex.ac.uk/courses/PG00830/2/MFA-Theatre-Directing"",
  ""degreeName"": ""MFA"",
  ""level"": """",
  ""studyMode"": """",
  ""award"": """",
  ""intakeInfo"": ""October 2026"",
  ""courseDuration"": ""2 years"",
  ""tuitionFee"": """",
  ""currency"": """",
  ""ieltsMinOverall"": """",
  ""ieltsMinSection"": """"
}","","","","postgraduate/pg00830-2-mfa-theatre-directing.md","","","","","","","",""
"University of Essex","MA Theory and Practice of Human Rights","MA","https://www.essex.ac.uk/courses/PG00833/1/MA-Theory-and-Practice-of-Human-Rights","postgraduate/pg00833-1-ma-theory-and-practice-of-human-rights.md","postgraduate","{
  ""courseName"": ""MA Theory and Practice of Human Rights"",
  ""courseUrlExternal"": ""https://www.essex.ac.uk/courses/PG00833/1/MA-Theory-and-Practice-of-Human-Rights"",
  ""degreeName"": ""MA"",
  ""level"": """",
  ""studyMode"": """",
  ""award"": """",
  ""intakeInfo"": ""October 2026"",
  ""courseDuration"": ""1 year"",
  ""tuitionFee"": """",
  ""currency"": """",
  ""ieltsMinOverall"": """",
  ""ieltsMinSection"": """"
}","","","","postgraduate/pg00833-1-ma-theory-and-practice-of-human-rights.md","","","","","","","",""
"University of Essex","MA Audiovisual and Literary Translation","MA","https://www.essex.ac.uk/courses/PG00835/1/MA-Audiovisual-and-Literary-Translation","postgraduate/pg00835-1-ma-audiovisual-and-literary-translation.md","postgraduate","{
  ""courseName"": ""MA Audiovisual and Literary Translation"",
  ""courseUrlExternal"": ""https://www.essex.ac.uk/courses/PG00835/1/MA-Audiovisual-and-Literary-Translation"",
  ""degreeName"": ""MA"",
  ""level"": """",
  ""studyMode"": """",
  ""award"": """",
  ""intakeInfo"": ""October 2026"",
  ""courseDuration"": ""1 year"",
  ""tuitionFee"": """",
  ""currency"": """",
  ""ieltsMinOverall"": """",
  ""ieltsMinSection"": """"
}","","","","postgraduate/pg00835-1-ma-audiovisual-and-literary-translation.md","","","","","","","",""
"University of Essex","MSc Tropical Marine Biology","MSc","https://www.essex.ac.uk/courses/PG00837/1/MSc-Tropical-Marine-Biology","postgraduate/pg00837-1-msc-tropical-marine-biology.md","postgraduate","{
  ""courseName"": ""MSc Tropical Marine Biology"",
  ""courseUrlExternal"": ""https://www.essex.ac.uk/courses/PG00837/1/MSc-Tropical-Marine-Biology"",
  ""degreeName"": ""MSc"",
  ""level"": """",
  ""studyMode"": """",
  ""award"": """",
  ""intakeInfo"": ""October 2026"",
  ""courseDuration"": ""1 year"",
  ""tuitionFee"": """",
  ""currency"": """",
  ""ieltsMinOverall"": """",
  ""ieltsMinSection"": """"
}","","","","postgraduate/pg00837-1-msc-tropical-marine-biology.md","","","","","","","",""
"University of Essex","MA Wild Writing: Literature, Landscape and the Environment","MA","https://www.essex.ac.uk/courses/PG00845/1/MA-Wild-Writing-Literature-Landscape-and-the-Environment","postgraduate/pg00845-1-ma-wild-writing-literature-landscape-and-the-environment.md","postgraduate","{
  ""courseName"": ""MA Wild Writing: Literature, Landscape and the Environment"",
  ""courseUrlExternal"": ""https://www.essex.ac.uk/courses/PG00845/1/MA-Wild-Writing-Literature-Landscape-and-the-Environment"",
  ""degreeName"": ""MA"",
  ""level"": """",
  ""studyMode"": """",
  ""award"": """",
  ""intakeInfo"": ""October 2026"",
  ""courseDuration"": ""1 year"",
  ""tuitionFee"": """",
  ""currency"": """",
  ""ieltsMinOverall"": """",
  ""ieltsMinSection"": """"
}","","","","postgraduate/pg00845-1-ma-wild-writing-literature-landscape-and-the-environment.md","","","","","","","",""
"University of Essex","MSc Medical and Clinical Education","MSc","https://www.essex.ac.uk/courses/PG01008/1/MSc-Medical-and-Clinical-Education","postgraduate/pg01008-1-msc-medical-and-clinical-education.md","postgraduate","{
  ""courseName"": ""MSc Medical and Clinical Education"",
  ""courseUrlExternal"": ""https://www.essex.ac.uk/courses/PG01008/1/MSc-Medical-and-Clinical-Education"",
  ""degreeName"": ""MSc"",
  ""level"": """",
  ""studyMode"": """",
  ""award"": """",
  ""intakeInfo"": ""October 2026"",
  ""courseDuration"": ""2 - 6 years"",
  ""tuitionFee"": """",
  ""currency"": """",
  ""ieltsMinOverall"": """",
  ""ieltsMinSection"": """"
}","","","","postgraduate/pg01008-1-msc-medical-and-clinical-education.md","","","","","","","",""
"University of Essex","Postgraduate Diploma Medical and Clinical Education","","https://www.essex.ac.uk/courses/PG01008/2/Postgraduate-Diploma-Medical-and-Clinical-Education","postgraduate/pg01008-2-postgraduate-diploma-medical-and-clinical-education.md","postgraduate","{
  ""courseName"": ""Postgraduate Diploma Medical and Clinical Education"",
  ""courseUrlExternal"": ""https://www.essex.ac.uk/courses/PG01008/2/Postgraduate-Diploma-Medical-and-Clinical-Education"",
  ""degreeName"": """",
  ""level"": """",
  ""studyMode"": """",
  ""award"": """",
  ""intakeInfo"": ""October 2026"",
  ""courseDuration"": ""2 - 5 years"",
  ""tuitionFee"": """",
  ""currency"": """",
  ""ieltsMinOverall"": """",
  ""ieltsMinSection"": """"
}","","","","postgraduate/pg01008-2-postgraduate-diploma-medical-and-clinical-education.md","","","","","","","",""
"University of Essex","Postgraduate Certificate Medical and Clinical Education","","https://www.essex.ac.uk/courses/PG01008/3/Postgraduate-Certificate-Medical-and-Clinical-Education","postgraduate/pg01008-3-postgraduate-certificate-medical-and-clinical-education.md","postgraduate","{
  ""courseName"": ""Postgraduate Certificate Medical and Clinical Education"",
  ""courseUrlExternal"": ""https://www.essex.ac.uk/courses/PG01008/3/Postgraduate-Certificate-Medical-and-Clinical-Education"",
  ""degreeName"": """",
  ""level"": """",
  ""studyMode"": """",
  ""award"": """",
  ""intakeInfo"": ""October 2026"",
  ""courseDuration"": ""6 months - 5 years"",
  ""tuitionFee"": """",
  ""currency"": """",
  ""ieltsMinOverall"": """",
  ""ieltsMinSection"": """"
}","","","","postgraduate/pg01008-3-postgraduate-certificate-medical-and-clinical-education.md","","","","","","","",""
"University of Essex","MSc Financial Data Analytics","MSc","https://www.essex.ac.uk/courses/PG01014/1/MSc-Financial-Data-Analytics","postgraduate/pg01014-1-msc-financial-data-analytics.md","postgraduate","{
  ""courseName"": ""MSc Financial Data Analytics"",
  ""courseUrlExternal"": ""https://www.essex.ac.uk/courses/PG01014/1/MSc-Financial-Data-Analytics"",
  ""degreeName"": ""MSc"",
  ""level"": """",
  ""studyMode"": """",
  ""award"": """",
  ""intakeInfo"": ""October 2026"",
  ""courseDuration"": ""1 year"",
  ""tuitionFee"": """",
  ""currency"": """",
  ""ieltsMinOverall"": """",
  ""ieltsMinSection"": """"
}","","","","postgraduate/pg01014-1-msc-financial-data-analytics.md","","","","","","","",""
"University of Essex","MSc Business Analytics","MSc","https://www.essex.ac.uk/courses/PG01023/1/MSc-Business-Analytics","postgraduate/pg01023-1-msc-business-analytics.md","postgraduate","{
  ""courseName"": ""MSc Business Analytics"",
  ""courseUrlExternal"": ""https://www.essex.ac.uk/courses/PG01023/1/MSc-Business-Analytics"",
  ""degreeName"": ""MSc"",
  ""level"": """",
  ""studyMode"": """",
  ""award"": """",
  ""intakeInfo"": ""October 2026"",
  ""courseDuration"": ""1 year"",
  ""tuitionFee"": """",
  ""currency"": """",
  ""ieltsMinOverall"": """",
  ""ieltsMinSection"": """"
}","","","","postgraduate/pg01023-1-msc-business-analytics.md","","","","","","","",""
"University of Essex","MSc Periodontology","MSc","https://www.essex.ac.uk/courses/PG01030/2/MSc-Periodontology","postgraduate/pg01030-2-msc-periodontology.md","postgraduate","{
  ""courseName"": ""MSc Periodontology"",
  ""courseUrlExternal"": ""https://www.essex.ac.uk/courses/PG01030/2/MSc-Periodontology"",
  ""degreeName"": ""MSc"",
  ""level"": """",
  ""studyMode"": """",
  ""award"": """",
  ""intakeInfo"": ""October 2026"",
  ""courseDuration"": ""3 years"",
  ""tuitionFee"": """",
  ""currency"": """",
  ""ieltsMinOverall"": """",
  ""ieltsMinSection"": """"
}","","","","postgraduate/pg01030-2-msc-periodontology.md","","","","","","","",""
"University of Essex","MSc Advanced Periodontal Practice","MSc","https://www.essex.ac.uk/courses/PG01031/2/MSc-Advanced-Periodontal-Practice","postgraduate/pg01031-2-msc-advanced-periodontal-practice.md","postgraduate","{
  ""courseName"": ""MSc Advanced Periodontal Practice"",
  ""courseUrlExternal"": ""https://www.essex.ac.uk/courses/PG01031/2/MSc-Advanced-Periodontal-Practice"",
  ""degreeName"": ""MSc"",
  ""level"": """",
  ""studyMode"": """",
  ""award"": """",
  ""intakeInfo"": ""October 2026"",
  ""courseDuration"": ""3 years"",
  ""tuitionFee"": """",
  ""currency"": """",
  ""ieltsMinOverall"": """",
  ""ieltsMinSection"": """"
}","","","","postgraduate/pg01031-2-msc-advanced-periodontal-practice.md","","","","","","","",""
"University of Essex","MSc Human Resource Management","MSc","https://www.essex.ac.uk/courses/PG01036/1/MSc-Human-Resource-Management","postgraduate/pg01036-1-msc-human-resource-management.md","postgraduate","{
  ""courseName"": ""MSc Human Resource Management"",
  ""courseUrlExternal"": ""https://www.essex.ac.uk/courses/PG01036/1/MSc-Human-Resource-Management"",
  ""degreeName"": ""MSc"",
  ""level"": """",
  ""studyMode"": """",
  ""award"": """",
  ""intakeInfo"": ""October 2026"",
  ""courseDuration"": ""1 year"",
  ""tuitionFee"": """",
  ""currency"": """",
  ""ieltsMinOverall"": """",
  ""ieltsMinSection"": """"
}","","","","postgraduate/pg01036-1-msc-human-resource-management.md","","","","","","","",""
"University of Essex","MSc Cancer Biology","MSc","https://www.essex.ac.uk/courses/PG01046/1/MSc-Cancer-Biology","postgraduate/pg01046-1-msc-cancer-biology.md","postgraduate","{
  ""courseName"": ""MSc Cancer Biology"",
  ""courseUrlExternal"": ""https://www.essex.ac.uk/courses/PG01046/1/MSc-Cancer-Biology"",
  ""degreeName"": ""MSc"",
  ""level"": """",
  ""studyMode"": """",
  ""award"": """",
  ""intakeInfo"": ""October 2026"",
  ""courseDuration"": ""1 year"",
  ""tuitionFee"": """",
  ""currency"": """",
  ""ieltsMinOverall"": """",
  ""ieltsMinSection"": """"
}","","","","postgraduate/pg01046-1-msc-cancer-biology.md","","","","","","","",""
"University of Essex","MRes Political Science","MRes","https://www.essex.ac.uk/courses/PG01053/1/MRes-Political-Science-MRES","postgraduate/pg01053-1-mres-political-science-mres.md","postgraduate","{
  ""courseName"": ""MRes Political Science"",
  ""courseUrlExternal"": ""https://www.essex.ac.uk/courses/PG01053/1/MRes-Political-Science-MRES"",
  ""degreeName"": ""MRes"",
  ""level"": """",
  ""studyMode"": """",
  ""award"": """",
  ""intakeInfo"": ""October 2026"",
  ""courseDuration"": ""2 years"",
  ""tuitionFee"": """",
  ""currency"": """",
  ""ieltsMinOverall"": """",
  ""ieltsMinSection"": """"
}","","","","postgraduate/pg01053-1-mres-political-science-mres.md","","","","","","","",""
"University of Essex","MSc Actuarial Science","MSc","https://www.essex.ac.uk/courses/PG01081/1/MSc-Actuarial-Science","postgraduate/pg01081-1-msc-actuarial-science.md","postgraduate","{
  ""courseName"": ""MSc Actuarial Science"",
  ""courseUrlExternal"": ""https://www.essex.ac.uk/courses/PG01081/1/MSc-Actuarial-Science"",
  ""degreeName"": ""MSc"",
  ""level"": """",
  ""studyMode"": """",
  ""award"": """",
  ""intakeInfo"": ""October 2026"",
  ""courseDuration"": ""1 year"",
  ""tuitionFee"": """",
  ""currency"": """",
  ""ieltsMinOverall"": """",
  ""ieltsMinSection"": """"
}","","","","postgraduate/pg01081-1-msc-actuarial-science.md","","","","","","","",""
"University of Essex","Postgraduate Diploma Actuarial Science","","https://www.essex.ac.uk/courses/PG01081/2/Postgraduate-Diploma-Actuarial-Science","postgraduate/pg01081-2-postgraduate-diploma-actuarial-science.md","postgraduate","{
  ""courseName"": ""Postgraduate Diploma Actuarial Science"",
  ""courseUrlExternal"": ""https://www.essex.ac.uk/courses/PG01081/2/Postgraduate-Diploma-Actuarial-Science"",
  ""degreeName"": """",
  ""level"": """",
  ""studyMode"": """",
  ""award"": """",
  ""intakeInfo"": ""October 2026"",
  ""courseDuration"": ""9 months"",
  ""tuitionFee"": """",
  ""currency"": """",
  ""ieltsMinOverall"": """",
  ""ieltsMinSection"": """"
}","","","","postgraduate/pg01081-2-postgraduate-diploma-actuarial-science.md","","","","","","","",""
"University of Essex","Postgraduate Certificate Musculoskeletal Ultrasound Imaging","","https://www.essex.ac.uk/courses/PG01084/1/Postgraduate-Certificate-Musculoskeletal-Ultrasound-Imaging","postgraduate/pg01084-1-postgraduate-certificate-musculoskeletal-ultrasound-imaging.md","postgraduate","{
  ""courseName"": ""Postgraduate Certificate Musculoskeletal Ultrasound Imaging"",
  ""courseUrlExternal"": ""https://www.essex.ac.uk/courses/PG01084/1/Postgraduate-Certificate-Musculoskeletal-Ultrasound-Imaging"",
  ""degreeName"": """",
  ""level"": """",
  ""studyMode"": """",
  ""award"": """",
  ""intakeInfo"": ""October 2026"",
  ""courseDuration"": ""1 year - 5 years"",
  ""tuitionFee"": """",
  ""currency"": """",
  ""ieltsMinOverall"": """",
  ""ieltsMinSection"": """"
}","","","","postgraduate/pg01084-1-postgraduate-certificate-musculoskeletal-ultrasound-imaging.md","","","","","","","",""
"University of Essex","Postgraduate Diploma Musculoskeletal Ultrasound Imaging","","https://www.essex.ac.uk/courses/PG01084/2/Postgraduate-Diploma-Musculoskeletal-Ultrasound-Imaging","postgraduate/pg01084-2-postgraduate-diploma-musculoskeletal-ultrasound-imaging.md","postgraduate","{
  ""courseName"": ""Postgraduate Diploma Musculoskeletal Ultrasound Imaging"",
  ""courseUrlExternal"": ""https://www.essex.ac.uk/courses/PG01084/2/Postgraduate-Diploma-Musculoskeletal-Ultrasound-Imaging"",
  ""degreeName"": """",
  ""level"": """",
  ""studyMode"": """",
  ""award"": """",
  ""intakeInfo"": ""October 2026"",
  ""courseDuration"": ""2 - 5 years"",
  ""tuitionFee"": """",
  ""currency"": """",
  ""ieltsMinOverall"": """",
  ""ieltsMinSection"": """"
}","","","","postgraduate/pg01084-2-postgraduate-diploma-musculoskeletal-ultrasound-imaging.md","","","","","","","",""
"University of Essex","MSc Musculoskeletal Ultrasound Imaging","MSc","https://www.essex.ac.uk/courses/PG01084/3/MSc-Musculoskeletal-Ultrasound-Imaging","postgraduate/pg01084-3-msc-musculoskeletal-ultrasound-imaging.md","postgraduate","{
  ""courseName"": ""MSc Musculoskeletal Ultrasound Imaging"",
  ""courseUrlExternal"": ""https://www.essex.ac.uk/courses/PG01084/3/MSc-Musculoskeletal-Ultrasound-Imaging"",
  ""degreeName"": ""MSc"",
  ""level"": """",
  ""studyMode"": """",
  ""award"": """",
  ""intakeInfo"": ""October 2026"",
  ""courseDuration"": ""2 - 6 years"",
  ""tuitionFee"": """",
  ""currency"": """",
  ""ieltsMinOverall"": """",
  ""ieltsMinSection"": """"
}","","","","postgraduate/pg01084-3-msc-musculoskeletal-ultrasound-imaging.md","","","","","","","",""
"University of Essex","Master of Business Management MBM","","https://www.essex.ac.uk/courses/PG01101/2/Master-of-Business-Management-MBM","postgraduate/pg01101-2-master-of-business-management-mbm.md","postgraduate","{
  ""courseName"": ""Master of Business Management MBM"",
  ""courseUrlExternal"": ""https://www.essex.ac.uk/courses/PG01101/2/Master-of-Business-Management-MBM"",
  ""degreeName"": """",
  ""level"": """",
  ""studyMode"": """",
  ""award"": """",
  ""intakeInfo"": ""October 2026"",
  ""courseDuration"": ""1 year"",
  ""tuitionFee"": """",
  ""currency"": """",
  ""ieltsMinOverall"": """",
  ""ieltsMinSection"": """"
}","","","","postgraduate/pg01101-2-master-of-business-management-mbm.md","","","","","","","",""
"University of Essex","MSc International Logistics and Supply Chain Management","MSc","https://www.essex.ac.uk/courses/PG01102/1/MSc-International-Logistics-and-Supply-Chain-Management","postgraduate/pg01102-1-msc-international-logistics-and-supply-chain-management.md","postgraduate","{
  ""courseName"": ""MSc International Logistics and Supply Chain Management"",
  ""courseUrlExternal"": ""https://www.essex.ac.uk/courses/PG01102/1/MSc-International-Logistics-and-Supply-Chain-Management"",
  ""degreeName"": ""MSc"",
  ""level"": """",
  ""studyMode"": """",
  ""award"": """",
  ""intakeInfo"": ""October 2026"",
  ""courseDuration"": ""1 year"",
  ""tuitionFee"": """",
  ""currency"": """",
  ""ieltsMinOverall"": """",
  ""ieltsMinSection"": """"
}","","","","postgraduate/pg01102-1-msc-international-logistics-and-supply-chain-management.md","","","","","","","",""
"University of Essex","MSc International Hospitality Management","MSc","https://www.essex.ac.uk/courses/PG01115/1/MSc-International-Hospitality-Management","postgraduate/pg01115-1-msc-international-hospitality-management.md","postgraduate","{
  ""courseName"": ""MSc International Hospitality Management"",
  ""courseUrlExternal"": ""https://www.essex.ac.uk/courses/PG01115/1/MSc-International-Hospitality-Management"",
  ""degreeName"": ""MSc"",
  ""level"": """",
  ""studyMode"": """",
  ""award"": """",
  ""intakeInfo"": ""October 2026"",
  ""courseDuration"": ""1 year"",
  ""tuitionFee"": """",
  ""currency"": """",
  ""ieltsMinOverall"": """",
  ""ieltsMinSection"": """"
}","","","","postgraduate/pg01115-1-msc-international-hospitality-management.md","","","","","","","",""
"University of Essex","MSc Sport and Exercise Science","MSc","https://www.essex.ac.uk/courses/PG01127/1/MSc-Sport-and-Exercise-Science","postgraduate/pg01127-1-msc-sport-and-exercise-science.md","postgraduate","{
  ""courseName"": ""MSc Sport and Exercise Science"",
  ""courseUrlExternal"": ""https://www.essex.ac.uk/courses/PG01127/1/MSc-Sport-and-Exercise-Science"",
  ""degreeName"": ""MSc"",
  ""level"": """",
  ""studyMode"": """",
  ""award"": """",
  ""intakeInfo"": ""October 2026"",
  ""courseDuration"": ""1 year"",
  ""tuitionFee"": """",
  ""currency"": """",
  ""ieltsMinOverall"": """",
  ""ieltsMinSection"": """"
}","","","","postgraduate/pg01127-1-msc-sport-and-exercise-science.md","","","","","","","",""
"University of Essex","MA Migration Studies","MA","https://www.essex.ac.uk/courses/PG01140/1/MA-Migration-Studies","postgraduate/pg01140-1-ma-migration-studies.md","postgraduate","{
  ""courseName"": ""MA Migration Studies"",
  ""courseUrlExternal"": ""https://www.essex.ac.uk/courses/PG01140/1/MA-Migration-Studies"",
  ""degreeName"": ""MA"",
  ""level"": """",
  ""studyMode"": """",
  ""award"": """",
  ""intakeInfo"": ""October 2026"",
  ""courseDuration"": ""1 year"",
  ""tuitionFee"": """",
  ""currency"": """",
  ""ieltsMinOverall"": """",
  ""ieltsMinSection"": """"
}","","","","postgraduate/pg01140-1-ma-migration-studies.md","","","","","","","",""
"University of Essex","MSc Migration Studies","MSc","https://www.essex.ac.uk/courses/PG01140/2/MSc-Migration-Studies","postgraduate/pg01140-2-msc-migration-studies.md","postgraduate","{
  ""courseName"": ""MSc Migration Studies"",
  ""courseUrlExternal"": ""https://www.essex.ac.uk/courses/PG01140/2/MSc-Migration-Studies"",
  ""degreeName"": ""MSc"",
  ""level"": """",
  ""studyMode"": """",
  ""award"": """",
  ""intakeInfo"": ""October 2026"",
  ""courseDuration"": ""1 year"",
  ""tuitionFee"": """",
  ""currency"": """",
  ""ieltsMinOverall"": """",
  ""ieltsMinSection"": """"
}","","","","postgraduate/pg01140-2-msc-migration-studies.md","","","","","","","",""
"University of Essex","MSc Cognitive Neuroscience and Neuropsychology","MSc","https://www.essex.ac.uk/courses/PG01145/1/MSc-Cognitive-Neuroscience-and-Neuropsychology","postgraduate/pg01145-1-msc-cognitive-neuroscience-and-neuropsychology.md","postgraduate","{
  ""courseName"": ""MSc Cognitive Neuroscience and Neuropsychology"",
  ""courseUrlExternal"": ""https://www.essex.ac.uk/courses/PG01145/1/MSc-Cognitive-Neuroscience-and-Neuropsychology"",
  ""degreeName"": ""MSc"",
  ""level"": """",
  ""studyMode"": """",
  ""award"": """",
  ""intakeInfo"": ""October 2026"",
  ""courseDuration"": ""1 year"",
  ""tuitionFee"": """",
  ""currency"": """",
  ""ieltsMinOverall"": """",
  ""ieltsMinSection"": """"
}","","","","postgraduate/pg01145-1-msc-cognitive-neuroscience-and-neuropsychology.md","","","","","","","",""
"University of Essex","MSc Sport and Exercise Psychology","MSc","https://www.essex.ac.uk/courses/PG01146/1/MSc-Sport-and-Exercise-Psychology","postgraduate/pg01146-1-msc-sport-and-exercise-psychology.md","postgraduate","{
  ""courseName"": ""MSc Sport and Exercise Psychology"",
  ""courseUrlExternal"": ""https://www.essex.ac.uk/courses/PG01146/1/MSc-Sport-and-Exercise-Psychology"",
  ""degreeName"": ""MSc"",
  ""level"": """",
  ""studyMode"": """",
  ""award"": """",
  ""intakeInfo"": ""October 2026"",
  ""courseDuration"": ""1 year"",
  ""tuitionFee"": """",
  ""currency"": """",
  ""ieltsMinOverall"": """",
  ""ieltsMinSection"": """"
}","","","","postgraduate/pg01146-1-msc-sport-and-exercise-psychology.md","","","","","","","",""
"University of Essex","MA Theatre Practice","MA","https://www.essex.ac.uk/courses/PG01301/1/MA-Theatre-Practice","postgraduate/pg01301-1-ma-theatre-practice.md","postgraduate","{
  ""courseName"": ""MA Theatre Practice"",
  ""courseUrlExternal"": ""https://www.essex.ac.uk/courses/PG01301/1/MA-Theatre-Practice"",
  ""degreeName"": ""MA"",
  ""level"": """",
  ""studyMode"": """",
  ""award"": """",
  ""intakeInfo"": ""October 2026"",
  ""courseDuration"": ""1 year"",
  ""tuitionFee"": """",
  ""currency"": """",
  ""ieltsMinOverall"": """",
  ""ieltsMinSection"": """"
}","","","","postgraduate/pg01301-1-ma-theatre-practice.md","","","","","","","",""
"University of Essex","MA International Development","MA","https://www.essex.ac.uk/courses/PG01302/1/MA-International-Development","postgraduate/pg01302-1-ma-international-development.md","postgraduate","{
  ""courseName"": ""MA International Development"",
  ""courseUrlExternal"": ""https://www.essex.ac.uk/courses/PG01302/1/MA-International-Development"",
  ""degreeName"": ""MA"",
  ""level"": """",
  ""studyMode"": """",
  ""award"": """",
  ""intakeInfo"": ""October 2026"",
  ""courseDuration"": ""1 year"",
  ""tuitionFee"": """",
  ""currency"": """",
  ""ieltsMinOverall"": """",
  ""ieltsMinSection"": """"
}","","","","postgraduate/pg01302-1-ma-international-development.md","","","","","","","",""
"University of Essex","MSc Quantitative International Development","MSc","https://www.essex.ac.uk/courses/PG01303/1/MSc-Quantitative-International-Development","postgraduate/pg01303-1-msc-quantitative-international-development.md","postgraduate","{
  ""courseName"": ""MSc Quantitative International Development"",
  ""courseUrlExternal"": ""https://www.essex.ac.uk/courses/PG01303/1/MSc-Quantitative-International-Development"",
  ""degreeName"": ""MSc"",
  ""level"": """",
  ""studyMode"": """",
  ""award"": """",
  ""intakeInfo"": ""October 2026"",
  ""courseDuration"": ""1 year"",
  ""tuitionFee"": """",
  ""currency"": """",
  ""ieltsMinOverall"": """",
  ""ieltsMinSection"": """"
}","","","","postgraduate/pg01303-1-msc-quantitative-international-development.md","","","","","","","",""
"University of Essex","MSc Social Data Science","MSc","https://www.essex.ac.uk/courses/PG01314/1/MSc-Social-Data-Science","postgraduate/pg01314-1-msc-social-data-science.md","postgraduate","{
  ""courseName"": ""MSc Social Data Science"",
  ""courseUrlExternal"": ""https://www.essex.ac.uk/courses/PG01314/1/MSc-Social-Data-Science"",
  ""degreeName"": ""MSc"",
  ""level"": """",
  ""studyMode"": """",
  ""award"": """",
  ""intakeInfo"": ""October 2026"",
  ""courseDuration"": ""1 year"",
  ""tuitionFee"": """",
  ""currency"": """",
  ""ieltsMinOverall"": """",
  ""ieltsMinSection"": """"
}","","","","postgraduate/pg01314-1-msc-social-data-science.md","","","","","","","",""
"University of Essex","MA Social Work","MA","https://www.essex.ac.uk/courses/PG01325/1/MA-Social-Work","postgraduate/pg01325-1-ma-social-work.md","postgraduate","{
  ""courseName"": ""MA Social Work"",
  ""courseUrlExternal"": ""https://www.essex.ac.uk/courses/PG01325/1/MA-Social-Work"",
  ""degreeName"": ""MA"",
  ""level"": """",
  ""studyMode"": """",
  ""award"": """",
  ""intakeInfo"": ""October 2026"",
  ""courseDuration"": ""1 year 9 months"",
  ""tuitionFee"": """",
  ""currency"": """",
  ""ieltsMinOverall"": """",
  ""ieltsMinSection"": """"
}","","","","postgraduate/pg01325-1-ma-social-work.md","","","","","","","",""
"University of Essex","MA War, Culture and Society","MA","https://www.essex.ac.uk/courses/PG01339/1/MA-War-Culture-and-Society","postgraduate/pg01339-1-ma-war-culture-and-society.md","postgraduate","{
  ""courseName"": ""MA War, Culture and Society"",
  ""courseUrlExternal"": ""https://www.essex.ac.uk/courses/PG01339/1/MA-War-Culture-and-Society"",
  ""degreeName"": ""MA"",
  ""level"": """",
  ""studyMode"": """",
  ""award"": """",
  ""intakeInfo"": ""October 2026"",
  ""courseDuration"": ""1 year"",
  ""tuitionFee"": """",
  ""currency"": """",
  ""ieltsMinOverall"": """",
  ""ieltsMinSection"": """"
}","","","","postgraduate/pg01339-1-ma-war-culture-and-society.md","","","","","","","",""
"University of Essex","MSc Economics with Data Science","MSc","https://www.essex.ac.uk/courses/PG01347/1/MSc-Economics-with-Data-Science","postgraduate/pg01347-1-msc-economics-with-data-science.md","postgraduate","{
  ""courseName"": ""MSc Economics with Data Science"",
  ""courseUrlExternal"": ""https://www.essex.ac.uk/courses/PG01347/1/MSc-Economics-with-Data-Science"",
  ""degreeName"": ""MSc"",
  ""level"": """",
  ""studyMode"": """",
  ""award"": """",
  ""intakeInfo"": ""October 2026"",
  ""courseDuration"": ""1 year"",
  ""tuitionFee"": """",
  ""currency"": """",
  ""ieltsMinOverall"": """",
  ""ieltsMinSection"": """"
}","","","","postgraduate/pg01347-1-msc-economics-with-data-science.md","","","","","","","",""
"University of Essex","MSc Health Genomics","MSc","https://www.essex.ac.uk/courses/PG01365/1/MSc-Health-Genomics","postgraduate/pg01365-1-msc-health-genomics.md","postgraduate","{
  ""courseName"": ""MSc Health Genomics"",
  ""courseUrlExternal"": ""https://www.essex.ac.uk/courses/PG01365/1/MSc-Health-Genomics"",
  ""degreeName"": ""MSc"",
  ""level"": """",
  ""studyMode"": """",
  ""award"": """",
  ""intakeInfo"": ""October 2026"",
  ""courseDuration"": ""1 year"",
  ""tuitionFee"": """",
  ""currency"": """",
  ""ieltsMinOverall"": """",
  ""ieltsMinSection"": """"
}","","","","postgraduate/pg01365-1-msc-health-genomics.md","","","","","","","",""
"University of Essex","MA Literature and Creative Writing","MA","https://www.essex.ac.uk/courses/PG01373/1/MA-Literature-and-Creative-Writing","postgraduate/pg01373-1-ma-literature-and-creative-writing.md","postgraduate","{
  ""courseName"": ""MA Literature and Creative Writing"",
  ""courseUrlExternal"": ""https://www.essex.ac.uk/courses/PG01373/1/MA-Literature-and-Creative-Writing"",
  ""degreeName"": ""MA"",
  ""level"": """",
  ""studyMode"": """",
  ""award"": """",
  ""intakeInfo"": ""October 2026"",
  ""courseDuration"": ""1 year"",
  ""tuitionFee"": """",
  ""currency"": """",
  ""ieltsMinOverall"": """",
  ""ieltsMinSection"": """"
}","","","","postgraduate/pg01373-1-ma-literature-and-creative-writing.md","","","","","","","",""
"University of Essex","MA Sociology and Criminology","MA","https://www.essex.ac.uk/courses/PG01378/1/MA-Sociology-and-Criminology","postgraduate/pg01378-1-ma-sociology-and-criminology.md","postgraduate","{
  ""courseName"": ""MA Sociology and Criminology"",
  ""courseUrlExternal"": ""https://www.essex.ac.uk/courses/PG01378/1/MA-Sociology-and-Criminology"",
  ""degreeName"": ""MA"",
  ""level"": """",
  ""studyMode"": """",
  ""award"": """",
  ""intakeInfo"": ""October 2026"",
  ""courseDuration"": ""1 year"",
  ""tuitionFee"": """",
  ""currency"": """",
  ""ieltsMinOverall"": """",
  ""ieltsMinSection"": """"
}","","","","postgraduate/pg01378-1-ma-sociology-and-criminology.md","","","","","","","",""
"University of Essex","Master of Public Policy: The Essex MPP","","https://www.essex.ac.uk/courses/PG01379/1/Master-of-Public-Policy-The-Essex-MPP","postgraduate/pg01379-1-master-of-public-policy-the-essex-mpp.md","postgraduate","{
  ""courseName"": ""Master of Public Policy: The Essex MPP"",
  ""courseUrlExternal"": ""https://www.essex.ac.uk/courses/PG01379/1/Master-of-Public-Policy-The-Essex-MPP"",
  ""degreeName"": """",
  ""level"": """",
  ""studyMode"": """",
  ""award"": """",
  ""intakeInfo"": ""October 2026"",
  ""courseDuration"": ""1 year"",
  ""tuitionFee"": """",
  ""currency"": """",
  ""ieltsMinOverall"": """",
  ""ieltsMinSection"": """"
}","","","","postgraduate/pg01379-1-master-of-public-policy-the-essex-mpp.md","","","","","","","",""
"University of Essex","MSc Financial Technology","MSc","https://www.essex.ac.uk/courses/PG01382/1/MSc-Financial-Technology-Computer-Science","postgraduate/pg01382-1-msc-financial-technology-computer-science.md","postgraduate","{
  ""courseName"": ""MSc Financial Technology"",
  ""courseUrlExternal"": ""https://www.essex.ac.uk/courses/PG01382/1/MSc-Financial-Technology-Computer-Science"",
  ""degreeName"": ""MSc"",
  ""level"": """",
  ""studyMode"": """",
  ""award"": """",
  ""intakeInfo"": ""October 2026"",
  ""courseDuration"": ""1 year"",
  ""tuitionFee"": """",
  ""currency"": """",
  ""ieltsMinOverall"": """",
  ""ieltsMinSection"": """"
}","","","","postgraduate/pg01382-1-msc-financial-technology-computer-science.md","","","","","","","",""
"University of Essex","LLM International Law","","https://www.essex.ac.uk/courses/PG01386/1/LLM-International-Law","postgraduate/pg01386-1-llm-international-law.md","postgraduate","{
  ""courseName"": ""LLM International Law"",
  ""courseUrlExternal"": ""https://www.essex.ac.uk/courses/PG01386/1/LLM-International-Law"",
  ""degreeName"": """",
  ""level"": """",
  ""studyMode"": """",
  ""award"": """",
  ""intakeInfo"": ""October 2026"",
  ""courseDuration"": ""1 year"",
  ""tuitionFee"": """",
  ""currency"": """",
  ""ieltsMinOverall"": """",
  ""ieltsMinSection"": """"
}","","","","postgraduate/pg01386-1-llm-international-law.md","","","","","","","",""
"University of Essex","MSc Applied Data Science","MSc","https://www.essex.ac.uk/courses/PG01389/1/MSc-Applied-Data-Science","postgraduate/pg01389-1-msc-applied-data-science.md","postgraduate","{
  ""courseName"": ""MSc Applied Data Science"",
  ""courseUrlExternal"": ""https://www.essex.ac.uk/courses/PG01389/1/MSc-Applied-Data-Science"",
  ""degreeName"": ""MSc"",
  ""level"": """",
  ""studyMode"": """",
  ""award"": """",
  ""intakeInfo"": ""October 2026"",
  ""courseDuration"": ""1 year"",
  ""tuitionFee"": """",
  ""currency"": """",
  ""ieltsMinOverall"": """",
  ""ieltsMinSection"": """"
}","","","","postgraduate/pg01389-1-msc-applied-data-science.md","","","","","","","",""
"University of Essex","MSc Applications of Artificial Intelligence","MSc","https://www.essex.ac.uk/courses/PG01399/1/MSc-Applications-of-Artificial-Intelligence","postgraduate/pg01399-1-msc-applications-of-artificial-intelligence.md","postgraduate","{
  ""courseName"": ""MSc Applications of Artificial Intelligence"",
  ""courseUrlExternal"": ""https://www.essex.ac.uk/courses/PG01399/1/MSc-Applications-of-Artificial-Intelligence"",
  ""degreeName"": ""MSc"",
  ""level"": """",
  ""studyMode"": """",
  ""award"": """",
  ""intakeInfo"": ""October 2026"",
  ""courseDuration"": ""1 year"",
  ""tuitionFee"": """",
  ""currency"": """",
  ""ieltsMinOverall"": """",
  ""ieltsMinSection"": """"
}","","","","postgraduate/pg01399-1-msc-applications-of-artificial-intelligence.md","","","","","","","",""
"University of Essex","MSc Data Science and its Applications","MSc","https://www.essex.ac.uk/courses/PG01404/1/MSc-Data-Science-and-its-Applications","postgraduate/pg01404-1-msc-data-science-and-its-applications.md","postgraduate","{
  ""courseName"": ""MSc Data Science and its Applications"",
  ""courseUrlExternal"": ""https://www.essex.ac.uk/courses/PG01404/1/MSc-Data-Science-and-its-Applications"",
  ""degreeName"": ""MSc"",
  ""level"": """",
  ""studyMode"": """",
  ""award"": """",
  ""intakeInfo"": ""October 2026"",
  ""courseDuration"": ""1 year"",
  ""tuitionFee"": """",
  ""currency"": """",
  ""ieltsMinOverall"": """",
  ""ieltsMinSection"": """"
}","","","","postgraduate/pg01404-1-msc-data-science-and-its-applications.md","","","","","","","",""
"University of Essex","MA Environmental Futures with Climate Change","MA","https://www.essex.ac.uk/courses/PG01406/1/MA-Environmental-Futures-with-Climate-Change","postgraduate/pg01406-1-ma-environmental-futures-with-climate-change.md","postgraduate","{
  ""courseName"": ""MA Environmental Futures with Climate Change"",
  ""courseUrlExternal"": ""https://www.essex.ac.uk/courses/PG01406/1/MA-Environmental-Futures-with-Climate-Change"",
  ""degreeName"": ""MA"",
  ""level"": """",
  ""studyMode"": """",
  ""award"": """",
  ""intakeInfo"": ""October 2026"",
  ""courseDuration"": ""1 year"",
  ""tuitionFee"": """",
  ""currency"": """",
  ""ieltsMinOverall"": """",
  ""ieltsMinSection"": """"
}","","","","postgraduate/pg01406-1-ma-environmental-futures-with-climate-change.md","","","","","","","",""
"University of Essex","MSc Environmental Futures with Climate Change","MSc","https://www.essex.ac.uk/courses/PG01406/2/MSc-Environmental-Futures-with-Climate-Change","postgraduate/pg01406-2-msc-environmental-futures-with-climate-change.md","postgraduate","{
  ""courseName"": ""MSc Environmental Futures with Climate Change"",
  ""courseUrlExternal"": ""https://www.essex.ac.uk/courses/PG01406/2/MSc-Environmental-Futures-with-Climate-Change"",
  ""degreeName"": ""MSc"",
  ""level"": """",
  ""studyMode"": """",
  ""award"": """",
  ""intakeInfo"": ""October 2026"",
  ""courseDuration"": ""1 year"",
  ""tuitionFee"": """",
  ""currency"": """",
  ""ieltsMinOverall"": """",
  ""ieltsMinSection"": """"
}","","","","postgraduate/pg01406-2-msc-environmental-futures-with-climate-change.md","","","","","","","",""
"University of Essex","MA Childhood Studies","MA","https://www.essex.ac.uk/courses/PG01407/1/MA-Childhood-Studies","postgraduate/pg01407-1-ma-childhood-studies.md","postgraduate","{
  ""courseName"": ""MA Childhood Studies"",
  ""courseUrlExternal"": ""https://www.essex.ac.uk/courses/PG01407/1/MA-Childhood-Studies"",
  ""degreeName"": ""MA"",
  ""level"": """",
  ""studyMode"": """",
  ""award"": """",
  ""intakeInfo"": ""October 2026"",
  ""courseDuration"": ""1 year"",
  ""tuitionFee"": """",
  ""currency"": """",
  ""ieltsMinOverall"": """",
  ""ieltsMinSection"": """"
}","","","","postgraduate/pg01407-1-ma-childhood-studies.md","","","","","","","",""
"University of Essex","MA Heritage and Museum Studies","MA","https://www.essex.ac.uk/courses/PG01431/1/MA-Heritage-and-Museum-Studies","postgraduate/pg01431-1-ma-heritage-and-museum-studies.md","postgraduate","{
  ""courseName"": ""MA Heritage and Museum Studies"",
  ""courseUrlExternal"": ""https://www.essex.ac.uk/courses/PG01431/1/MA-Heritage-and-Museum-Studies"",
  ""degreeName"": ""MA"",
  ""level"": """",
  ""studyMode"": """",
  ""award"": """",
  ""intakeInfo"": ""October 2026"",
  ""courseDuration"": ""1 year"",
  ""tuitionFee"": """",
  ""currency"": """",
  ""ieltsMinOverall"": """",
  ""ieltsMinSection"": """"
}","","","","postgraduate/pg01431-1-ma-heritage-and-museum-studies.md","","","","","","","",""
"University of Essex","MA Heritage and Museum Studies with Professional Placement","MA","https://www.essex.ac.uk/courses/PG01431/2/MA-Heritage-and-Museum-Studies","postgraduate/pg01431-2-ma-heritage-and-museum-studies.md","postgraduate","{
  ""courseName"": ""MA Heritage and Museum Studies with Professional Placement"",
  ""courseUrlExternal"": ""https://www.essex.ac.uk/courses/PG01431/2/MA-Heritage-and-Museum-Studies"",
  ""degreeName"": ""MA"",
  ""level"": """",
  ""studyMode"": """",
  ""award"": """",
  ""intakeInfo"": ""October 2026"",
  ""courseDuration"": ""2 years"",
  ""tuitionFee"": """",
  ""currency"": """",
  ""ieltsMinOverall"": """",
  ""ieltsMinSection"": """"
}","","","","postgraduate/pg01431-2-ma-heritage-and-museum-studies.md","","","","","","","",""
"University of Essex","MA History, Power, and Identity","MA","https://www.essex.ac.uk/courses/PG01443/1/MA-History-Power-and-Identity","postgraduate/pg01443-1-ma-history-power-and-identity.md","postgraduate","{
  ""courseName"": ""MA History, Power, and Identity"",
  ""courseUrlExternal"": ""https://www.essex.ac.uk/courses/PG01443/1/MA-History-Power-and-Identity"",
  ""degreeName"": ""MA"",
  ""level"": """",
  ""studyMode"": """",
  ""award"": """",
  ""intakeInfo"": ""October 2026"",
  ""courseDuration"": ""1 year"",
  ""tuitionFee"": """",
  ""currency"": """",
  ""ieltsMinOverall"": """",
  ""ieltsMinSection"": """"
}","","","","postgraduate/pg01443-1-ma-history-power-and-identity.md","","","","","","","",""
"University of Essex","MSc Global Public Health","MSc","https://www.essex.ac.uk/courses/PG01447/2/MSc-Global-Public-Health","postgraduate/pg01447-2-msc-global-public-health.md","postgraduate","{
  ""courseName"": ""MSc Global Public Health"",
  ""courseUrlExternal"": ""https://www.essex.ac.uk/courses/PG01447/2/MSc-Global-Public-Health"",
  ""degreeName"": ""MSc"",
  ""level"": """",
  ""studyMode"": """",
  ""award"": """",
  ""intakeInfo"": ""October 2026"",
  ""courseDuration"": ""2 years"",
  ""tuitionFee"": """",
  ""currency"": """",
  ""ieltsMinOverall"": """",
  ""ieltsMinSection"": """"
}","","","","postgraduate/pg01447-2-msc-global-public-health.md","","","","","","","",""
"University of Essex","Postgraduate Certificate First Contact Musculoskeletal Practice","","https://www.essex.ac.uk/courses/PG01450/1/Postgraduate-Certificate-First-Contact-Musculoskeletal-Practice","postgraduate/pg01450-1-postgraduate-certificate-first-contact-musculoskeletal-practice.md","postgraduate","{
  ""courseName"": ""Postgraduate Certificate First Contact Musculoskeletal Practice"",
  ""courseUrlExternal"": ""https://www.essex.ac.uk/courses/PG01450/1/Postgraduate-Certificate-First-Contact-Musculoskeletal-Practice"",
  ""degreeName"": """",
  ""level"": """",
  ""studyMode"": """",
  ""award"": """",
  ""intakeInfo"": ""October 2026"",
  ""courseDuration"": ""1 year - 5 years"",
  ""tuitionFee"": """",
  ""currency"": """",
  ""ieltsMinOverall"": """",
  ""ieltsMinSection"": """"
}","","","","postgraduate/pg01450-1-postgraduate-certificate-first-contact-musculoskeletal-practice.md","","","","","","","",""
"University of Essex","MA Economics with Public Policy","MA","https://www.essex.ac.uk/courses/PG01466/1/MA-Economics-with-Public-Policy","postgraduate/pg01466-1-ma-economics-with-public-policy.md","postgraduate","{
  ""courseName"": ""MA Economics with Public Policy"",
  ""courseUrlExternal"": ""https://www.essex.ac.uk/courses/PG01466/1/MA-Economics-with-Public-Policy"",
  ""degreeName"": ""MA"",
  ""level"": """",
  ""studyMode"": """",
  ""award"": """",
  ""intakeInfo"": ""October 2026"",
  ""courseDuration"": ""1 year"",
  ""tuitionFee"": """",
  ""currency"": """",
  ""ieltsMinOverall"": """",
  ""ieltsMinSection"": """"
}","","","","postgraduate/pg01466-1-ma-economics-with-public-policy.md","","","","","","","",""
"University of Essex","MSc Politics, Communications and Data Analytics","MSc","https://www.essex.ac.uk/courses/PG01481/1/MSc-Politics-Communications-and-Data-Analytics","postgraduate/pg01481-1-msc-politics-communications-and-data-analytics.md","postgraduate","{
  ""courseName"": ""MSc Politics, Communications and Data Analytics"",
  ""courseUrlExternal"": ""https://www.essex.ac.uk/courses/PG01481/1/MSc-Politics-Communications-and-Data-Analytics"",
  ""degreeName"": ""MSc"",
  ""level"": """",
  ""studyMode"": """",
  ""award"": """",
  ""intakeInfo"": ""October 2026"",
  ""courseDuration"": ""1 year"",
  ""tuitionFee"": """",
  ""currency"": """",
  ""ieltsMinOverall"": """",
  ""ieltsMinSection"": """"
}","","","","postgraduate/pg01481-1-msc-politics-communications-and-data-analytics.md","","","","","","","",""
"University of Essex","MA Acting for Digital Media","MA","https://www.essex.ac.uk/courses/PG01497/1/MA-Acting-for-Digital-Media","postgraduate/pg01497-1-ma-acting-for-digital-media.md","postgraduate","{
  ""courseName"": ""MA Acting for Digital Media"",
  ""courseUrlExternal"": ""https://www.essex.ac.uk/courses/PG01497/1/MA-Acting-for-Digital-Media"",
  ""degreeName"": ""MA"",
  ""level"": """",
  ""studyMode"": """",
  ""award"": """",
  ""intakeInfo"": ""October 2026"",
  ""courseDuration"": ""1 year"",
  ""tuitionFee"": """",
  ""currency"": """",
  ""ieltsMinOverall"": """",
  ""ieltsMinSection"": """"
}","","","","postgraduate/pg01497-1-ma-acting-for-digital-media.md","","","","","","","",""
"University of Essex","MFA Acting for Digital Media","MFA","https://www.essex.ac.uk/courses/PG01497/2/MFA-Acting-for-Digital-Media","postgraduate/pg01497-2-mfa-acting-for-digital-media.md","postgraduate","{
  ""courseName"": ""MFA Acting for Digital Media"",
  ""courseUrlExternal"": ""https://www.essex.ac.uk/courses/PG01497/2/MFA-Acting-for-Digital-Media"",
  ""degreeName"": ""MFA"",
  ""level"": """",
  ""studyMode"": """",
  ""award"": """",
  ""intakeInfo"": ""October 2026"",
  ""courseDuration"": ""2 years"",
  ""tuitionFee"": """",
  ""currency"": """",
  ""ieltsMinOverall"": """",
  ""ieltsMinSection"": """"
}","","","","postgraduate/pg01497-2-mfa-acting-for-digital-media.md","","","","","","","",""
"University of Essex","MSc Marine Science and Sustainable Development","MSc","https://www.essex.ac.uk/courses/PG01511/1/MSc-Marine-Science-and-Sustainable-Development","postgraduate/pg01511-1-msc-marine-science-and-sustainable-development.md","postgraduate","{
  ""courseName"": ""MSc Marine Science and Sustainable Development"",
  ""courseUrlExternal"": ""https://www.essex.ac.uk/courses/PG01511/1/MSc-Marine-Science-and-Sustainable-Development"",
  ""degreeName"": ""MSc"",
  ""level"": """",
  ""studyMode"": """",
  ""award"": """",
  ""intakeInfo"": ""October 2026"",
  ""courseDuration"": ""1 year"",
  ""tuitionFee"": """",
  ""currency"": """",
  ""ieltsMinOverall"": """",
  ""ieltsMinSection"": """"
}","","","","postgraduate/pg01511-1-msc-marine-science-and-sustainable-development.md","","","","","","","",""
"University of Essex","MSc Strength and Conditioning","MSc","https://www.essex.ac.uk/courses/PG01515/1/MSc-Strength-and-Conditioning","postgraduate/pg01515-1-msc-strength-and-conditioning.md","postgraduate","{
  ""courseName"": ""MSc Strength and Conditioning"",
  ""courseUrlExternal"": ""https://www.essex.ac.uk/courses/PG01515/1/MSc-Strength-and-Conditioning"",
  ""degreeName"": ""MSc"",
  ""level"": """",
  ""studyMode"": """",
  ""award"": """",
  ""intakeInfo"": ""September 2026"",
  ""courseDuration"": ""1 year"",
  ""tuitionFee"": """",
  ""currency"": """",
  ""ieltsMinOverall"": """",
  ""ieltsMinSection"": """"
}","","","","postgraduate/pg01515-1-msc-strength-and-conditioning.md","","","","","","","",""
"University of Essex","Postgraduate Diploma Musculoskeletal Practice","","https://www.essex.ac.uk/courses/PG01524/2/Postgraduate-Diploma-Musculoskeletal-Practice-Hand-Therapy","postgraduate/pg01524-2-postgraduate-diploma-musculoskeletal-practice-hand-therapy.md","postgraduate","{
  ""courseName"": ""Postgraduate Diploma Musculoskeletal Practice"",
  ""courseUrlExternal"": ""https://www.essex.ac.uk/courses/PG01524/2/Postgraduate-Diploma-Musculoskeletal-Practice-Hand-Therapy"",
  ""degreeName"": """",
  ""level"": """",
  ""studyMode"": """",
  ""award"": """",
  ""intakeInfo"": ""October 2026"",
  ""courseDuration"": ""2 - 5 years"",
  ""tuitionFee"": """",
  ""currency"": """",
  ""ieltsMinOverall"": """",
  ""ieltsMinSection"": """"
}","","","","postgraduate/pg01524-2-postgraduate-diploma-musculoskeletal-practice-hand-therapy.md","","","","","","","",""
"University of Essex","Postgraduate Certificate Musculoskeletal Practice","","https://www.essex.ac.uk/courses/PG01524/3/Postgraduate-Certificate-Musculoskeletal-Practice-Hand-Therapy","postgraduate/pg01524-3-postgraduate-certificate-musculoskeletal-practice-hand-therapy.md","postgraduate","{
  ""courseName"": ""Postgraduate Certificate Musculoskeletal Practice"",
  ""courseUrlExternal"": ""https://www.essex.ac.uk/courses/PG01524/3/Postgraduate-Certificate-Musculoskeletal-Practice-Hand-Therapy"",
  ""degreeName"": """",
  ""level"": """",
  ""studyMode"": """",
  ""award"": """",
  ""intakeInfo"": ""October 2026"",
  ""courseDuration"": ""1 year - 5 years"",
  ""tuitionFee"": """",
  ""currency"": """",
  ""ieltsMinOverall"": """",
  ""ieltsMinSection"": """"
}","","","","postgraduate/pg01524-3-postgraduate-certificate-musculoskeletal-practice-hand-therapy.md","","","","","","","",""
"University of Essex","MSc Musculoskeletal Practice","MSc","https://www.essex.ac.uk/courses/PG01524/4/MSc-Musculoskeletal-Practice-Hand-Therapy","postgraduate/pg01524-4-msc-musculoskeletal-practice-hand-therapy.md","postgraduate","{
  ""courseName"": ""MSc Musculoskeletal Practice"",
  ""courseUrlExternal"": ""https://www.essex.ac.uk/courses/PG01524/4/MSc-Musculoskeletal-Practice-Hand-Therapy"",
  ""degreeName"": ""MSc"",
  ""level"": """",
  ""studyMode"": """",
  ""award"": """",
  ""intakeInfo"": ""October 2026"",
  ""courseDuration"": ""2 - 6 years"",
  ""tuitionFee"": """",
  ""currency"": """",
  ""ieltsMinOverall"": """",
  ""ieltsMinSection"": """"
}","","","","postgraduate/pg01524-4-msc-musculoskeletal-practice-hand-therapy.md","","","","","","","",""
"University of Essex","LLM Law, Environment and Sustainability","","https://www.essex.ac.uk/courses/PG01542/1/LLM-Law-Environment-and-Sustainability","postgraduate/pg01542-1-llm-law-environment-and-sustainability.md","postgraduate","{
  ""courseName"": ""LLM Law, Environment and Sustainability"",
  ""courseUrlExternal"": ""https://www.essex.ac.uk/courses/PG01542/1/LLM-Law-Environment-and-Sustainability"",
  ""degreeName"": """",
  ""level"": """",
  ""studyMode"": """",
  ""award"": """",
  ""intakeInfo"": ""October 2026"",
  ""courseDuration"": ""1 year"",
  ""tuitionFee"": """",
  ""currency"": """",
  ""ieltsMinOverall"": """",
  ""ieltsMinSection"": """"
}","","","","postgraduate/pg01542-1-llm-law-environment-and-sustainability.md","","","","","","","",""
"University of Essex","MA Social and Political Thought","MA","https://www.essex.ac.uk/courses/PG01543/1/MA-Social-and-Political-Thought","postgraduate/pg01543-1-ma-social-and-political-thought.md","postgraduate","{
  ""courseName"": ""MA Social and Political Thought"",
  ""courseUrlExternal"": ""https://www.essex.ac.uk/courses/PG01543/1/MA-Social-and-Political-Thought"",
  ""degreeName"": ""MA"",
  ""level"": """",
  ""studyMode"": """",
  ""award"": """",
  ""intakeInfo"": ""October 2026"",
  ""courseDuration"": ""1 year"",
  ""tuitionFee"": """",
  ""currency"": """",
  ""ieltsMinOverall"": """",
  ""ieltsMinSection"": """"
}","","","","postgraduate/pg01543-1-ma-social-and-political-thought.md","","","","","","","",""
"University of Essex","MA International Journalism","MA","https://www.essex.ac.uk/courses/PG01546/1/MA-International-Journalism","postgraduate/pg01546-1-ma-international-journalism.md","postgraduate","{
  ""courseName"": ""MA International Journalism"",
  ""courseUrlExternal"": ""https://www.essex.ac.uk/courses/PG01546/1/MA-International-Journalism"",
  ""degreeName"": ""MA"",
  ""level"": """",
  ""studyMode"": """",
  ""award"": """",
  ""intakeInfo"": ""October 2026"",
  ""courseDuration"": ""1 year"",
  ""tuitionFee"": """",
  ""currency"": """",
  ""ieltsMinOverall"": """",
  ""ieltsMinSection"": """"
}","","","","postgraduate/pg01546-1-ma-international-journalism.md","","","","","","","",""
"University of Essex","MSc Digital Marketing and Analytics","MSc","https://www.essex.ac.uk/courses/PG01547/1/MSc-Digital-Marketing-and-Analytics","postgraduate/pg01547-1-msc-digital-marketing-and-analytics.md","postgraduate","{
  ""courseName"": ""MSc Digital Marketing and Analytics"",
  ""courseUrlExternal"": ""https://www.essex.ac.uk/courses/PG01547/1/MSc-Digital-Marketing-and-Analytics"",
  ""degreeName"": ""MSc"",
  ""level"": """",
  ""studyMode"": """",
  ""award"": """",
  ""intakeInfo"": ""October 2026"",
  ""courseDuration"": ""1 year"",
  ""tuitionFee"": """",
  ""currency"": """",
  ""ieltsMinOverall"": """",
  ""ieltsMinSection"": """"
}","","","","postgraduate/pg01547-1-msc-digital-marketing-and-analytics.md","","","","","","","",""
"University of Essex","Graduate Certificate Specialist Adult Mental Health","","https://www.essex.ac.uk/courses/PG01565/1/Graduate-Certificate-Specialist-Adult-Mental-Health-Mental-Health-and-Wellbeing-Practitioner","postgraduate/pg01565-1-graduate-certificate-specialist-adult-mental-health-mental-health-and-wellbeing-practitioner.md","postgraduate","{
  ""courseName"": ""Graduate Certificate Specialist Adult Mental Health"",
  ""courseUrlExternal"": ""https://www.essex.ac.uk/courses/PG01565/1/Graduate-Certificate-Specialist-Adult-Mental-Health-Mental-Health-and-Wellbeing-Practitioner"",
  ""degreeName"": """",
  ""level"": """",
  ""studyMode"": """",
  ""award"": """",
  ""intakeInfo"": ""October 2026"",
  ""courseDuration"": ""1 year"",
  ""tuitionFee"": """",
  ""currency"": """",
  ""ieltsMinOverall"": """",
  ""ieltsMinSection"": """"
}","","","","postgraduate/pg01565-1-graduate-certificate-specialist-adult-mental-health-mental-health-and-wellbeing-practitioner.md","","","","","","","",""
"University of Essex","Postgraduate Certificate Specialist Adult Mental Health","","https://www.essex.ac.uk/courses/PG01565/2/Postgraduate-Certificate-Specialist-Adult-Mental-Health-Mental-Health-and-Wellbeing-Practitioner","postgraduate/pg01565-2-postgraduate-certificate-specialist-adult-mental-health-mental-health-and-wellbeing-practitioner.md","postgraduate","{
  ""courseName"": ""Postgraduate Certificate Specialist Adult Mental Health"",
  ""courseUrlExternal"": ""https://www.essex.ac.uk/courses/PG01565/2/Postgraduate-Certificate-Specialist-Adult-Mental-Health-Mental-Health-and-Wellbeing-Practitioner"",
  ""degreeName"": """",
  ""level"": """",
  ""studyMode"": """",
  ""award"": """",
  ""intakeInfo"": ""October 2026"",
  ""courseDuration"": ""1 year"",
  ""tuitionFee"": """",
  ""currency"": """",
  ""ieltsMinOverall"": """",
  ""ieltsMinSection"": """"
}","","","","postgraduate/pg01565-2-postgraduate-certificate-specialist-adult-mental-health-mental-health-and-wellbeing-practitioner.md","","","","","","","",""
"University of Essex","MSc Economics of Business and Management","MSc","https://www.essex.ac.uk/courses/PG01569/1/MSc-Economics-of-Business-and-Management","postgraduate/pg01569-1-msc-economics-of-business-and-management.md","postgraduate","{
  ""courseName"": ""MSc Economics of Business and Management"",
  ""courseUrlExternal"": ""https://www.essex.ac.uk/courses/PG01569/1/MSc-Economics-of-Business-and-Management"",
  ""degreeName"": ""MSc"",
  ""level"": """",
  ""studyMode"": """",
  ""award"": """",
  ""intakeInfo"": ""January 2028"",
  ""courseDuration"": ""1 year"",
  ""tuitionFee"": """",
  ""currency"": """",
  ""ieltsMinOverall"": """",
  ""ieltsMinSection"": """"
}","","","","postgraduate/pg01569-1-msc-economics-of-business-and-management.md","","","","","","","",""
"University of Essex","LLM Law and Technology","","https://www.essex.ac.uk/courses/PG01590/1/LLM-Law-and-Technology","postgraduate/pg01590-1-llm-law-and-technology.md","postgraduate","{
  ""courseName"": ""LLM Law and Technology"",
  ""courseUrlExternal"": ""https://www.essex.ac.uk/courses/PG01590/1/LLM-Law-and-Technology"",
  ""degreeName"": """",
  ""level"": """",
  ""studyMode"": """",
  ""award"": """",
  ""intakeInfo"": ""October 2026"",
  ""courseDuration"": ""1 year"",
  ""tuitionFee"": """",
  ""currency"": """",
  ""ieltsMinOverall"": """",
  ""ieltsMinSection"": """"
}","","","","postgraduate/pg01590-1-llm-law-and-technology.md","","","","","","","",""
"University of Essex","Postgraduate Certificate International Musculoskeletal Ultrasound Imaging","","https://www.essex.ac.uk/courses/PG01604/1/Postgraduate-Certificate-International-Musculoskeletal-Ultrasound-Imaging","postgraduate/pg01604-1-postgraduate-certificate-international-musculoskeletal-ultrasound-imaging.md","postgraduate","{
  ""courseName"": ""Postgraduate Certificate International Musculoskeletal Ultrasound Imaging"",
  ""courseUrlExternal"": ""https://www.essex.ac.uk/courses/PG01604/1/Postgraduate-Certificate-International-Musculoskeletal-Ultrasound-Imaging"",
  ""degreeName"": """",
  ""level"": """",
  ""studyMode"": """",
  ""award"": """",
  ""intakeInfo"": ""October 2026"",
  ""courseDuration"": ""1 year - 5 years"",
  ""tuitionFee"": """",
  ""currency"": """",
  ""ieltsMinOverall"": """",
  ""ieltsMinSection"": """"
}","","","","postgraduate/pg01604-1-postgraduate-certificate-international-musculoskeletal-ultrasound-imaging.md","","","","","","","",""
"University of Essex","Postgraduate Diploma International Musculoskeletal Ultrasound Imaging","","https://www.essex.ac.uk/courses/PG01604/2/Postgraduate-Diploma-International-Musculoskeletal-Ultrasound-Imaging","postgraduate/pg01604-2-postgraduate-diploma-international-musculoskeletal-ultrasound-imaging.md","postgraduate","{
  ""courseName"": ""Postgraduate Diploma International Musculoskeletal Ultrasound Imaging"",
  ""courseUrlExternal"": ""https://www.essex.ac.uk/courses/PG01604/2/Postgraduate-Diploma-International-Musculoskeletal-Ultrasound-Imaging"",
  ""degreeName"": """",
  ""level"": """",
  ""studyMode"": """",
  ""award"": """",
  ""intakeInfo"": ""October 2026"",
  ""courseDuration"": ""2 - 5 years"",
  ""tuitionFee"": """",
  ""currency"": """",
  ""ieltsMinOverall"": """",
  ""ieltsMinSection"": """"
}","","","","postgraduate/pg01604-2-postgraduate-diploma-international-musculoskeletal-ultrasound-imaging.md","","","","","","","",""
"University of Essex","MSc International Musculoskeletal Ultrasound Imaging","MSc","https://www.essex.ac.uk/courses/PG01604/3/MSc-International-Musculoskeletal-Ultrasound-Imaging","postgraduate/pg01604-3-msc-international-musculoskeletal-ultrasound-imaging.md","postgraduate","{
  ""courseName"": ""MSc International Musculoskeletal Ultrasound Imaging"",
  ""courseUrlExternal"": ""https://www.essex.ac.uk/courses/PG01604/3/MSc-International-Musculoskeletal-Ultrasound-Imaging"",
  ""degreeName"": ""MSc"",
  ""level"": """",
  ""studyMode"": """",
  ""award"": """",
  ""intakeInfo"": ""October 2026"",
  ""courseDuration"": ""2 - 6 years"",
  ""tuitionFee"": """",
  ""currency"": """",
  ""ieltsMinOverall"": """",
  ""ieltsMinSection"": """"
}","","","","postgraduate/pg01604-3-msc-international-musculoskeletal-ultrasound-imaging.md","","","","","","","",""
"University of Essex","MA Western Marxism","MA","https://www.essex.ac.uk/courses/PG01609/1/MA-Western-Marxism","postgraduate/pg01609-1-ma-western-marxism.md","postgraduate","{
  ""courseName"": ""MA Western Marxism"",
  ""courseUrlExternal"": ""https://www.essex.ac.uk/courses/PG01609/1/MA-Western-Marxism"",
  ""degreeName"": ""MA"",
  ""level"": """",
  ""studyMode"": """",
  ""award"": """",
  ""intakeInfo"": ""October 2026"",
  ""courseDuration"": ""1 year"",
  ""tuitionFee"": """",
  ""currency"": """",
  ""ieltsMinOverall"": """",
  ""ieltsMinSection"": """"
}","","","","postgraduate/pg01609-1-ma-western-marxism.md","","","","","","","",""
"University of Essex","MSc Cyber Security","MSc","https://www.essex.ac.uk/courses/PG01630/1/MSc-Cyber-Security","postgraduate/pg01630-1-msc-cyber-security.md","postgraduate","{
  ""courseName"": ""MSc Cyber Security"",
  ""courseUrlExternal"": ""https://www.essex.ac.uk/courses/PG01630/1/MSc-Cyber-Security"",
  ""degreeName"": ""MSc"",
  ""level"": """",
  ""studyMode"": """",
  ""award"": """",
  ""intakeInfo"": ""October 2026"",
  ""courseDuration"": ""1 year"",
  ""tuitionFee"": """",
  ""currency"": """",
  ""ieltsMinOverall"": """",
  ""ieltsMinSection"": """"
}","","","","postgraduate/pg01630-1-msc-cyber-security.md","","","","","","","",""
"University of Essex","MFA Acting with Digital Media","MFA","https://www.essex.ac.uk/courses/PG01644/1/MFA-Acting-with-Digital-Media","postgraduate/pg01644-1-mfa-acting-with-digital-media.md","postgraduate","{
  ""courseName"": ""MFA Acting with Digital Media"",
  ""courseUrlExternal"": ""https://www.essex.ac.uk/courses/PG01644/1/MFA-Acting-with-Digital-Media"",
  ""degreeName"": ""MFA"",
  ""level"": """",
  ""studyMode"": """",
  ""award"": """",
  ""intakeInfo"": ""October 2026"",
  ""courseDuration"": ""1 year 8 months"",
  ""tuitionFee"": """",
  ""currency"": """",
  ""ieltsMinOverall"": """",
  ""ieltsMinSection"": """"
}","","","","postgraduate/pg01644-1-mfa-acting-with-digital-media.md","","","","","","","",""
"University of Essex","MSc International Events Management","MSc","https://www.essex.ac.uk/courses/PG01645/1/MSc-International-Events-Management","postgraduate/pg01645-1-msc-international-events-management.md","postgraduate","{
  ""courseName"": ""MSc International Events Management"",
  ""courseUrlExternal"": ""https://www.essex.ac.uk/courses/PG01645/1/MSc-International-Events-Management"",
  ""degreeName"": ""MSc"",
  ""level"": """",
  ""studyMode"": """",
  ""award"": """",
  ""intakeInfo"": ""October 2026"",
  ""courseDuration"": ""1 year"",
  ""tuitionFee"": """",
  ""currency"": """",
  ""ieltsMinOverall"": """",
  ""ieltsMinSection"": """"
}","","","","postgraduate/pg01645-1-msc-international-events-management.md","","","","","","","",""
"University of Essex","MSc International Tourism Management","MSc","https://www.essex.ac.uk/courses/PG01647/1/MSc-International-Tourism-Management","postgraduate/pg01647-1-msc-international-tourism-management.md","postgraduate","{
  ""courseName"": ""MSc International Tourism Management"",
  ""courseUrlExternal"": ""https://www.essex.ac.uk/courses/PG01647/1/MSc-International-Tourism-Management"",
  ""degreeName"": ""MSc"",
  ""level"": """",
  ""studyMode"": """",
  ""award"": """",
  ""intakeInfo"": ""October 2026"",
  ""courseDuration"": ""1 year"",
  ""tuitionFee"": """",
  ""currency"": """",
  ""ieltsMinOverall"": """",
  ""ieltsMinSection"": """"
}","","","","postgraduate/pg01647-1-msc-international-tourism-management.md","","","","","","","",""
"University of Essex","MSc Corporate Sustainability","MSc","https://www.essex.ac.uk/courses/PG01661/1/MSc-Corporate-Sustainability","postgraduate/pg01661-1-msc-corporate-sustainability.md","postgraduate","{
  ""courseName"": ""MSc Corporate Sustainability"",
  ""courseUrlExternal"": ""https://www.essex.ac.uk/courses/PG01661/1/MSc-Corporate-Sustainability"",
  ""degreeName"": ""MSc"",
  ""level"": """",
  ""studyMode"": """",
  ""award"": """",
  ""intakeInfo"": ""October 2026"",
  ""courseDuration"": ""1 year"",
  ""tuitionFee"": """",
  ""currency"": """",
  ""ieltsMinOverall"": """",
  ""ieltsMinSection"": """"
}","","","","postgraduate/pg01661-1-msc-corporate-sustainability.md","","","","","","","",""
"University of Essex","MSc Advanced Musculoskeletal Assessment and Practice","MSc","https://www.essex.ac.uk/courses/PG01669/1/MSc-Advanced-Musculoskeletal-Assessment-and-Practice-Hand-Therapy","postgraduate/pg01669-1-msc-advanced-musculoskeletal-assessment-and-practice-hand-therapy.md","postgraduate","{
  ""courseName"": ""MSc Advanced Musculoskeletal Assessment and Practice"",
  ""courseUrlExternal"": ""https://www.essex.ac.uk/courses/PG01669/1/MSc-Advanced-Musculoskeletal-Assessment-and-Practice-Hand-Therapy"",
  ""degreeName"": ""MSc"",
  ""level"": """",
  ""studyMode"": """",
  ""award"": """",
  ""intakeInfo"": ""October 2026"",
  ""courseDuration"": ""2 - 6 years"",
  ""tuitionFee"": """",
  ""currency"": """",
  ""ieltsMinOverall"": """",
  ""ieltsMinSection"": """"
}","","","","postgraduate/pg01669-1-msc-advanced-musculoskeletal-assessment-and-practice-hand-therapy.md","","","","","","","",""
"University of Essex","MA Teaching English and Additional Languages","MA","https://www.essex.ac.uk/courses/PG01676/1/MA-Teaching-English-and-Additional-Languages","postgraduate/pg01676-1-ma-teaching-english-and-additional-languages.md","postgraduate","{
  ""courseName"": ""MA Teaching English and Additional Languages"",
  ""courseUrlExternal"": ""https://www.essex.ac.uk/courses/PG01676/1/MA-Teaching-English-and-Additional-Languages"",
  ""degreeName"": ""MA"",
  ""level"": """",
  ""studyMode"": """",
  ""award"": """",
  ""intakeInfo"": ""October 2026"",
  ""courseDuration"": ""2 years"",
  ""tuitionFee"": """",
  ""currency"": """",
  ""ieltsMinOverall"": """",
  ""ieltsMinSection"": """"
}","","","","postgraduate/pg01676-1-ma-teaching-english-and-additional-languages.md","","","","","","","",""
"University of Essex","MA Intercultural Communication and Translation","MA","https://www.essex.ac.uk/courses/PG01678/1/MA-Intercultural-Communication-and-Translation","postgraduate/pg01678-1-ma-intercultural-communication-and-translation.md","postgraduate","{
  ""courseName"": ""MA Intercultural Communication and Translation"",
  ""courseUrlExternal"": ""https://www.essex.ac.uk/courses/PG01678/1/MA-Intercultural-Communication-and-Translation"",
  ""degreeName"": ""MA"",
  ""level"": """",
  ""studyMode"": """",
  ""award"": """",
  ""intakeInfo"": ""October 2026"",
  ""courseDuration"": ""1 year"",
  ""tuitionFee"": """",
  ""currency"": """",
  ""ieltsMinOverall"": """",
  ""ieltsMinSection"": """"
}","","","","postgraduate/pg01678-1-ma-intercultural-communication-and-translation.md","","","","","","","",""
"University of Essex","LLM Law","","https://www.essex.ac.uk/courses/PG01679/1/LLM-Law","postgraduate/pg01679-1-llm-law.md","postgraduate","{
  ""courseName"": ""LLM Law"",
  ""courseUrlExternal"": ""https://www.essex.ac.uk/courses/PG01679/1/LLM-Law"",
  ""degreeName"": """",
  ""level"": """",
  ""studyMode"": """",
  ""award"": """",
  ""intakeInfo"": ""October 2026"",
  ""courseDuration"": ""1 year"",
  ""tuitionFee"": """",
  ""currency"": """",
  ""ieltsMinOverall"": """",
  ""ieltsMinSection"": """"
}","","","","postgraduate/pg01679-1-llm-law.md","","","","","","","",""
"University of Essex","PhD Accounting","PhD","https://www.essex.ac.uk/courses/PR00854/2/PhD-Accounting","postgraduate_research/pr00854-2-phd-accounting.md","postgraduate_research","{
  ""courseName"": ""PhD Accounting"",
  ""courseUrlExternal"": ""https://www.essex.ac.uk/courses/PR00854/2/PhD-Accounting"",
  ""degreeName"": ""PhD"",
  ""level"": """",
  ""studyMode"": """",
  ""award"": """",
  ""intakeInfo"": ""October 2026"",
  ""courseDuration"": ""4 - 5 years"",
  ""tuitionFee"": """",
  ""currency"": """",
  ""ieltsMinOverall"": """",
  ""ieltsMinSection"": """"
}","","","","postgraduate_research/pr00854-2-phd-accounting.md","","","","","","","",""
"University of Essex","PhD Accounting and Finance","PhD","https://www.essex.ac.uk/courses/PR00855/1/PhD-Accounting-and-Finance","postgraduate_research/pr00855-1-phd-accounting-and-finance.md","postgraduate_research","{
  ""courseName"": ""PhD Accounting and Finance"",
  ""courseUrlExternal"": ""https://www.essex.ac.uk/courses/PR00855/1/PhD-Accounting-and-Finance"",
  ""degreeName"": ""PhD"",
  ""level"": """",
  ""studyMode"": """",
  ""award"": """",
  ""intakeInfo"": ""October 2026"",
  ""courseDuration"": ""3 - 4 years"",
  ""tuitionFee"": """",
  ""currency"": """",
  ""ieltsMinOverall"": """",
  ""ieltsMinSection"": """"
}","","","","postgraduate_research/pr00855-1-phd-accounting-and-finance.md","","","","","","","",""
"University of Essex","PhD Applied Linguistics","PhD","https://www.essex.ac.uk/courses/PR00861/3/PhD-Applied-Linguistics","postgraduate_research/pr00861-3-phd-applied-linguistics.md","postgraduate_research","{
  ""courseName"": ""PhD Applied Linguistics"",
  ""courseUrlExternal"": ""https://www.essex.ac.uk/courses/PR00861/3/PhD-Applied-Linguistics"",
  ""degreeName"": ""PhD"",
  ""level"": """",
  ""studyMode"": """",
  ""award"": """",
  ""intakeInfo"": ""October 2026"",
  ""courseDuration"": ""4 - 5 years"",
  ""tuitionFee"": """",
  ""currency"": """",
  ""ieltsMinOverall"": """",
  ""ieltsMinSection"": """"
}","","","","postgraduate_research/pr00861-3-phd-applied-linguistics.md","","","","","","","",""
"University of Essex","PhD Applied Mathematics","PhD","https://www.essex.ac.uk/courses/PR00862/1/PhD-Applied-Mathematics","postgraduate_research/pr00862-1-phd-applied-mathematics.md","postgraduate_research","{
  ""courseName"": ""PhD Applied Mathematics"",
  ""courseUrlExternal"": ""https://www.essex.ac.uk/courses/PR00862/1/PhD-Applied-Mathematics"",
  ""degreeName"": ""PhD"",
  ""level"": """",
  ""studyMode"": """",
  ""award"": """",
  ""intakeInfo"": ""October 2026"",
  ""courseDuration"": ""3 - 4 years"",
  ""tuitionFee"": """",
  ""currency"": """",
  ""ieltsMinOverall"": """",
  ""ieltsMinSection"": """"
}","","","","postgraduate_research/pr00862-1-phd-applied-mathematics.md","","","","","","","",""
"University of Essex","MPhil Applied Mathematics","","https://www.essex.ac.uk/courses/PR00862/2/MPhil-Applied-Mathematics","postgraduate_research/pr00862-2-mphil-applied-mathematics.md","postgraduate_research","{
  ""courseName"": ""MPhil Applied Mathematics"",
  ""courseUrlExternal"": ""https://www.essex.ac.uk/courses/PR00862/2/MPhil-Applied-Mathematics"",
  ""degreeName"": """",
  ""level"": """",
  ""studyMode"": """",
  ""award"": """",
  ""intakeInfo"": ""October 2026"",
  ""courseDuration"": ""2 - 3 years"",
  ""tuitionFee"": """",
  ""currency"": """",
  ""ieltsMinOverall"": """",
  ""ieltsMinSection"": """"
}","","","","postgraduate_research/pr00862-2-mphil-applied-mathematics.md","","","","","","","",""
"University of Essex","MSc (by Dissertation) Applied Mathematics","MSc","https://www.essex.ac.uk/courses/PR00862/3/MSc-by-Dissertation-Applied-Mathematics","postgraduate_research/pr00862-3-msc-by-dissertation-applied-mathematics.md","postgraduate_research","{
  ""courseName"": ""MSc (by Dissertation) Applied Mathematics"",
  ""courseUrlExternal"": ""https://www.essex.ac.uk/courses/PR00862/3/MSc-by-Dissertation-Applied-Mathematics"",
  ""degreeName"": ""MSc"",
  ""level"": """",
  ""studyMode"": """",
  ""award"": """",
  ""intakeInfo"": ""October 2026"",
  ""courseDuration"": ""1 year - 2 years"",
  ""tuitionFee"": """",
  ""currency"": """",
  ""ieltsMinOverall"": """",
  ""ieltsMinSection"": """"
}","","","","postgraduate_research/pr00862-3-msc-by-dissertation-applied-mathematics.md","","","","","","","",""
"University of Essex","PhD Applied Psychology","PhD","https://www.essex.ac.uk/courses/PR00864/1/PhD-Applied-Psychology","postgraduate_research/pr00864-1-phd-applied-psychology.md","postgraduate_research","{
  ""courseName"": ""PhD Applied Psychology"",
  ""courseUrlExternal"": ""https://www.essex.ac.uk/courses/PR00864/1/PhD-Applied-Psychology"",
  ""degreeName"": ""PhD"",
  ""level"": """",
  ""studyMode"": """",
  ""award"": """",
  ""intakeInfo"": ""October 2026"",
  ""courseDuration"": ""3 - 4 years"",
  ""tuitionFee"": """",
  ""currency"": """",
  ""ieltsMinOverall"": """",
  ""ieltsMinSection"": """"
}","","","","postgraduate_research/pr00864-1-phd-applied-psychology.md","","","","","","","",""
"University of Essex","MPhil Applied Psychology","","https://www.essex.ac.uk/courses/PR00864/2/MPhil-Applied-Psychology","postgraduate_research/pr00864-2-mphil-applied-psychology.md","postgraduate_research","{
  ""courseName"": ""MPhil Applied Psychology"",
  ""courseUrlExternal"": ""https://www.essex.ac.uk/courses/PR00864/2/MPhil-Applied-Psychology"",
  ""degreeName"": """",
  ""level"": """",
  ""studyMode"": """",
  ""award"": """",
  ""intakeInfo"": ""October 2026"",
  ""courseDuration"": ""2 - 3 years"",
  ""tuitionFee"": """",
  ""currency"": """",
  ""ieltsMinOverall"": """",
  ""ieltsMinSection"": """"
}","","","","postgraduate_research/pr00864-2-mphil-applied-psychology.md","","","","","","","",""
"University of Essex","PhD Applied Social and Economic Research","PhD","https://www.essex.ac.uk/courses/PR00865/1/PhD-Applied-Social-and-Economic-Research","postgraduate_research/pr00865-1-phd-applied-social-and-economic-research.md","postgraduate_research","{
  ""courseName"": ""PhD Applied Social and Economic Research"",
  ""courseUrlExternal"": ""https://www.essex.ac.uk/courses/PR00865/1/PhD-Applied-Social-and-Economic-Research"",
  ""degreeName"": ""PhD"",
  ""level"": """",
  ""studyMode"": """",
  ""award"": """",
  ""intakeInfo"": ""October 2026"",
  ""courseDuration"": ""3 - 4 years"",
  ""tuitionFee"": """",
  ""currency"": """",
  ""ieltsMinOverall"": """",
  ""ieltsMinSection"": """"
}","","","","postgraduate_research/pr00865-1-phd-applied-social-and-economic-research.md","","","","","","","",""
"University of Essex","MPhil Applied Social and Economic Research","","https://www.essex.ac.uk/courses/PR00865/2/MPhil-Applied-Social-and-Economic-Research","postgraduate_research/pr00865-2-mphil-applied-social-and-economic-research.md","postgraduate_research","{
  ""courseName"": ""MPhil Applied Social and Economic Research"",
  ""courseUrlExternal"": ""https://www.essex.ac.uk/courses/PR00865/2/MPhil-Applied-Social-and-Economic-Research"",
  ""degreeName"": """",
  ""level"": """",
  ""studyMode"": """",
  ""award"": """",
  ""intakeInfo"": ""October 2026"",
  ""courseDuration"": ""2 - 3 years"",
  ""tuitionFee"": """",
  ""currency"": """",
  ""ieltsMinOverall"": """",
  ""ieltsMinSection"": """"
}","","","","postgraduate_research/pr00865-2-mphil-applied-social-and-economic-research.md","","","","","","","",""
"University of Essex","PhD Art History and Theory","PhD","https://www.essex.ac.uk/courses/PR00866/1/PhD-Art-History-and-Theory","postgraduate_research/pr00866-1-phd-art-history-and-theory.md","postgraduate_research","{
  ""courseName"": ""PhD Art History and Theory"",
  ""courseUrlExternal"": ""https://www.essex.ac.uk/courses/PR00866/1/PhD-Art-History-and-Theory"",
  ""degreeName"": ""PhD"",
  ""level"": """",
  ""studyMode"": """",
  ""award"": """",
  ""intakeInfo"": ""October 2026"",
  ""courseDuration"": ""3 - 4 years"",
  ""tuitionFee"": """",
  ""currency"": """",
  ""ieltsMinOverall"": """",
  ""ieltsMinSection"": """"
}","","","","postgraduate_research/pr00866-1-phd-art-history-and-theory.md","","","","","","","",""
"University of Essex","MPhil Art History and Theory","","https://www.essex.ac.uk/courses/PR00866/2/MPhil-Art-History-and-Theory","postgraduate_research/pr00866-2-mphil-art-history-and-theory.md","postgraduate_research","{
  ""courseName"": ""MPhil Art History and Theory"",
  ""courseUrlExternal"": ""https://www.essex.ac.uk/courses/PR00866/2/MPhil-Art-History-and-Theory"",
  ""degreeName"": """",
  ""level"": """",
  ""studyMode"": """",
  ""award"": """",
  ""intakeInfo"": ""October 2026"",
  ""courseDuration"": ""2 - 3 years"",
  ""tuitionFee"": """",
  ""currency"": """",
  ""ieltsMinOverall"": """",
  ""ieltsMinSection"": """"
}","","","","postgraduate_research/pr00866-2-mphil-art-history-and-theory.md","","","","","","","",""
"University of Essex","MA (by Dissertation) Art History and Theory","MA","https://www.essex.ac.uk/courses/PR00866/4/MA-by-Dissertation-Art-History-and-Theory","postgraduate_research/pr00866-4-ma-by-dissertation-art-history-and-theory.md","postgraduate_research","{
  ""courseName"": ""MA (by Dissertation) Art History and Theory"",
  ""courseUrlExternal"": ""https://www.essex.ac.uk/courses/PR00866/4/MA-by-Dissertation-Art-History-and-Theory"",
  ""degreeName"": ""MA"",
  ""level"": """",
  ""studyMode"": """",
  ""award"": """",
  ""intakeInfo"": ""October 2026"",
  ""courseDuration"": ""1 year - 2 years"",
  ""tuitionFee"": """",
  ""currency"": """",
  ""ieltsMinOverall"": """",
  ""ieltsMinSection"": """"
}","","","","postgraduate_research/pr00866-4-ma-by-dissertation-art-history-and-theory.md","","","","","","","",""
"University of Essex","PhD Biochemistry","PhD","https://www.essex.ac.uk/courses/PR00867/1/PhD-Biochemistry","postgraduate_research/pr00867-1-phd-biochemistry.md","postgraduate_research","{
  ""courseName"": ""PhD Biochemistry"",
  ""courseUrlExternal"": ""https://www.essex.ac.uk/courses/PR00867/1/PhD-Biochemistry"",
  ""degreeName"": ""PhD"",
  ""level"": """",
  ""studyMode"": """",
  ""award"": """",
  ""intakeInfo"": ""October 2026"",
  ""courseDuration"": ""3 - 4 years"",
  ""tuitionFee"": """",
  ""currency"": """",
  ""ieltsMinOverall"": """",
  ""ieltsMinSection"": """"
}","","","","postgraduate_research/pr00867-1-phd-biochemistry.md","","","","","","","",""
"University of Essex","MSc (by Dissertation) Biochemistry","MSc","https://www.essex.ac.uk/courses/PR00867/3/MSc-by-Dissertation-Biochemistry","postgraduate_research/pr00867-3-msc-by-dissertation-biochemistry.md","postgraduate_research","{
  ""courseName"": ""MSc (by Dissertation) Biochemistry"",
  ""courseUrlExternal"": ""https://www.essex.ac.uk/courses/PR00867/3/MSc-by-Dissertation-Biochemistry"",
  ""degreeName"": ""MSc"",
  ""level"": """",
  ""studyMode"": """",
  ""award"": """",
  ""intakeInfo"": ""October 2026"",
  ""courseDuration"": ""1 year - 2 years"",
  ""tuitionFee"": """",
  ""currency"": """",
  ""ieltsMinOverall"": """",
  ""ieltsMinSection"": """"
}","","","","postgraduate_research/pr00867-3-msc-by-dissertation-biochemistry.md","","","","","","","",""
"University of Essex","PhD Bioinformatics","PhD","https://www.essex.ac.uk/courses/PR00868/1/PhD-Bioinformatics","postgraduate_research/pr00868-1-phd-bioinformatics.md","postgraduate_research","{
  ""courseName"": ""PhD Bioinformatics"",
  ""courseUrlExternal"": ""https://www.essex.ac.uk/courses/PR00868/1/PhD-Bioinformatics"",
  ""degreeName"": ""PhD"",
  ""level"": """",
  ""studyMode"": """",
  ""award"": """",
  ""intakeInfo"": ""October 2026"",
  ""courseDuration"": ""3 - 4 years"",
  ""tuitionFee"": """",
  ""currency"": """",
  ""ieltsMinOverall"": """",
  ""ieltsMinSection"": """"
}","","","","postgraduate_research/pr00868-1-phd-bioinformatics.md","","","","","","","",""
"University of Essex","PhD Biological Sciences","PhD","https://www.essex.ac.uk/courses/PR00870/1/PhD-Biological-Sciences","postgraduate_research/pr00870-1-phd-biological-sciences.md","postgraduate_research","{
  ""courseName"": ""PhD Biological Sciences"",
  ""courseUrlExternal"": ""https://www.essex.ac.uk/courses/PR00870/1/PhD-Biological-Sciences"",
  ""degreeName"": ""PhD"",
  ""level"": """",
  ""studyMode"": """",
  ""award"": """",
  ""intakeInfo"": ""October 2026"",
  ""courseDuration"": ""3 - 4 years"",
  ""tuitionFee"": """",
  ""currency"": """",
  ""ieltsMinOverall"": """",
  ""ieltsMinSection"": """"
}","","","","postgraduate_research/pr00870-1-phd-biological-sciences.md","","","","","","","",""
"University of Essex","MSc (by Dissertation) Biological Sciences","MSc","https://www.essex.ac.uk/courses/PR00870/3/MSc-by-Dissertation-Biological-Sciences","postgraduate_research/pr00870-3-msc-by-dissertation-biological-sciences.md","postgraduate_research","{
  ""courseName"": ""MSc (by Dissertation) Biological Sciences"",
  ""courseUrlExternal"": ""https://www.essex.ac.uk/courses/PR00870/3/MSc-by-Dissertation-Biological-Sciences"",
  ""degreeName"": ""MSc"",
  ""level"": """",
  ""studyMode"": """",
  ""award"": """",
  ""intakeInfo"": ""October 2026"",
  ""courseDuration"": ""1 year - 2 years"",
  ""tuitionFee"": """",
  ""currency"": """",
  ""ieltsMinOverall"": """",
  ""ieltsMinSection"": """"
}","","","","postgraduate_research/pr00870-3-msc-by-dissertation-biological-sciences.md","","","","","","","",""
"University of Essex","PhD Bio-Statistics","PhD","https://www.essex.ac.uk/courses/PR00873/1/PhD-Bio-Statistics","postgraduate_research/pr00873-1-phd-bio-statistics.md","postgraduate_research","{
  ""courseName"": ""PhD Bio-Statistics"",
  ""courseUrlExternal"": ""https://www.essex.ac.uk/courses/PR00873/1/PhD-Bio-Statistics"",
  ""degreeName"": ""PhD"",
  ""level"": """",
  ""studyMode"": """",
  ""award"": """",
  ""intakeInfo"": ""October 2026"",
  ""courseDuration"": ""3 - 4 years"",
  ""tuitionFee"": """",
  ""currency"": """",
  ""ieltsMinOverall"": """",
  ""ieltsMinSection"": """"
}","","","","postgraduate_research/pr00873-1-phd-bio-statistics.md","","","","","","","",""
"University of Essex","MPhil Bio-Statistics","","https://www.essex.ac.uk/courses/PR00873/2/MPhil-Bio-Statistics","postgraduate_research/pr00873-2-mphil-bio-statistics.md","postgraduate_research","{
  ""courseName"": ""MPhil Bio-Statistics"",
  ""courseUrlExternal"": ""https://www.essex.ac.uk/courses/PR00873/2/MPhil-Bio-Statistics"",
  ""degreeName"": """",
  ""level"": """",
  ""studyMode"": """",
  ""award"": """",
  ""intakeInfo"": ""October 2026"",
  ""courseDuration"": ""2 - 3 years"",
  ""tuitionFee"": """",
  ""currency"": """",
  ""ieltsMinOverall"": """",
  ""ieltsMinSection"": """"
}","","","","postgraduate_research/pr00873-2-mphil-bio-statistics.md","","","","","","","",""
"University of Essex","MSc (by Dissertation) Bio-Statistics","MSc","https://www.essex.ac.uk/courses/PR00873/3/MSc-by-Dissertation-Bio-Statistics","postgraduate_research/pr00873-3-msc-by-dissertation-bio-statistics.md","postgraduate_research","{
  ""courseName"": ""MSc (by Dissertation) Bio-Statistics"",
  ""courseUrlExternal"": ""https://www.essex.ac.uk/courses/PR00873/3/MSc-by-Dissertation-Bio-Statistics"",
  ""degreeName"": ""MSc"",
  ""level"": """",
  ""studyMode"": """",
  ""award"": """",
  ""intakeInfo"": ""October 2026"",
  ""courseDuration"": ""1 year - 2 years"",
  ""tuitionFee"": """",
  ""currency"": """",
  ""ieltsMinOverall"": """",
  ""ieltsMinSection"": """"
}","","","","postgraduate_research/pr00873-3-msc-by-dissertation-bio-statistics.md","","","","","","","",""
"University of Essex","PhD Business Administration","PhD","https://www.essex.ac.uk/courses/PR00875/2/PhD-Business-Administration","postgraduate_research/pr00875-2-phd-business-administration.md","postgraduate_research","{
  ""courseName"": ""PhD Business Administration"",
  ""courseUrlExternal"": ""https://www.essex.ac.uk/courses/PR00875/2/PhD-Business-Administration"",
  ""degreeName"": ""PhD"",
  ""level"": """",
  ""studyMode"": """",
  ""award"": """",
  ""intakeInfo"": ""October 2026"",
  ""courseDuration"": ""4 - 5 years"",
  ""tuitionFee"": """",
  ""currency"": """",
  ""ieltsMinOverall"": """",
  ""ieltsMinSection"": """"
}","","","","postgraduate_research/pr00875-2-phd-business-administration.md","","","","","","","",""
"University of Essex","PhD Cell and Molecular Biology","PhD","https://www.essex.ac.uk/courses/PR00876/1/PhD-Cell-and-Molecular-Biology","postgraduate_research/pr00876-1-phd-cell-and-molecular-biology.md","postgraduate_research","{
  ""courseName"": ""PhD Cell and Molecular Biology"",
  ""courseUrlExternal"": ""https://www.essex.ac.uk/courses/PR00876/1/PhD-Cell-and-Molecular-Biology"",
  ""degreeName"": ""PhD"",
  ""level"": """",
  ""studyMode"": """",
  ""award"": """",
  ""intakeInfo"": ""October 2026"",
  ""courseDuration"": ""3 - 4 years"",
  ""tuitionFee"": """",
  ""currency"": """",
  ""ieltsMinOverall"": """",
  ""ieltsMinSection"": """"
}","","","","postgraduate_research/pr00876-1-phd-cell-and-molecular-biology.md","","","","","","","",""
"University of Essex","MSc (by Dissertation) Cell and Molecular Biology","MSc","https://www.essex.ac.uk/courses/PR00876/3/MSc-by-Dissertation-Cell-and-Molecular-Biology","postgraduate_research/pr00876-3-msc-by-dissertation-cell-and-molecular-biology.md","postgraduate_research","{
  ""courseName"": ""MSc (by Dissertation) Cell and Molecular Biology"",
  ""courseUrlExternal"": ""https://www.essex.ac.uk/courses/PR00876/3/MSc-by-Dissertation-Cell-and-Molecular-Biology"",
  ""degreeName"": ""MSc"",
  ""level"": """",
  ""studyMode"": """",
  ""award"": """",
  ""intakeInfo"": ""October 2026"",
  ""courseDuration"": ""1 year - 2 years"",
  ""tuitionFee"": """",
  ""currency"": """",
  ""ieltsMinOverall"": """",
  ""ieltsMinSection"": """"
}","","","","postgraduate_research/pr00876-3-msc-by-dissertation-cell-and-molecular-biology.md","","","","","","","",""
"University of Essex","Professional Doctorate Clinical Psychology","","https://www.essex.ac.uk/courses/PR00880/1/Professional-Doctorate-Clinical-Psychology-D-Clin-Psych","postgraduate_research/pr00880-1-professional-doctorate-clinical-psychology-d-clin-psych.md","postgraduate_research","{
  ""courseName"": ""Professional Doctorate Clinical Psychology"",
  ""courseUrlExternal"": ""https://www.essex.ac.uk/courses/PR00880/1/Professional-Doctorate-Clinical-Psychology-D-Clin-Psych"",
  ""degreeName"": """",
  ""level"": """",
  ""studyMode"": """",
  ""award"": """",
  ""intakeInfo"": ""October 2026"",
  ""courseDuration"": ""3 years"",
  ""tuitionFee"": """",
  ""currency"": """",
  ""ieltsMinOverall"": """",
  ""ieltsMinSection"": """"
}","","","","postgraduate_research/pr00880-1-professional-doctorate-clinical-psychology-d-clin-psych.md","","","","","","","",""
"University of Essex","PhD Computational Finance","PhD","https://www.essex.ac.uk/courses/PR00884/1/PhD-Computational-Finance","postgraduate_research/pr00884-1-phd-computational-finance.md","postgraduate_research","{
  ""courseName"": ""PhD Computational Finance"",
  ""courseUrlExternal"": ""https://www.essex.ac.uk/courses/PR00884/1/PhD-Computational-Finance"",
  ""degreeName"": ""PhD"",
  ""level"": """",
  ""studyMode"": """",
  ""award"": """",
  ""intakeInfo"": ""October 2026"",
  ""courseDuration"": ""3 - 4 years"",
  ""tuitionFee"": """",
  ""currency"": """",
  ""ieltsMinOverall"": """",
  ""ieltsMinSection"": """"
}","","","","postgraduate_research/pr00884-1-phd-computational-finance.md","","","","","","","",""
"University of Essex","MPhil Computational Finance","","https://www.essex.ac.uk/courses/PR00884/2/MPhil-Computational-Finance","postgraduate_research/pr00884-2-mphil-computational-finance.md","postgraduate_research","{
  ""courseName"": ""MPhil Computational Finance"",
  ""courseUrlExternal"": ""https://www.essex.ac.uk/courses/PR00884/2/MPhil-Computational-Finance"",
  ""degreeName"": """",
  ""level"": """",
  ""studyMode"": """",
  ""award"": """",
  ""intakeInfo"": ""October 2026"",
  ""courseDuration"": ""2 - 3 years"",
  ""tuitionFee"": """",
  ""currency"": """",
  ""ieltsMinOverall"": """",
  ""ieltsMinSection"": """"
}","","","","postgraduate_research/pr00884-2-mphil-computational-finance.md","","","","","","","",""
"University of Essex","MSc (by Dissertation) Computational Finance","MSc","https://www.essex.ac.uk/courses/PR00884/3/MSc-by-Dissertation-Computational-Finance","postgraduate_research/pr00884-3-msc-by-dissertation-computational-finance.md","postgraduate_research","{
  ""courseName"": ""MSc (by Dissertation) Computational Finance"",
  ""courseUrlExternal"": ""https://www.essex.ac.uk/courses/PR00884/3/MSc-by-Dissertation-Computational-Finance"",
  ""degreeName"": ""MSc"",
  ""level"": """",
  ""studyMode"": """",
  ""award"": """",
  ""intakeInfo"": ""October 2026"",
  ""courseDuration"": ""1 year - 2 years"",
  ""tuitionFee"": """",
  ""currency"": """",
  ""ieltsMinOverall"": """",
  ""ieltsMinSection"": """"
}","","","","postgraduate_research/pr00884-3-msc-by-dissertation-computational-finance.md","","","","","","","",""
"University of Essex","MPhil Computer Science","","https://www.essex.ac.uk/courses/PR00887/2/MPhil-Computer-Science","postgraduate_research/pr00887-2-mphil-computer-science.md","postgraduate_research","{
  ""courseName"": ""MPhil Computer Science"",
  ""courseUrlExternal"": ""https://www.essex.ac.uk/courses/PR00887/2/MPhil-Computer-Science"",
  ""degreeName"": """",
  ""level"": """",
  ""studyMode"": """",
  ""award"": """",
  ""intakeInfo"": ""October 2026"",
  ""courseDuration"": ""2 - 3 years"",
  ""tuitionFee"": """",
  ""currency"": """",
  ""ieltsMinOverall"": """",
  ""ieltsMinSection"": """"
}","","","","postgraduate_research/pr00887-2-mphil-computer-science.md","","","","","","","",""
"University of Essex","MSc (by Dissertation) Computer Science","MSc","https://www.essex.ac.uk/courses/PR00887/3/MSc-by-Dissertation-Computer-Science","postgraduate_research/pr00887-3-msc-by-dissertation-computer-science.md","postgraduate_research","{
  ""courseName"": ""MSc (by Dissertation) Computer Science"",
  ""courseUrlExternal"": ""https://www.essex.ac.uk/courses/PR00887/3/MSc-by-Dissertation-Computer-Science"",
  ""degreeName"": ""MSc"",
  ""level"": """",
  ""studyMode"": """",
  ""award"": """",
  ""intakeInfo"": ""October 2026"",
  ""courseDuration"": ""1 year - 2 years"",
  ""tuitionFee"": """",
  ""currency"": """",
  ""ieltsMinOverall"": """",
  ""ieltsMinSection"": """"
}","","","","postgraduate_research/pr00887-3-msc-by-dissertation-computer-science.md","","","","","","","",""
"University of Essex","PhD Computer Science","PhD","https://www.essex.ac.uk/courses/PR00887/4/PhD-Computer-Science","postgraduate_research/pr00887-4-phd-computer-science.md","postgraduate_research","{
  ""courseName"": ""PhD Computer Science"",
  ""courseUrlExternal"": ""https://www.essex.ac.uk/courses/PR00887/4/PhD-Computer-Science"",
  ""degreeName"": ""PhD"",
  ""level"": """",
  ""studyMode"": """",
  ""award"": """",
  ""intakeInfo"": ""October 2026"",
  ""courseDuration"": ""4 - 5 years"",
  ""tuitionFee"": """",
  ""currency"": """",
  ""ieltsMinOverall"": """",
  ""ieltsMinSection"": """"
}","","","","postgraduate_research/pr00887-4-phd-computer-science.md","","","","","","","",""
"University of Essex","PhD Computing and Electronic Systems","PhD","https://www.essex.ac.uk/courses/PR00888/1/PhD-Computing-and-Electronic-Systems","postgraduate_research/pr00888-1-phd-computing-and-electronic-systems.md","postgraduate_research","{
  ""courseName"": ""PhD Computing and Electronic Systems"",
  ""courseUrlExternal"": ""https://www.essex.ac.uk/courses/PR00888/1/PhD-Computing-and-Electronic-Systems"",
  ""degreeName"": ""PhD"",
  ""level"": """",
  ""studyMode"": """",
  ""award"": """",
  ""intakeInfo"": ""October 2026"",
  ""courseDuration"": ""3 - 4 years"",
  ""tuitionFee"": """",
  ""currency"": """",
  ""ieltsMinOverall"": """",
  ""ieltsMinSection"": """"
}","","","","postgraduate_research/pr00888-1-phd-computing-and-electronic-systems.md","","","","","","","",""
"University of Essex","MPhil Computing and Electronic Systems","","https://www.essex.ac.uk/courses/PR00888/2/MPhil-Computing-and-Electronic-Systems","postgraduate_research/pr00888-2-mphil-computing-and-electronic-systems.md","postgraduate_research","{
  ""courseName"": ""MPhil Computing and Electronic Systems"",
  ""courseUrlExternal"": ""https://www.essex.ac.uk/courses/PR00888/2/MPhil-Computing-and-Electronic-Systems"",
  ""degreeName"": """",
  ""level"": """",
  ""studyMode"": """",
  ""award"": """",
  ""intakeInfo"": ""October 2026"",
  ""courseDuration"": ""2 - 3 years"",
  ""tuitionFee"": """",
  ""currency"": """",
  ""ieltsMinOverall"": """",
  ""ieltsMinSection"": """"
}","","","","postgraduate_research/pr00888-2-mphil-computing-and-electronic-systems.md","","","","","","","",""
"University of Essex","MSc (by Dissertation) Computing and Electronic Systems","MSc","https://www.essex.ac.uk/courses/PR00888/3/MSc-by-Dissertation-Computing-and-Electronic-Systems","postgraduate_research/pr00888-3-msc-by-dissertation-computing-and-electronic-systems.md","postgraduate_research","{
  ""courseName"": ""MSc (by Dissertation) Computing and Electronic Systems"",
  ""courseUrlExternal"": ""https://www.essex.ac.uk/courses/PR00888/3/MSc-by-Dissertation-Computing-and-Electronic-Systems"",
  ""degreeName"": ""MSc"",
  ""level"": """",
  ""studyMode"": """",
  ""award"": """",
  ""intakeInfo"": ""October 2026"",
  ""courseDuration"": ""1 year - 2 years"",
  ""tuitionFee"": """",
  ""currency"": """",
  ""ieltsMinOverall"": """",
  ""ieltsMinSection"": """"
}","","","","postgraduate_research/pr00888-3-msc-by-dissertation-computing-and-electronic-systems.md","","","","","","","",""
"University of Essex","PhD Creative Writing","PhD","https://www.essex.ac.uk/courses/PR00891/1/PhD-Creative-Writing","postgraduate_research/pr00891-1-phd-creative-writing.md","postgraduate_research","{
  ""courseName"": ""PhD Creative Writing"",
  ""courseUrlExternal"": ""https://www.essex.ac.uk/courses/PR00891/1/PhD-Creative-Writing"",
  ""degreeName"": ""PhD"",
  ""level"": """",
  ""studyMode"": """",
  ""award"": """",
  ""intakeInfo"": ""October 2026"",
  ""courseDuration"": ""3 - 4 years"",
  ""tuitionFee"": """",
  ""currency"": """",
  ""ieltsMinOverall"": """",
  ""ieltsMinSection"": """"
}","","","","postgraduate_research/pr00891-1-phd-creative-writing.md","","","","","","","",""
"University of Essex","MPhil Creative Writing","","https://www.essex.ac.uk/courses/PR00891/2/MPhil-Creative-Writing","postgraduate_research/pr00891-2-mphil-creative-writing.md","postgraduate_research","{
  ""courseName"": ""MPhil Creative Writing"",
  ""courseUrlExternal"": ""https://www.essex.ac.uk/courses/PR00891/2/MPhil-Creative-Writing"",
  ""degreeName"": """",
  ""level"": """",
  ""studyMode"": """",
  ""award"": """",
  ""intakeInfo"": ""October 2026"",
  ""courseDuration"": ""2 - 3 years"",
  ""tuitionFee"": """",
  ""currency"": """",
  ""ieltsMinOverall"": """",
  ""ieltsMinSection"": """"
}","","","","postgraduate_research/pr00891-2-mphil-creative-writing.md","","","","","","","",""
"University of Essex","MA (by Dissertation) Creative Writing","MA","https://www.essex.ac.uk/courses/PR00891/4/MA-by-Dissertation-Creative-Writing","postgraduate_research/pr00891-4-ma-by-dissertation-creative-writing.md","postgraduate_research","{
  ""courseName"": ""MA (by Dissertation) Creative Writing"",
  ""courseUrlExternal"": ""https://www.essex.ac.uk/courses/PR00891/4/MA-by-Dissertation-Creative-Writing"",
  ""degreeName"": ""MA"",
  ""level"": """",
  ""studyMode"": """",
  ""award"": """",
  ""intakeInfo"": ""October 2026"",
  ""courseDuration"": ""1 year - 2 years"",
  ""tuitionFee"": """",
  ""currency"": """",
  ""ieltsMinOverall"": """",
  ""ieltsMinSection"": """"
}","","","","postgraduate_research/pr00891-4-ma-by-dissertation-creative-writing.md","","","","","","","",""
"University of Essex","MPhil Criminology","","https://www.essex.ac.uk/courses/PR00892/2/MPhil-Criminology","postgraduate_research/pr00892-2-mphil-criminology.md","postgraduate_research","{
  ""courseName"": ""MPhil Criminology"",
  ""courseUrlExternal"": ""https://www.essex.ac.uk/courses/PR00892/2/MPhil-Criminology"",
  ""degreeName"": """",
  ""level"": """",
  ""studyMode"": """",
  ""award"": """",
  ""intakeInfo"": ""October 2026"",
  ""courseDuration"": ""2 - 3 years"",
  ""tuitionFee"": """",
  ""currency"": """",
  ""ieltsMinOverall"": """",
  ""ieltsMinSection"": """"
}","","","","postgraduate_research/pr00892-2-mphil-criminology.md","","","","","","","",""
"University of Essex","PhD Criminology","PhD","https://www.essex.ac.uk/courses/PR00892/3/PhD-Criminology","postgraduate_research/pr00892-3-phd-criminology.md","postgraduate_research","{
  ""courseName"": ""PhD Criminology"",
  ""courseUrlExternal"": ""https://www.essex.ac.uk/courses/PR00892/3/PhD-Criminology"",
  ""degreeName"": ""PhD"",
  ""level"": """",
  ""studyMode"": """",
  ""award"": """",
  ""intakeInfo"": ""October 2026"",
  ""courseDuration"": ""4 - 5 years"",
  ""tuitionFee"": """",
  ""currency"": """",
  ""ieltsMinOverall"": """",
  ""ieltsMinSection"": """"
}","","","","postgraduate_research/pr00892-3-phd-criminology.md","","","","","","","",""
"University of Essex","PhD Economics","PhD","https://www.essex.ac.uk/courses/PR00898/1/PhD-Economics-ISER","postgraduate_research/pr00898-1-phd-economics-iser.md","postgraduate_research","{
  ""courseName"": ""PhD Economics"",
  ""courseUrlExternal"": ""https://www.essex.ac.uk/courses/PR00898/1/PhD-Economics-ISER"",
  ""degreeName"": ""PhD"",
  ""level"": """",
  ""studyMode"": """",
  ""award"": """",
  ""intakeInfo"": ""October 2026"",
  ""courseDuration"": ""3 - 4 years"",
  ""tuitionFee"": """",
  ""currency"": """",
  ""ieltsMinOverall"": """",
  ""ieltsMinSection"": """"
}","","","","postgraduate_research/pr00898-1-phd-economics-iser.md","","","","","","","",""
"University of Essex","MPhil Economics","","https://www.essex.ac.uk/courses/PR00898/2/MPhil-Economics-ISER","postgraduate_research/pr00898-2-mphil-economics-iser.md","postgraduate_research","{
  ""courseName"": ""MPhil Economics"",
  ""courseUrlExternal"": ""https://www.essex.ac.uk/courses/PR00898/2/MPhil-Economics-ISER"",
  ""degreeName"": """",
  ""level"": """",
  ""studyMode"": """",
  ""award"": """",
  ""intakeInfo"": ""October 2026"",
  ""courseDuration"": ""2 - 3 years"",
  ""tuitionFee"": """",
  ""currency"": """",
  ""ieltsMinOverall"": """",
  ""ieltsMinSection"": """"
}","","","","postgraduate_research/pr00898-2-mphil-economics-iser.md","","","","","","","",""
"University of Essex","PhD Electronic Systems Engineering","PhD","https://www.essex.ac.uk/courses/PR00900/1/PhD-Electronic-Systems-Engineering","postgraduate_research/pr00900-1-phd-electronic-systems-engineering.md","postgraduate_research","{
  ""courseName"": ""PhD Electronic Systems Engineering"",
  ""courseUrlExternal"": ""https://www.essex.ac.uk/courses/PR00900/1/PhD-Electronic-Systems-Engineering"",
  ""degreeName"": ""PhD"",
  ""level"": """",
  ""studyMode"": """",
  ""award"": """",
  ""intakeInfo"": ""October 2026"",
  ""courseDuration"": ""3 - 4 years"",
  ""tuitionFee"": """",
  ""currency"": """",
  ""ieltsMinOverall"": """",
  ""ieltsMinSection"": """"
}","","","","postgraduate_research/pr00900-1-phd-electronic-systems-engineering.md","","","","","","","",""
"University of Essex","MPhil Electronic Systems Engineering","","https://www.essex.ac.uk/courses/PR00900/2/MPhil-Electronic-Systems-Engineering","postgraduate_research/pr00900-2-mphil-electronic-systems-engineering.md","postgraduate_research","{
  ""courseName"": ""MPhil Electronic Systems Engineering"",
  ""courseUrlExternal"": ""https://www.essex.ac.uk/courses/PR00900/2/MPhil-Electronic-Systems-Engineering"",
  ""degreeName"": """",
  ""level"": """",
  ""studyMode"": """",
  ""award"": """",
  ""intakeInfo"": ""October 2026"",
  ""courseDuration"": ""2 - 3 years"",
  ""tuitionFee"": """",
  ""currency"": """",
  ""ieltsMinOverall"": """",
  ""ieltsMinSection"": """"
}","","","","postgraduate_research/pr00900-2-mphil-electronic-systems-engineering.md","","","","","","","",""
"University of Essex","MSc (by Dissertation) Electronic Systems Engineering","MSc","https://www.essex.ac.uk/courses/PR00900/3/MSc-by-Dissertation-Electronic-Systems-Engineering","postgraduate_research/pr00900-3-msc-by-dissertation-electronic-systems-engineering.md","postgraduate_research","{
  ""courseName"": ""MSc (by Dissertation) Electronic Systems Engineering"",
  ""courseUrlExternal"": ""https://www.essex.ac.uk/courses/PR00900/3/MSc-by-Dissertation-Electronic-Systems-Engineering"",
  ""degreeName"": ""MSc"",
  ""level"": """",
  ""studyMode"": """",
  ""award"": """",
  ""intakeInfo"": ""October 2026"",
  ""courseDuration"": ""1 year - 2 years"",
  ""tuitionFee"": """",
  ""currency"": """",
  ""ieltsMinOverall"": """",
  ""ieltsMinSection"": """"
}","","","","postgraduate_research/pr00900-3-msc-by-dissertation-electronic-systems-engineering.md","","","","","","","",""
"University of Essex","PhD English Language Teaching","PhD","https://www.essex.ac.uk/courses/PR00902/3/PhD-English-Language-Teaching","postgraduate_research/pr00902-3-phd-english-language-teaching.md","postgraduate_research","{
  ""courseName"": ""PhD English Language Teaching"",
  ""courseUrlExternal"": ""https://www.essex.ac.uk/courses/PR00902/3/PhD-English-Language-Teaching"",
  ""degreeName"": ""PhD"",
  ""level"": """",
  ""studyMode"": """",
  ""award"": """",
  ""intakeInfo"": ""October 2026"",
  ""courseDuration"": ""4 - 5 years"",
  ""tuitionFee"": """",
  ""currency"": """",
  ""ieltsMinOverall"": """",
  ""ieltsMinSection"": """"
}","","","","postgraduate_research/pr00902-3-phd-english-language-teaching.md","","","","","","","",""
"University of Essex","PhD Entrepreneurship","PhD","https://www.essex.ac.uk/courses/PR00903/2/PhD-Entrepreneurship","postgraduate_research/pr00903-2-phd-entrepreneurship.md","postgraduate_research","{
  ""courseName"": ""PhD Entrepreneurship"",
  ""courseUrlExternal"": ""https://www.essex.ac.uk/courses/PR00903/2/PhD-Entrepreneurship"",
  ""degreeName"": ""PhD"",
  ""level"": """",
  ""studyMode"": """",
  ""award"": """",
  ""intakeInfo"": ""October 2026"",
  ""courseDuration"": ""4 - 5 years"",
  ""tuitionFee"": """",
  ""currency"": """",
  ""ieltsMinOverall"": """",
  ""ieltsMinSection"": """"
}","","","","postgraduate_research/pr00903-2-phd-entrepreneurship.md","","","","","","","",""
"University of Essex","PhD Environmental Biology","PhD","https://www.essex.ac.uk/courses/PR00904/1/PhD-Environmental-Biology","postgraduate_research/pr00904-1-phd-environmental-biology.md","postgraduate_research","{
  ""courseName"": ""PhD Environmental Biology"",
  ""courseUrlExternal"": ""https://www.essex.ac.uk/courses/PR00904/1/PhD-Environmental-Biology"",
  ""degreeName"": ""PhD"",
  ""level"": """",
  ""studyMode"": """",
  ""award"": """",
  ""intakeInfo"": ""October 2026"",
  ""courseDuration"": ""3 - 4 years"",
  ""tuitionFee"": """",
  ""currency"": """",
  ""ieltsMinOverall"": """",
  ""ieltsMinSection"": """"
}","","","","postgraduate_research/pr00904-1-phd-environmental-biology.md","","","","","","","",""
"University of Essex","MSc (by Dissertation) Environmental Biology","MSc","https://www.essex.ac.uk/courses/PR00904/3/MSc-by-Dissertation-Environmental-Biology","postgraduate_research/pr00904-3-msc-by-dissertation-environmental-biology.md","postgraduate_research","{
  ""courseName"": ""MSc (by Dissertation) Environmental Biology"",
  ""courseUrlExternal"": ""https://www.essex.ac.uk/courses/PR00904/3/MSc-by-Dissertation-Environmental-Biology"",
  ""degreeName"": ""MSc"",
  ""level"": """",
  ""studyMode"": """",
  ""award"": """",
  ""intakeInfo"": ""October 2026"",
  ""courseDuration"": ""1 year - 2 years"",
  ""tuitionFee"": """",
  ""currency"": """",
  ""ieltsMinOverall"": """",
  ""ieltsMinSection"": """"
}","","","","postgraduate_research/pr00904-3-msc-by-dissertation-environmental-biology.md","","","","","","","",""
"University of Essex","MA (by Dissertation) Film Studies","MA","https://www.essex.ac.uk/courses/PR00911/4/MA-by-Dissertation-Film-Studies","postgraduate_research/pr00911-4-ma-by-dissertation-film-studies.md","postgraduate_research","{
  ""courseName"": ""MA (by Dissertation) Film Studies"",
  ""courseUrlExternal"": ""https://www.essex.ac.uk/courses/PR00911/4/MA-by-Dissertation-Film-Studies"",
  ""degreeName"": ""MA"",
  ""level"": """",
  ""studyMode"": """",
  ""award"": """",
  ""intakeInfo"": ""October 2026"",
  ""courseDuration"": ""1 year - 2 years"",
  ""tuitionFee"": """",
  ""currency"": """",
  ""ieltsMinOverall"": """",
  ""ieltsMinSection"": """"
}","","","","postgraduate_research/pr00911-4-ma-by-dissertation-film-studies.md","","","","","","","",""
"University of Essex","PhD Film Studies","PhD","https://www.essex.ac.uk/courses/PR00912/1/PhD-Film-Studies-Creative-Practice","postgraduate_research/pr00912-1-phd-film-studies-creative-practice.md","postgraduate_research","{
  ""courseName"": ""PhD Film Studies"",
  ""courseUrlExternal"": ""https://www.essex.ac.uk/courses/PR00912/1/PhD-Film-Studies-Creative-Practice"",
  ""degreeName"": ""PhD"",
  ""level"": """",
  ""studyMode"": """",
  ""award"": """",
  ""intakeInfo"": ""October 2026"",
  ""courseDuration"": ""3 - 4 years"",
  ""tuitionFee"": """",
  ""currency"": """",
  ""ieltsMinOverall"": """",
  ""ieltsMinSection"": """"
}","","","","postgraduate_research/pr00912-1-phd-film-studies-creative-practice.md","","","","","","","",""
"University of Essex","MPhil Film Studies","","https://www.essex.ac.uk/courses/PR00912/2/MPhil-Film-Studies-Creative-Practice","postgraduate_research/pr00912-2-mphil-film-studies-creative-practice.md","postgraduate_research","{
  ""courseName"": ""MPhil Film Studies"",
  ""courseUrlExternal"": ""https://www.essex.ac.uk/courses/PR00912/2/MPhil-Film-Studies-Creative-Practice"",
  ""degreeName"": """",
  ""level"": """",
  ""studyMode"": """",
  ""award"": """",
  ""intakeInfo"": ""October 2026"",
  ""courseDuration"": ""2 - 3 years"",
  ""tuitionFee"": """",
  ""currency"": """",
  ""ieltsMinOverall"": """",
  ""ieltsMinSection"": """"
}","","","","postgraduate_research/pr00912-2-mphil-film-studies-creative-practice.md","","","","","","","",""
"University of Essex","PhD Finance","PhD","https://www.essex.ac.uk/courses/PR00913/2/PhD-Finance","postgraduate_research/pr00913-2-phd-finance.md","postgraduate_research","{
  ""courseName"": ""PhD Finance"",
  ""courseUrlExternal"": ""https://www.essex.ac.uk/courses/PR00913/2/PhD-Finance"",
  ""degreeName"": ""PhD"",
  ""level"": """",
  ""studyMode"": """",
  ""award"": """",
  ""intakeInfo"": ""October 2026"",
  ""courseDuration"": ""4 - 5 years"",
  ""tuitionFee"": """",
  ""currency"": """",
  ""ieltsMinOverall"": """",
  ""ieltsMinSection"": """"
}","","","","postgraduate_research/pr00913-2-phd-finance.md","","","","","","","",""
"University of Essex","MPhil Government","","https://www.essex.ac.uk/courses/PR00914/2/MPhil-Government","postgraduate_research/pr00914-2-mphil-government.md","postgraduate_research","{
  ""courseName"": ""MPhil Government"",
  ""courseUrlExternal"": ""https://www.essex.ac.uk/courses/PR00914/2/MPhil-Government"",
  ""degreeName"": """",
  ""level"": """",
  ""studyMode"": """",
  ""award"": """",
  ""intakeInfo"": ""October 2026"",
  ""courseDuration"": ""2 - 3 years"",
  ""tuitionFee"": """",
  ""currency"": """",
  ""ieltsMinOverall"": """",
  ""ieltsMinSection"": """"
}","","","","postgraduate_research/pr00914-2-mphil-government.md","","","","","","","",""
"University of Essex","PhD Government","PhD","https://www.essex.ac.uk/courses/PR00914/3/PhD-Government","postgraduate_research/pr00914-3-phd-government.md","postgraduate_research","{
  ""courseName"": ""PhD Government"",
  ""courseUrlExternal"": ""https://www.essex.ac.uk/courses/PR00914/3/PhD-Government"",
  ""degreeName"": ""PhD"",
  ""level"": """",
  ""studyMode"": """",
  ""award"": """",
  ""intakeInfo"": ""October 2026"",
  ""courseDuration"": ""4 - 5 years"",
  ""tuitionFee"": """",
  ""currency"": """",
  ""ieltsMinOverall"": """",
  ""ieltsMinSection"": """"
}","","","","postgraduate_research/pr00914-3-phd-government.md","","","","","","","",""
"University of Essex","PhD Health and Organisational Research","PhD","https://www.essex.ac.uk/courses/PR00915/1/PhD-Health-and-Organisational-Research","postgraduate_research/pr00915-1-phd-health-and-organisational-research.md","postgraduate_research","{
  ""courseName"": ""PhD Health and Organisational Research"",
  ""courseUrlExternal"": ""https://www.essex.ac.uk/courses/PR00915/1/PhD-Health-and-Organisational-Research"",
  ""degreeName"": ""PhD"",
  ""level"": """",
  ""studyMode"": """",
  ""award"": """",
  ""intakeInfo"": ""October 2026"",
  ""courseDuration"": ""3 - 4 years"",
  ""tuitionFee"": """",
  ""currency"": """",
  ""ieltsMinOverall"": """",
  ""ieltsMinSection"": """"
}","","","","postgraduate_research/pr00915-1-phd-health-and-organisational-research.md","","","","","","","",""
"University of Essex","MPhil Health and Organisational Research","","https://www.essex.ac.uk/courses/PR00915/2/MPhil-Health-and-Organisational-Research","postgraduate_research/pr00915-2-mphil-health-and-organisational-research.md","postgraduate_research","{
  ""courseName"": ""MPhil Health and Organisational Research"",
  ""courseUrlExternal"": ""https://www.essex.ac.uk/courses/PR00915/2/MPhil-Health-and-Organisational-Research"",
  ""degreeName"": """",
  ""level"": """",
  ""studyMode"": """",
  ""award"": """",
  ""intakeInfo"": ""October 2026"",
  ""courseDuration"": ""2 - 3 years"",
  ""tuitionFee"": """",
  ""currency"": """",
  ""ieltsMinOverall"": """",
  ""ieltsMinSection"": """"
}","","","","postgraduate_research/pr00915-2-mphil-health-and-organisational-research.md","","","","","","","",""
"University of Essex","Professional Doctorate Health Care Education","","https://www.essex.ac.uk/courses/PR00917/1/Professional-Doctorate-Health-Care-Education","postgraduate_research/pr00917-1-professional-doctorate-health-care-education.md","postgraduate_research","{
  ""courseName"": ""Professional Doctorate Health Care Education"",
  ""courseUrlExternal"": ""https://www.essex.ac.uk/courses/PR00917/1/Professional-Doctorate-Health-Care-Education"",
  ""degreeName"": """",
  ""level"": """",
  ""studyMode"": """",
  ""award"": """",
  ""intakeInfo"": ""October 2026"",
  ""courseDuration"": ""5 - 6 years"",
  ""tuitionFee"": """",
  ""currency"": """",
  ""ieltsMinOverall"": """",
  ""ieltsMinSection"": """"
}","","","","postgraduate_research/pr00917-1-professional-doctorate-health-care-education.md","","","","","","","",""
"University of Essex","Professional Doctorate Health Service Management","","https://www.essex.ac.uk/courses/PR00919/1/Professional-Doctorate-Health-Service-Management","postgraduate_research/pr00919-1-professional-doctorate-health-service-management.md","postgraduate_research","{
  ""courseName"": ""Professional Doctorate Health Service Management"",
  ""courseUrlExternal"": ""https://www.essex.ac.uk/courses/PR00919/1/Professional-Doctorate-Health-Service-Management"",
  ""degreeName"": """",
  ""level"": """",
  ""studyMode"": """",
  ""award"": """",
  ""intakeInfo"": ""October 2026"",
  ""courseDuration"": ""5 - 6 years"",
  ""tuitionFee"": """",
  ""currency"": """",
  ""ieltsMinOverall"": """",
  ""ieltsMinSection"": """"
}","","","","postgraduate_research/pr00919-1-professional-doctorate-health-service-management.md","","","","","","","",""
"University of Essex","PhD Health Studies","PhD","https://www.essex.ac.uk/courses/PR00920/1/PhD-Health-Studies","postgraduate_research/pr00920-1-phd-health-studies.md","postgraduate_research","{
  ""courseName"": ""PhD Health Studies"",
  ""courseUrlExternal"": ""https://www.essex.ac.uk/courses/PR00920/1/PhD-Health-Studies"",
  ""degreeName"": ""PhD"",
  ""level"": """",
  ""studyMode"": """",
  ""award"": """",
  ""intakeInfo"": ""October 2026"",
  ""courseDuration"": ""3 - 4 years"",
  ""tuitionFee"": """",
  ""currency"": """",
  ""ieltsMinOverall"": """",
  ""ieltsMinSection"": """"
}","","","","postgraduate_research/pr00920-1-phd-health-studies.md","","","","","","","",""
"University of Essex","PhD History","PhD","https://www.essex.ac.uk/courses/PR00922/1/PhD-History","postgraduate_research/pr00922-1-phd-history.md","postgraduate_research","{
  ""courseName"": ""PhD History"",
  ""courseUrlExternal"": ""https://www.essex.ac.uk/courses/PR00922/1/PhD-History"",
  ""degreeName"": ""PhD"",
  ""level"": """",
  ""studyMode"": """",
  ""award"": """",
  ""intakeInfo"": ""October 2026"",
  ""courseDuration"": ""3 - 4 years"",
  ""tuitionFee"": """",
  ""currency"": """",
  ""ieltsMinOverall"": """",
  ""ieltsMinSection"": """"
}","","","","postgraduate_research/pr00922-1-phd-history.md","","","","","","","",""
"University of Essex","MPhil History","","https://www.essex.ac.uk/courses/PR00922/2/MPhil-History","postgraduate_research/pr00922-2-mphil-history.md","postgraduate_research","{
  ""courseName"": ""MPhil History"",
  ""courseUrlExternal"": ""https://www.essex.ac.uk/courses/PR00922/2/MPhil-History"",
  ""degreeName"": """",
  ""level"": """",
  ""studyMode"": """",
  ""award"": """",
  ""intakeInfo"": ""October 2026"",
  ""courseDuration"": ""2 - 3 years"",
  ""tuitionFee"": """",
  ""currency"": """",
  ""ieltsMinOverall"": """",
  ""ieltsMinSection"": """"
}","","","","postgraduate_research/pr00922-2-mphil-history.md","","","","","","","",""
"University of Essex","MA (by Dissertation) History","MA","https://www.essex.ac.uk/courses/PR00922/4/MA-by-Dissertation-History","postgraduate_research/pr00922-4-ma-by-dissertation-history.md","postgraduate_research","{
  ""courseName"": ""MA (by Dissertation) History"",
  ""courseUrlExternal"": ""https://www.essex.ac.uk/courses/PR00922/4/MA-by-Dissertation-History"",
  ""degreeName"": ""MA"",
  ""level"": """",
  ""studyMode"": """",
  ""award"": """",
  ""intakeInfo"": ""October 2026"",
  ""courseDuration"": ""1 year - 2 years"",
  ""tuitionFee"": """",
  ""currency"": """",
  ""ieltsMinOverall"": """",
  ""ieltsMinSection"": """"
}","","","","postgraduate_research/pr00922-4-ma-by-dissertation-history.md","","","","","","","",""
"University of Essex","PhD Human Rights","PhD","https://www.essex.ac.uk/courses/PR00923/1/PhD-Human-Rights","postgraduate_research/pr00923-1-phd-human-rights.md","postgraduate_research","{
  ""courseName"": ""PhD Human Rights"",
  ""courseUrlExternal"": ""https://www.essex.ac.uk/courses/PR00923/1/PhD-Human-Rights"",
  ""degreeName"": ""PhD"",
  ""level"": """",
  ""studyMode"": """",
  ""award"": """",
  ""intakeInfo"": ""October 2026"",
  ""courseDuration"": ""3 - 4 years"",
  ""tuitionFee"": """",
  ""currency"": """",
  ""ieltsMinOverall"": """",
  ""ieltsMinSection"": """"
}","","","","postgraduate_research/pr00923-1-phd-human-rights.md","","","","","","","",""
"University of Essex","PhD Human Rights and Research Methods","PhD","https://www.essex.ac.uk/courses/PR00924/1/PhD-Human-Rights-and-Research-Methods","postgraduate_research/pr00924-1-phd-human-rights-and-research-methods.md","postgraduate_research","{
  ""courseName"": ""PhD Human Rights and Research Methods"",
  ""courseUrlExternal"": ""https://www.essex.ac.uk/courses/PR00924/1/PhD-Human-Rights-and-Research-Methods"",
  ""degreeName"": ""PhD"",
  ""level"": """",
  ""studyMode"": """",
  ""award"": """",
  ""intakeInfo"": ""October 2026"",
  ""courseDuration"": ""3 - 4 years"",
  ""tuitionFee"": """",
  ""currency"": """",
  ""ieltsMinOverall"": """",
  ""ieltsMinSection"": """"
}","","","","postgraduate_research/pr00924-1-phd-human-rights-and-research-methods.md","","","","","","","",""
"University of Essex","PhD Law","PhD","https://www.essex.ac.uk/courses/PR00931/1/PhD-Law","postgraduate_research/pr00931-1-phd-law.md","postgraduate_research","{
  ""courseName"": ""PhD Law"",
  ""courseUrlExternal"": ""https://www.essex.ac.uk/courses/PR00931/1/PhD-Law"",
  ""degreeName"": ""PhD"",
  ""level"": """",
  ""studyMode"": """",
  ""award"": """",
  ""intakeInfo"": ""October 2026"",
  ""courseDuration"": ""3 - 4 years"",
  ""tuitionFee"": """",
  ""currency"": """",
  ""ieltsMinOverall"": """",
  ""ieltsMinSection"": """"
}","","","","postgraduate_research/pr00931-1-phd-law.md","","","","","","","",""
"University of Essex","MPhil Law","","https://www.essex.ac.uk/courses/PR00931/2/MPhil-Law","postgraduate_research/pr00931-2-mphil-law.md","postgraduate_research","{
  ""courseName"": ""MPhil Law"",
  ""courseUrlExternal"": ""https://www.essex.ac.uk/courses/PR00931/2/MPhil-Law"",
  ""degreeName"": """",
  ""level"": """",
  ""studyMode"": """",
  ""award"": """",
  ""intakeInfo"": ""October 2026"",
  ""courseDuration"": ""2 - 3 years"",
  ""tuitionFee"": """",
  ""currency"": """",
  ""ieltsMinOverall"": """",
  ""ieltsMinSection"": """"
}","","","","postgraduate_research/pr00931-2-mphil-law.md","","","","","","","",""
"University of Essex","PhD Linguistics","PhD","https://www.essex.ac.uk/courses/PR00934/3/PhD-Linguistics","postgraduate_research/pr00934-3-phd-linguistics.md","postgraduate_research","{
  ""courseName"": ""PhD Linguistics"",
  ""courseUrlExternal"": ""https://www.essex.ac.uk/courses/PR00934/3/PhD-Linguistics"",
  ""degreeName"": ""PhD"",
  ""level"": """",
  ""studyMode"": """",
  ""award"": """",
  ""intakeInfo"": ""October 2026"",
  ""courseDuration"": ""4 - 5 years"",
  ""tuitionFee"": """",
  ""currency"": """",
  ""ieltsMinOverall"": """",
  ""ieltsMinSection"": """"
}","","","","postgraduate_research/pr00934-3-phd-linguistics.md","","","","","","","",""
"University of Essex","PhD Literature","PhD","https://www.essex.ac.uk/courses/PR00935/1/PhD-Literature","postgraduate_research/pr00935-1-phd-literature.md","postgraduate_research","{
  ""courseName"": ""PhD Literature"",
  ""courseUrlExternal"": ""https://www.essex.ac.uk/courses/PR00935/1/PhD-Literature"",
  ""degreeName"": ""PhD"",
  ""level"": """",
  ""studyMode"": """",
  ""award"": """",
  ""intakeInfo"": ""October 2026"",
  ""courseDuration"": ""3 - 4 years"",
  ""tuitionFee"": """",
  ""currency"": """",
  ""ieltsMinOverall"": """",
  ""ieltsMinSection"": """"
}","","","","postgraduate_research/pr00935-1-phd-literature.md","","","","","","","",""
"University of Essex","MPhil Literature","","https://www.essex.ac.uk/courses/PR00935/2/MPhil-Literature","postgraduate_research/pr00935-2-mphil-literature.md","postgraduate_research","{
  ""courseName"": ""MPhil Literature"",
  ""courseUrlExternal"": ""https://www.essex.ac.uk/courses/PR00935/2/MPhil-Literature"",
  ""degreeName"": """",
  ""level"": """",
  ""studyMode"": """",
  ""award"": """",
  ""intakeInfo"": ""October 2026"",
  ""courseDuration"": ""2 - 3 years"",
  ""tuitionFee"": """",
  ""currency"": """",
  ""ieltsMinOverall"": """",
  ""ieltsMinSection"": """"
}","","","","postgraduate_research/pr00935-2-mphil-literature.md","","","","","","","",""
"University of Essex","MA (by Dissertation) Literature","MA","https://www.essex.ac.uk/courses/PR00935/4/MA-by-Dissertation-Literature","postgraduate_research/pr00935-4-ma-by-dissertation-literature.md","postgraduate_research","{
  ""courseName"": ""MA (by Dissertation) Literature"",
  ""courseUrlExternal"": ""https://www.essex.ac.uk/courses/PR00935/4/MA-by-Dissertation-Literature"",
  ""degreeName"": ""MA"",
  ""level"": """",
  ""studyMode"": """",
  ""award"": """",
  ""intakeInfo"": ""October 2026"",
  ""courseDuration"": ""1 year - 2 years"",
  ""tuitionFee"": """",
  ""currency"": """",
  ""ieltsMinOverall"": """",
  ""ieltsMinSection"": """"
}","","","","postgraduate_research/pr00935-4-ma-by-dissertation-literature.md","","","","","","","",""
"University of Essex","PhD Management","PhD","https://www.essex.ac.uk/courses/PR00939/2/PhD-Management","postgraduate_research/pr00939-2-phd-management.md","postgraduate_research","{
  ""courseName"": ""PhD Management"",
  ""courseUrlExternal"": ""https://www.essex.ac.uk/courses/PR00939/2/PhD-Management"",
  ""degreeName"": ""PhD"",
  ""level"": """",
  ""studyMode"": """",
  ""award"": """",
  ""intakeInfo"": ""October 2026"",
  ""courseDuration"": ""3 - 4 years"",
  ""tuitionFee"": """",
  ""currency"": """",
  ""ieltsMinOverall"": """",
  ""ieltsMinSection"": """"
}","","","","postgraduate_research/pr00939-2-phd-management.md","","","","","","","",""
"University of Essex","PhD Management Studies","PhD","https://www.essex.ac.uk/courses/PR00940/6/PhD-Management-Studies","postgraduate_research/pr00940-6-phd-management-studies.md","postgraduate_research","{
  ""courseName"": ""PhD Management Studies"",
  ""courseUrlExternal"": ""https://www.essex.ac.uk/courses/PR00940/6/PhD-Management-Studies"",
  ""degreeName"": ""PhD"",
  ""level"": """",
  ""studyMode"": """",
  ""award"": """",
  ""intakeInfo"": ""October 2026"",
  ""courseDuration"": ""4 - 5 years"",
  ""tuitionFee"": """",
  ""currency"": """",
  ""ieltsMinOverall"": """",
  ""ieltsMinSection"": """"
}","","","","postgraduate_research/pr00940-6-phd-management-studies.md","","","","","","","",""
"University of Essex","PhD Marine Biology","PhD","https://www.essex.ac.uk/courses/PR00941/1/PhD-Marine-Biology","postgraduate_research/pr00941-1-phd-marine-biology.md","postgraduate_research","{
  ""courseName"": ""PhD Marine Biology"",
  ""courseUrlExternal"": ""https://www.essex.ac.uk/courses/PR00941/1/PhD-Marine-Biology"",
  ""degreeName"": ""PhD"",
  ""level"": """",
  ""studyMode"": """",
  ""award"": """",
  ""intakeInfo"": ""October 2026"",
  ""courseDuration"": ""3 - 4 years"",
  ""tuitionFee"": """",
  ""currency"": """",
  ""ieltsMinOverall"": """",
  ""ieltsMinSection"": """"
}","","","","postgraduate_research/pr00941-1-phd-marine-biology.md","","","","","","","",""
"University of Essex","MSc (by Dissertation) Marine Biology","MSc","https://www.essex.ac.uk/courses/PR00941/3/MSc-by-Dissertation-Marine-Biology","postgraduate_research/pr00941-3-msc-by-dissertation-marine-biology.md","postgraduate_research","{
  ""courseName"": ""MSc (by Dissertation) Marine Biology"",
  ""courseUrlExternal"": ""https://www.essex.ac.uk/courses/PR00941/3/MSc-by-Dissertation-Marine-Biology"",
  ""degreeName"": ""MSc"",
  ""level"": """",
  ""studyMode"": """",
  ""award"": """",
  ""intakeInfo"": ""October 2026"",
  ""courseDuration"": ""1 year - 2 years"",
  ""tuitionFee"": """",
  ""currency"": """",
  ""ieltsMinOverall"": """",
  ""ieltsMinSection"": """"
}","","","","postgraduate_research/pr00941-3-msc-by-dissertation-marine-biology.md","","","","","","","",""
"University of Essex","PhD Mathematical Biology","PhD","https://www.essex.ac.uk/courses/PR00942/1/PhD-Mathematical-Biology","postgraduate_research/pr00942-1-phd-mathematical-biology.md","postgraduate_research","{
  ""courseName"": ""PhD Mathematical Biology"",
  ""courseUrlExternal"": ""https://www.essex.ac.uk/courses/PR00942/1/PhD-Mathematical-Biology"",
  ""degreeName"": ""PhD"",
  ""level"": """",
  ""studyMode"": """",
  ""award"": """",
  ""intakeInfo"": ""October 2026"",
  ""courseDuration"": ""3 - 4 years"",
  ""tuitionFee"": """",
  ""currency"": """",
  ""ieltsMinOverall"": """",
  ""ieltsMinSection"": """"
}","","","","postgraduate_research/pr00942-1-phd-mathematical-biology.md","","","","","","","",""
"University of Essex","MPhil Mathematical Biology","","https://www.essex.ac.uk/courses/PR00942/2/MPhil-Mathematical-Biology","postgraduate_research/pr00942-2-mphil-mathematical-biology.md","postgraduate_research","{
  ""courseName"": ""MPhil Mathematical Biology"",
  ""courseUrlExternal"": ""https://www.essex.ac.uk/courses/PR00942/2/MPhil-Mathematical-Biology"",
  ""degreeName"": """",
  ""level"": """",
  ""studyMode"": """",
  ""award"": """",
  ""intakeInfo"": ""October 2026"",
  ""courseDuration"": ""2 - 3 years"",
  ""tuitionFee"": """",
  ""currency"": """",
  ""ieltsMinOverall"": """",
  ""ieltsMinSection"": """"
}","","","","postgraduate_research/pr00942-2-mphil-mathematical-biology.md","","","","","","","",""
"University of Essex","MSc (by Dissertation) Mathematical Biology","MSc","https://www.essex.ac.uk/courses/PR00942/3/MSc-by-Dissertation-Mathematical-Biology","postgraduate_research/pr00942-3-msc-by-dissertation-mathematical-biology.md","postgraduate_research","{
  ""courseName"": ""MSc (by Dissertation) Mathematical Biology"",
  ""courseUrlExternal"": ""https://www.essex.ac.uk/courses/PR00942/3/MSc-by-Dissertation-Mathematical-Biology"",
  ""degreeName"": ""MSc"",
  ""level"": """",
  ""studyMode"": """",
  ""award"": """",
  ""intakeInfo"": ""October 2026"",
  ""courseDuration"": ""1 year - 2 years"",
  ""tuitionFee"": """",
  ""currency"": """",
  ""ieltsMinOverall"": """",
  ""ieltsMinSection"": """"
}","","","","postgraduate_research/pr00942-3-msc-by-dissertation-mathematical-biology.md","","","","","","","",""
"University of Essex","MPhil Mathematics","","https://www.essex.ac.uk/courses/PR00943/2/MPhil-Mathematics","postgraduate_research/pr00943-2-mphil-mathematics.md","postgraduate_research","{
  ""courseName"": ""MPhil Mathematics"",
  ""courseUrlExternal"": ""https://www.essex.ac.uk/courses/PR00943/2/MPhil-Mathematics"",
  ""degreeName"": """",
  ""level"": """",
  ""studyMode"": """",
  ""award"": """",
  ""intakeInfo"": ""October 2026"",
  ""courseDuration"": ""2 - 3 years"",
  ""tuitionFee"": """",
  ""currency"": """",
  ""ieltsMinOverall"": """",
  ""ieltsMinSection"": """"
}","","","","postgraduate_research/pr00943-2-mphil-mathematics.md","","","","","","","",""
"University of Essex","MSc (by Dissertation) Mathematics","MSc","https://www.essex.ac.uk/courses/PR00943/3/MSc-by-Dissertation-Mathematics","postgraduate_research/pr00943-3-msc-by-dissertation-mathematics.md","postgraduate_research","{
  ""courseName"": ""MSc (by Dissertation) Mathematics"",
  ""courseUrlExternal"": ""https://www.essex.ac.uk/courses/PR00943/3/MSc-by-Dissertation-Mathematics"",
  ""degreeName"": ""MSc"",
  ""level"": """",
  ""studyMode"": """",
  ""award"": """",
  ""intakeInfo"": ""October 2026"",
  ""courseDuration"": ""1 year - 2 years"",
  ""tuitionFee"": """",
  ""currency"": """",
  ""ieltsMinOverall"": """",
  ""ieltsMinSection"": """"
}","","","","postgraduate_research/pr00943-3-msc-by-dissertation-mathematics.md","","","","","","","",""
"University of Essex","PhD Mathematics","PhD","https://www.essex.ac.uk/courses/PR00943/4/PhD-Mathematics","postgraduate_research/pr00943-4-phd-mathematics.md","postgraduate_research","{
  ""courseName"": ""PhD Mathematics"",
  ""courseUrlExternal"": ""https://www.essex.ac.uk/courses/PR00943/4/PhD-Mathematics"",
  ""degreeName"": ""PhD"",
  ""level"": """",
  ""studyMode"": """",
  ""award"": """",
  ""intakeInfo"": ""October 2026"",
  ""courseDuration"": ""4 - 5 years"",
  ""tuitionFee"": """",
  ""currency"": """",
  ""ieltsMinOverall"": """",
  ""ieltsMinSection"": """"
}","","","","postgraduate_research/pr00943-4-phd-mathematics.md","","","","","","","",""
"University of Essex","PhD Microbiology","PhD","https://www.essex.ac.uk/courses/PR00946/1/PhD-Microbiology","postgraduate_research/pr00946-1-phd-microbiology.md","postgraduate_research","{
  ""courseName"": ""PhD Microbiology"",
  ""courseUrlExternal"": ""https://www.essex.ac.uk/courses/PR00946/1/PhD-Microbiology"",
  ""degreeName"": ""PhD"",
  ""level"": """",
  ""studyMode"": """",
  ""award"": """",
  ""intakeInfo"": ""October 2026"",
  ""courseDuration"": ""3 - 4 years"",
  ""tuitionFee"": """",
  ""currency"": """",
  ""ieltsMinOverall"": """",
  ""ieltsMinSection"": """"
}","","","","postgraduate_research/pr00946-1-phd-microbiology.md","","","","","","","",""
"University of Essex","MSc (by Dissertation) Microbiology","MSc","https://www.essex.ac.uk/courses/PR00946/3/MSc-by-Dissertation-Microbiology","postgraduate_research/pr00946-3-msc-by-dissertation-microbiology.md","postgraduate_research","{
  ""courseName"": ""MSc (by Dissertation) Microbiology"",
  ""courseUrlExternal"": ""https://www.essex.ac.uk/courses/PR00946/3/MSc-by-Dissertation-Microbiology"",
  ""degreeName"": ""MSc"",
  ""level"": """",
  ""studyMode"": """",
  ""award"": """",
  ""intakeInfo"": ""October 2026"",
  ""courseDuration"": ""1 year - 2 years"",
  ""tuitionFee"": """",
  ""currency"": """",
  ""ieltsMinOverall"": """",
  ""ieltsMinSection"": """"
}","","","","postgraduate_research/pr00946-3-msc-by-dissertation-microbiology.md","","","","","","","",""
"University of Essex","PhD Molecular Medicine","PhD","https://www.essex.ac.uk/courses/PR00950/1/PhD-Molecular-Medicine","postgraduate_research/pr00950-1-phd-molecular-medicine.md","postgraduate_research","{
  ""courseName"": ""PhD Molecular Medicine"",
  ""courseUrlExternal"": ""https://www.essex.ac.uk/courses/PR00950/1/PhD-Molecular-Medicine"",
  ""degreeName"": ""PhD"",
  ""level"": """",
  ""studyMode"": """",
  ""award"": """",
  ""intakeInfo"": ""October 2026"",
  ""courseDuration"": ""3 - 4 years"",
  ""tuitionFee"": """",
  ""currency"": """",
  ""ieltsMinOverall"": """",
  ""ieltsMinSection"": """"
}","","","","postgraduate_research/pr00950-1-phd-molecular-medicine.md","","","","","","","",""
"University of Essex","MSc (by Dissertation) Molecular Medicine","MSc","https://www.essex.ac.uk/courses/PR00950/3/MSc-by-Dissertation-Molecular-Medicine","postgraduate_research/pr00950-3-msc-by-dissertation-molecular-medicine.md","postgraduate_research","{
  ""courseName"": ""MSc (by Dissertation) Molecular Medicine"",
  ""courseUrlExternal"": ""https://www.essex.ac.uk/courses/PR00950/3/MSc-by-Dissertation-Molecular-Medicine"",
  ""degreeName"": ""MSc"",
  ""level"": """",
  ""studyMode"": """",
  ""award"": """",
  ""intakeInfo"": ""October 2026"",
  ""courseDuration"": ""1 year - 2 years"",
  ""tuitionFee"": """",
  ""currency"": """",
  ""ieltsMinOverall"": """",
  ""ieltsMinSection"": """"
}","","","","postgraduate_research/pr00950-3-msc-by-dissertation-molecular-medicine.md","","","","","","","",""
"University of Essex","Professional Doctorate Nursing","","https://www.essex.ac.uk/courses/PR00952/1/Professional-Doctorate-Nursing","postgraduate_research/pr00952-1-professional-doctorate-nursing.md","postgraduate_research","{
  ""courseName"": ""Professional Doctorate Nursing"",
  ""courseUrlExternal"": ""https://www.essex.ac.uk/courses/PR00952/1/Professional-Doctorate-Nursing"",
  ""degreeName"": """",
  ""level"": """",
  ""studyMode"": """",
  ""award"": """",
  ""intakeInfo"": ""October 2026"",
  ""courseDuration"": ""5 - 6 years"",
  ""tuitionFee"": """",
  ""currency"": """",
  ""ieltsMinOverall"": """",
  ""ieltsMinSection"": """"
}","","","","postgraduate_research/pr00952-1-professional-doctorate-nursing.md","","","","","","","",""
"University of Essex","PhD Nursing Studies","PhD","https://www.essex.ac.uk/courses/PR00953/1/PhD-Nursing-Studies","postgraduate_research/pr00953-1-phd-nursing-studies.md","postgraduate_research","{
  ""courseName"": ""PhD Nursing Studies"",
  ""courseUrlExternal"": ""https://www.essex.ac.uk/courses/PR00953/1/PhD-Nursing-Studies"",
  ""degreeName"": ""PhD"",
  ""level"": """",
  ""studyMode"": """",
  ""award"": """",
  ""intakeInfo"": ""October 2026"",
  ""courseDuration"": ""3 - 4 years"",
  ""tuitionFee"": """",
  ""currency"": """",
  ""ieltsMinOverall"": """",
  ""ieltsMinSection"": """"
}","","","","postgraduate_research/pr00953-1-phd-nursing-studies.md","","","","","","","",""
"University of Essex","MPhil Nursing Studies","","https://www.essex.ac.uk/courses/PR00953/2/MPhil-Nursing-Studies","postgraduate_research/pr00953-2-mphil-nursing-studies.md","postgraduate_research","{
  ""courseName"": ""MPhil Nursing Studies"",
  ""courseUrlExternal"": ""https://www.essex.ac.uk/courses/PR00953/2/MPhil-Nursing-Studies"",
  ""degreeName"": """",
  ""level"": """",
  ""studyMode"": """",
  ""award"": """",
  ""intakeInfo"": ""October 2026"",
  ""courseDuration"": ""2 - 3 years"",
  ""tuitionFee"": """",
  ""currency"": """",
  ""ieltsMinOverall"": """",
  ""ieltsMinSection"": """"
}","","","","postgraduate_research/pr00953-2-mphil-nursing-studies.md","","","","","","","",""
"University of Essex","MSc (by Dissertation) Nursing Studies","MSc","https://www.essex.ac.uk/courses/PR00953/3/MSc-by-Dissertation-Nursing-Studies","postgraduate_research/pr00953-3-msc-by-dissertation-nursing-studies.md","postgraduate_research","{
  ""courseName"": ""MSc (by Dissertation) Nursing Studies"",
  ""courseUrlExternal"": ""https://www.essex.ac.uk/courses/PR00953/3/MSc-by-Dissertation-Nursing-Studies"",
  ""degreeName"": ""MSc"",
  ""level"": """",
  ""studyMode"": """",
  ""award"": """",
  ""intakeInfo"": ""October 2026"",
  ""courseDuration"": ""1 year - 2 years"",
  ""tuitionFee"": """",
  ""currency"": """",
  ""ieltsMinOverall"": """",
  ""ieltsMinSection"": """"
}","","","","postgraduate_research/pr00953-3-msc-by-dissertation-nursing-studies.md","","","","","","","",""
"University of Essex","PhD Occupational Therapy","PhD","https://www.essex.ac.uk/courses/PR00954/1/PhD-Occupational-Therapy","postgraduate_research/pr00954-1-phd-occupational-therapy.md","postgraduate_research","{
  ""courseName"": ""PhD Occupational Therapy"",
  ""courseUrlExternal"": ""https://www.essex.ac.uk/courses/PR00954/1/PhD-Occupational-Therapy"",
  ""degreeName"": ""PhD"",
  ""level"": """",
  ""studyMode"": """",
  ""award"": """",
  ""intakeInfo"": ""October 2026"",
  ""courseDuration"": ""3 - 4 years"",
  ""tuitionFee"": """",
  ""currency"": """",
  ""ieltsMinOverall"": """",
  ""ieltsMinSection"": """"
}","","","","postgraduate_research/pr00954-1-phd-occupational-therapy.md","","","","","","","",""
"University of Essex","MPhil Occupational Therapy","","https://www.essex.ac.uk/courses/PR00954/2/MPhil-Occupational-Therapy","postgraduate_research/pr00954-2-mphil-occupational-therapy.md","postgraduate_research","{
  ""courseName"": ""MPhil Occupational Therapy"",
  ""courseUrlExternal"": ""https://www.essex.ac.uk/courses/PR00954/2/MPhil-Occupational-Therapy"",
  ""degreeName"": """",
  ""level"": """",
  ""studyMode"": """",
  ""award"": """",
  ""intakeInfo"": ""October 2026"",
  ""courseDuration"": ""2 - 3 years"",
  ""tuitionFee"": """",
  ""currency"": """",
  ""ieltsMinOverall"": """",
  ""ieltsMinSection"": """"
}","","","","postgraduate_research/pr00954-2-mphil-occupational-therapy.md","","","","","","","",""
"University of Essex","MSc (by Dissertation) Occupational Therapy","MSc","https://www.essex.ac.uk/courses/PR00954/3/MSc-by-Dissertation-Occupational-Therapy","postgraduate_research/pr00954-3-msc-by-dissertation-occupational-therapy.md","postgraduate_research","{
  ""courseName"": ""MSc (by Dissertation) Occupational Therapy"",
  ""courseUrlExternal"": ""https://www.essex.ac.uk/courses/PR00954/3/MSc-by-Dissertation-Occupational-Therapy"",
  ""degreeName"": ""MSc"",
  ""level"": """",
  ""studyMode"": """",
  ""award"": """",
  ""intakeInfo"": ""October 2026"",
  ""courseDuration"": ""1 year - 2 years"",
  ""tuitionFee"": """",
  ""currency"": """",
  ""ieltsMinOverall"": """",
  ""ieltsMinSection"": """"
}","","","","postgraduate_research/pr00954-3-msc-by-dissertation-occupational-therapy.md","","","","","","","",""
"University of Essex","Professional Doctorate Occupational Therapy","","https://www.essex.ac.uk/courses/PR00954/4/Professional-Doctorate-Occupational-Therapy","postgraduate_research/pr00954-4-professional-doctorate-occupational-therapy.md","postgraduate_research","{
  ""courseName"": ""Professional Doctorate Occupational Therapy"",
  ""courseUrlExternal"": ""https://www.essex.ac.uk/courses/PR00954/4/Professional-Doctorate-Occupational-Therapy"",
  ""degreeName"": """",
  ""level"": """",
  ""studyMode"": """",
  ""award"": """",
  ""intakeInfo"": ""October 2026"",
  ""courseDuration"": ""5 - 6 years"",
  ""tuitionFee"": """",
  ""currency"": """",
  ""ieltsMinOverall"": """",
  ""ieltsMinSection"": """"
}","","","","postgraduate_research/pr00954-4-professional-doctorate-occupational-therapy.md","","","","","","","",""
"University of Essex","PhD Operational Research","PhD","https://www.essex.ac.uk/courses/PR00955/1/PhD-Operational-Research","postgraduate_research/pr00955-1-phd-operational-research.md","postgraduate_research","{
  ""courseName"": ""PhD Operational Research"",
  ""courseUrlExternal"": ""https://www.essex.ac.uk/courses/PR00955/1/PhD-Operational-Research"",
  ""degreeName"": ""PhD"",
  ""level"": """",
  ""studyMode"": """",
  ""award"": """",
  ""intakeInfo"": ""October 2026"",
  ""courseDuration"": ""3 - 4 years"",
  ""tuitionFee"": """",
  ""currency"": """",
  ""ieltsMinOverall"": """",
  ""ieltsMinSection"": """"
}","","","","postgraduate_research/pr00955-1-phd-operational-research.md","","","","","","","",""
"University of Essex","MPhil Operational Research","","https://www.essex.ac.uk/courses/PR00955/2/MPhil-Operational-Research","postgraduate_research/pr00955-2-mphil-operational-research.md","postgraduate_research","{
  ""courseName"": ""MPhil Operational Research"",
  ""courseUrlExternal"": ""https://www.essex.ac.uk/courses/PR00955/2/MPhil-Operational-Research"",
  ""degreeName"": """",
  ""level"": """",
  ""studyMode"": """",
  ""award"": """",
  ""intakeInfo"": ""October 2026"",
  ""courseDuration"": ""2 - 3 years"",
  ""tuitionFee"": """",
  ""currency"": """",
  ""ieltsMinOverall"": """",
  ""ieltsMinSection"": """"
}","","","","postgraduate_research/pr00955-2-mphil-operational-research.md","","","","","","","",""
"University of Essex","MSc (by Dissertation) Operational Research","MSc","https://www.essex.ac.uk/courses/PR00955/3/MSc-by-Dissertation-Operational-Research","postgraduate_research/pr00955-3-msc-by-dissertation-operational-research.md","postgraduate_research","{
  ""courseName"": ""MSc (by Dissertation) Operational Research"",
  ""courseUrlExternal"": ""https://www.essex.ac.uk/courses/PR00955/3/MSc-by-Dissertation-Operational-Research"",
  ""degreeName"": ""MSc"",
  ""level"": """",
  ""studyMode"": """",
  ""award"": """",
  ""intakeInfo"": ""October 2026"",
  ""courseDuration"": ""1 year - 2 years"",
  ""tuitionFee"": """",
  ""currency"": """",
  ""ieltsMinOverall"": """",
  ""ieltsMinSection"": """"
}","","","","postgraduate_research/pr00955-3-msc-by-dissertation-operational-research.md","","","","","","","",""
"University of Essex","MPhil Philosophy","","https://www.essex.ac.uk/courses/PR00957/2/MPhil-Philosophy","postgraduate_research/pr00957-2-mphil-philosophy.md","postgraduate_research","{
  ""courseName"": ""MPhil Philosophy"",
  ""courseUrlExternal"": ""https://www.essex.ac.uk/courses/PR00957/2/MPhil-Philosophy"",
  ""degreeName"": """",
  ""level"": """",
  ""studyMode"": """",
  ""award"": """",
  ""intakeInfo"": ""October 2026"",
  ""courseDuration"": ""2 - 3 years"",
  ""tuitionFee"": """",
  ""currency"": """",
  ""ieltsMinOverall"": """",
  ""ieltsMinSection"": """"
}","","","","postgraduate_research/pr00957-2-mphil-philosophy.md","","","","","","","",""
"University of Essex","MA (by Dissertation) Philosophy","MA","https://www.essex.ac.uk/courses/PR00957/4/MA-by-Dissertation-Philosophy","postgraduate_research/pr00957-4-ma-by-dissertation-philosophy.md","postgraduate_research","{
  ""courseName"": ""MA (by Dissertation) Philosophy"",
  ""courseUrlExternal"": ""https://www.essex.ac.uk/courses/PR00957/4/MA-by-Dissertation-Philosophy"",
  ""degreeName"": ""MA"",
  ""level"": """",
  ""studyMode"": """",
  ""award"": """",
  ""intakeInfo"": ""October 2026"",
  ""courseDuration"": ""1 year - 2 years"",
  ""tuitionFee"": """",
  ""currency"": """",
  ""ieltsMinOverall"": """",
  ""ieltsMinSection"": """"
}","","","","postgraduate_research/pr00957-4-ma-by-dissertation-philosophy.md","","","","","","","",""
"University of Essex","PhD Philosophy","PhD","https://www.essex.ac.uk/courses/PR00957/5/PhD-Philosophy","postgraduate_research/pr00957-5-phd-philosophy.md","postgraduate_research","{
  ""courseName"": ""PhD Philosophy"",
  ""courseUrlExternal"": ""https://www.essex.ac.uk/courses/PR00957/5/PhD-Philosophy"",
  ""degreeName"": ""PhD"",
  ""level"": """",
  ""studyMode"": """",
  ""award"": """",
  ""intakeInfo"": ""October 2026"",
  ""courseDuration"": ""4 - 5 years"",
  ""tuitionFee"": """",
  ""currency"": """",
  ""ieltsMinOverall"": """",
  ""ieltsMinSection"": """"
}","","","","postgraduate_research/pr00957-5-phd-philosophy.md","","","","","","","",""
"University of Essex","PhD Physiotherapy","PhD","https://www.essex.ac.uk/courses/PR00961/1/PhD-Physiotherapy","postgraduate_research/pr00961-1-phd-physiotherapy.md","postgraduate_research","{
  ""courseName"": ""PhD Physiotherapy"",
  ""courseUrlExternal"": ""https://www.essex.ac.uk/courses/PR00961/1/PhD-Physiotherapy"",
  ""degreeName"": ""PhD"",
  ""level"": """",
  ""studyMode"": """",
  ""award"": """",
  ""intakeInfo"": ""October 2026"",
  ""courseDuration"": ""3 - 4 years"",
  ""tuitionFee"": """",
  ""currency"": """",
  ""ieltsMinOverall"": """",
  ""ieltsMinSection"": """"
}","","","","postgraduate_research/pr00961-1-phd-physiotherapy.md","","","","","","","",""
"University of Essex","MPhil Physiotherapy","","https://www.essex.ac.uk/courses/PR00961/2/MPhil-Physiotherapy","postgraduate_research/pr00961-2-mphil-physiotherapy.md","postgraduate_research","{
  ""courseName"": ""MPhil Physiotherapy"",
  ""courseUrlExternal"": ""https://www.essex.ac.uk/courses/PR00961/2/MPhil-Physiotherapy"",
  ""degreeName"": """",
  ""level"": """",
  ""studyMode"": """",
  ""award"": """",
  ""intakeInfo"": ""October 2026"",
  ""courseDuration"": ""2 - 3 years"",
  ""tuitionFee"": """",
  ""currency"": """",
  ""ieltsMinOverall"": """",
  ""ieltsMinSection"": """"
}","","","","postgraduate_research/pr00961-2-mphil-physiotherapy.md","","","","","","","",""
"University of Essex","D.Physiotherapy Physiotherapy","","https://www.essex.ac.uk/courses/PR00961/6/D-Physiotherapy-Physiotherapy","postgraduate_research/pr00961-6-d-physiotherapy-physiotherapy.md","postgraduate_research","{
  ""courseName"": ""D.Physiotherapy Physiotherapy"",
  ""courseUrlExternal"": ""https://www.essex.ac.uk/courses/PR00961/6/D-Physiotherapy-Physiotherapy"",
  ""degreeName"": """",
  ""level"": """",
  ""studyMode"": """",
  ""award"": """",
  ""intakeInfo"": ""October 2026"",
  ""courseDuration"": ""5 - 6 years"",
  ""tuitionFee"": """",
  ""currency"": """",
  ""ieltsMinOverall"": """",
  ""ieltsMinSection"": """"
}","","","","postgraduate_research/pr00961-6-d-physiotherapy-physiotherapy.md","","","","","","","",""
"University of Essex","Professional Doctorate Psychoanalytic Psychotherapy","","https://www.essex.ac.uk/courses/PR00968/1/Professional-Doctorate-Psychoanalytic-Psychotherapy","postgraduate_research/pr00968-1-professional-doctorate-psychoanalytic-psychotherapy.md","postgraduate_research","{
  ""courseName"": ""Professional Doctorate Psychoanalytic Psychotherapy"",
  ""courseUrlExternal"": ""https://www.essex.ac.uk/courses/PR00968/1/Professional-Doctorate-Psychoanalytic-Psychotherapy"",
  ""degreeName"": """",
  ""level"": """",
  ""studyMode"": """",
  ""award"": """",
  ""intakeInfo"": ""October 2026"",
  ""courseDuration"": ""3 - 4 years"",
  ""tuitionFee"": """",
  ""currency"": """",
  ""ieltsMinOverall"": """",
  ""ieltsMinSection"": """"
}","","","","postgraduate_research/pr00968-1-professional-doctorate-psychoanalytic-psychotherapy.md","","","","","","","",""
"University of Essex","PhD Psychoanalytic Studies","PhD","https://www.essex.ac.uk/courses/PR00969/5/PhD-Psychoanalytic-Studies","postgraduate_research/pr00969-5-phd-psychoanalytic-studies.md","postgraduate_research","{
  ""courseName"": ""PhD Psychoanalytic Studies"",
  ""courseUrlExternal"": ""https://www.essex.ac.uk/courses/PR00969/5/PhD-Psychoanalytic-Studies"",
  ""degreeName"": ""PhD"",
  ""level"": """",
  ""studyMode"": """",
  ""award"": """",
  ""intakeInfo"": ""October 2026"",
  ""courseDuration"": ""4 - 5 years"",
  ""tuitionFee"": """",
  ""currency"": """",
  ""ieltsMinOverall"": """",
  ""ieltsMinSection"": """"
}","","","","postgraduate_research/pr00969-5-phd-psychoanalytic-studies.md","","","","","","","",""
"University of Essex","Professional Doctorate Psychodynamic Psychotherapy","","https://www.essex.ac.uk/courses/PR00970/1/Professional-Doctorate-Psychodynamic-Psychotherapy","postgraduate_research/pr00970-1-professional-doctorate-psychodynamic-psychotherapy.md","postgraduate_research","{
  ""courseName"": ""Professional Doctorate Psychodynamic Psychotherapy"",
  ""courseUrlExternal"": ""https://www.essex.ac.uk/courses/PR00970/1/Professional-Doctorate-Psychodynamic-Psychotherapy"",
  ""degreeName"": """",
  ""level"": """",
  ""studyMode"": """",
  ""award"": """",
  ""intakeInfo"": ""October 2026"",
  ""courseDuration"": ""3 - 4 years"",
  ""tuitionFee"": """",
  ""currency"": """",
  ""ieltsMinOverall"": """",
  ""ieltsMinSection"": """"
}","","","","postgraduate_research/pr00970-1-professional-doctorate-psychodynamic-psychotherapy.md","","","","","","","",""
"University of Essex","MSc (by Dissertation) Psychology","MSc","https://www.essex.ac.uk/courses/PR00972/3/MSc-by-Dissertation-Psychology","postgraduate_research/pr00972-3-msc-by-dissertation-psychology.md","postgraduate_research","{
  ""courseName"": ""MSc (by Dissertation) Psychology"",
  ""courseUrlExternal"": ""https://www.essex.ac.uk/courses/PR00972/3/MSc-by-Dissertation-Psychology"",
  ""degreeName"": ""MSc"",
  ""level"": """",
  ""studyMode"": """",
  ""award"": """",
  ""intakeInfo"": ""October 2026"",
  ""courseDuration"": ""1 year - 2 years"",
  ""tuitionFee"": """",
  ""currency"": """",
  ""ieltsMinOverall"": """",
  ""ieltsMinSection"": """"
}","","","","postgraduate_research/pr00972-3-msc-by-dissertation-psychology.md","","","","","","","",""
"University of Essex","PhD Psychology","PhD","https://www.essex.ac.uk/courses/PR00972/4/PhD-Psychology","postgraduate_research/pr00972-4-phd-psychology.md","postgraduate_research","{
  ""courseName"": ""PhD Psychology"",
  ""courseUrlExternal"": ""https://www.essex.ac.uk/courses/PR00972/4/PhD-Psychology"",
  ""degreeName"": ""PhD"",
  ""level"": """",
  ""studyMode"": """",
  ""award"": """",
  ""intakeInfo"": ""October 2026"",
  ""courseDuration"": ""4 - 5 years"",
  ""tuitionFee"": """",
  ""currency"": """",
  ""ieltsMinOverall"": """",
  ""ieltsMinSection"": """"
}","","","","postgraduate_research/pr00972-4-phd-psychology.md","","","","","","","",""
"University of Essex","PhD Public Health","PhD","https://www.essex.ac.uk/courses/PR00973/1/PhD-Public-Health","postgraduate_research/pr00973-1-phd-public-health.md","postgraduate_research","{
  ""courseName"": ""PhD Public Health"",
  ""courseUrlExternal"": ""https://www.essex.ac.uk/courses/PR00973/1/PhD-Public-Health"",
  ""degreeName"": ""PhD"",
  ""level"": """",
  ""studyMode"": """",
  ""award"": """",
  ""intakeInfo"": ""October 2026"",
  ""courseDuration"": ""3 - 4 years"",
  ""tuitionFee"": """",
  ""currency"": """",
  ""ieltsMinOverall"": """",
  ""ieltsMinSection"": """"
}","","","","postgraduate_research/pr00973-1-phd-public-health.md","","","","","","","",""
"University of Essex","MPhil Public Health","","https://www.essex.ac.uk/courses/PR00973/2/MPhil-Public-Health","postgraduate_research/pr00973-2-mphil-public-health.md","postgraduate_research","{
  ""courseName"": ""MPhil Public Health"",
  ""courseUrlExternal"": ""https://www.essex.ac.uk/courses/PR00973/2/MPhil-Public-Health"",
  ""degreeName"": """",
  ""level"": """",
  ""studyMode"": """",
  ""award"": """",
  ""intakeInfo"": ""October 2026"",
  ""courseDuration"": ""2 - 3 years"",
  ""tuitionFee"": """",
  ""currency"": """",
  ""ieltsMinOverall"": """",
  ""ieltsMinSection"": """"
}","","","","postgraduate_research/pr00973-2-mphil-public-health.md","","","","","","","",""
"University of Essex","MSc (by Dissertation) Public Health","MSc","https://www.essex.ac.uk/courses/PR00973/3/MSc-by-Dissertation-Public-Health","postgraduate_research/pr00973-3-msc-by-dissertation-public-health.md","postgraduate_research","{
  ""courseName"": ""MSc (by Dissertation) Public Health"",
  ""courseUrlExternal"": ""https://www.essex.ac.uk/courses/PR00973/3/MSc-by-Dissertation-Public-Health"",
  ""degreeName"": ""MSc"",
  ""level"": """",
  ""studyMode"": """",
  ""award"": """",
  ""intakeInfo"": ""October 2026"",
  ""courseDuration"": ""1 year - 2 years"",
  ""tuitionFee"": """",
  ""currency"": """",
  ""ieltsMinOverall"": """",
  ""ieltsMinSection"": """"
}","","","","postgraduate_research/pr00973-3-msc-by-dissertation-public-health.md","","","","","","","",""
"University of Essex","Professional Doctorate Public Health","","https://www.essex.ac.uk/courses/PR00974/1/Professional-Doctorate-Public-Health-Health-Visiting","postgraduate_research/pr00974-1-professional-doctorate-public-health-health-visiting.md","postgraduate_research","{
  ""courseName"": ""Professional Doctorate Public Health"",
  ""courseUrlExternal"": ""https://www.essex.ac.uk/courses/PR00974/1/Professional-Doctorate-Public-Health-Health-Visiting"",
  ""degreeName"": """",
  ""level"": """",
  ""studyMode"": """",
  ""award"": """",
  ""intakeInfo"": ""October 2026"",
  ""courseDuration"": ""5 - 6 years"",
  ""tuitionFee"": """",
  ""currency"": """",
  ""ieltsMinOverall"": """",
  ""ieltsMinSection"": """"
}","","","","postgraduate_research/pr00974-1-professional-doctorate-public-health-health-visiting.md","","","","","","","",""
"University of Essex","PhD Pure Mathematics","PhD","https://www.essex.ac.uk/courses/PR00975/1/PhD-Pure-Mathematics","postgraduate_research/pr00975-1-phd-pure-mathematics.md","postgraduate_research","{
  ""courseName"": ""PhD Pure Mathematics"",
  ""courseUrlExternal"": ""https://www.essex.ac.uk/courses/PR00975/1/PhD-Pure-Mathematics"",
  ""degreeName"": ""PhD"",
  ""level"": """",
  ""studyMode"": """",
  ""award"": """",
  ""intakeInfo"": ""October 2026"",
  ""courseDuration"": ""3 - 4 years"",
  ""tuitionFee"": """",
  ""currency"": """",
  ""ieltsMinOverall"": """",
  ""ieltsMinSection"": """"
}","","","","postgraduate_research/pr00975-1-phd-pure-mathematics.md","","","","","","","",""
"University of Essex","MPhil Pure Mathematics","","https://www.essex.ac.uk/courses/PR00975/2/MPhil-Pure-Mathematics","postgraduate_research/pr00975-2-mphil-pure-mathematics.md","postgraduate_research","{
  ""courseName"": ""MPhil Pure Mathematics"",
  ""courseUrlExternal"": ""https://www.essex.ac.uk/courses/PR00975/2/MPhil-Pure-Mathematics"",
  ""degreeName"": """",
  ""level"": """",
  ""studyMode"": """",
  ""award"": """",
  ""intakeInfo"": ""October 2026"",
  ""courseDuration"": ""2 - 3 years"",
  ""tuitionFee"": """",
  ""currency"": """",
  ""ieltsMinOverall"": """",
  ""ieltsMinSection"": """"
}","","","","postgraduate_research/pr00975-2-mphil-pure-mathematics.md","","","","","","","",""
"University of Essex","MSc (by Dissertation) Pure Mathematics","MSc","https://www.essex.ac.uk/courses/PR00975/3/MSc-by-Dissertation-Pure-Mathematics","postgraduate_research/pr00975-3-msc-by-dissertation-pure-mathematics.md","postgraduate_research","{
  ""courseName"": ""MSc (by Dissertation) Pure Mathematics"",
  ""courseUrlExternal"": ""https://www.essex.ac.uk/courses/PR00975/3/MSc-by-Dissertation-Pure-Mathematics"",
  ""degreeName"": ""MSc"",
  ""level"": """",
  ""studyMode"": """",
  ""award"": """",
  ""intakeInfo"": ""October 2026"",
  ""courseDuration"": ""1 year - 2 years"",
  ""tuitionFee"": """",
  ""currency"": """",
  ""ieltsMinOverall"": """",
  ""ieltsMinSection"": """"
}","","","","postgraduate_research/pr00975-3-msc-by-dissertation-pure-mathematics.md","","","","","","","",""
"University of Essex","PhD Refugee Care","PhD","https://www.essex.ac.uk/courses/PR00976/1/PhD-Refugee-Care","postgraduate_research/pr00976-1-phd-refugee-care.md","postgraduate_research","{
  ""courseName"": ""PhD Refugee Care"",
  ""courseUrlExternal"": ""https://www.essex.ac.uk/courses/PR00976/1/PhD-Refugee-Care"",
  ""degreeName"": ""PhD"",
  ""level"": """",
  ""studyMode"": """",
  ""award"": """",
  ""intakeInfo"": ""October 2026"",
  ""courseDuration"": ""3 - 4 years"",
  ""tuitionFee"": """",
  ""currency"": """",
  ""ieltsMinOverall"": """",
  ""ieltsMinSection"": """"
}","","","","postgraduate_research/pr00976-1-phd-refugee-care.md","","","","","","","",""
"University of Essex","MA (by Dissertation) Refugee Care","MA","https://www.essex.ac.uk/courses/PR00976/2/MA-by-Dissertation-Refugee-Care","postgraduate_research/pr00976-2-ma-by-dissertation-refugee-care.md","postgraduate_research","{
  ""courseName"": ""MA (by Dissertation) Refugee Care"",
  ""courseUrlExternal"": ""https://www.essex.ac.uk/courses/PR00976/2/MA-by-Dissertation-Refugee-Care"",
  ""degreeName"": ""MA"",
  ""level"": """",
  ""studyMode"": """",
  ""award"": """",
  ""intakeInfo"": ""October 2026"",
  ""courseDuration"": ""1 year - 2 years"",
  ""tuitionFee"": """",
  ""currency"": """",
  ""ieltsMinOverall"": """",
  ""ieltsMinSection"": """"
}","","","","postgraduate_research/pr00976-2-ma-by-dissertation-refugee-care.md","","","","","","","",""
"University of Essex","Professional Doctorate Social Care Education","","https://www.essex.ac.uk/courses/PR00977/1/Professional-Doctorate-Social-Care-Education","postgraduate_research/pr00977-1-professional-doctorate-social-care-education.md","postgraduate_research","{
  ""courseName"": ""Professional Doctorate Social Care Education"",
  ""courseUrlExternal"": ""https://www.essex.ac.uk/courses/PR00977/1/Professional-Doctorate-Social-Care-Education"",
  ""degreeName"": """",
  ""level"": """",
  ""studyMode"": """",
  ""award"": """",
  ""intakeInfo"": ""October 2026"",
  ""courseDuration"": ""5 - 6 years"",
  ""tuitionFee"": """",
  ""currency"": """",
  ""ieltsMinOverall"": """",
  ""ieltsMinSection"": """"
}","","","","postgraduate_research/pr00977-1-professional-doctorate-social-care-education.md","","","","","","","",""
"University of Essex","PhD Social Policy","PhD","https://www.essex.ac.uk/courses/PR00979/1/PhD-Social-Policy","postgraduate_research/pr00979-1-phd-social-policy.md","postgraduate_research","{
  ""courseName"": ""PhD Social Policy"",
  ""courseUrlExternal"": ""https://www.essex.ac.uk/courses/PR00979/1/PhD-Social-Policy"",
  ""degreeName"": ""PhD"",
  ""level"": """",
  ""studyMode"": """",
  ""award"": """",
  ""intakeInfo"": ""October 2026"",
  ""courseDuration"": ""3 - 4 years"",
  ""tuitionFee"": """",
  ""currency"": """",
  ""ieltsMinOverall"": """",
  ""ieltsMinSection"": """"
}","","","","postgraduate_research/pr00979-1-phd-social-policy.md","","","","","","","",""
"University of Essex","MPhil Social Policy","","https://www.essex.ac.uk/courses/PR00979/2/MPhil-Social-Policy","postgraduate_research/pr00979-2-mphil-social-policy.md","postgraduate_research","{
  ""courseName"": ""MPhil Social Policy"",
  ""courseUrlExternal"": ""https://www.essex.ac.uk/courses/PR00979/2/MPhil-Social-Policy"",
  ""degreeName"": """",
  ""level"": """",
  ""studyMode"": """",
  ""award"": """",
  ""intakeInfo"": ""October 2026"",
  ""courseDuration"": ""2 - 3 years"",
  ""tuitionFee"": """",
  ""currency"": """",
  ""ieltsMinOverall"": """",
  ""ieltsMinSection"": """"
}","","","","postgraduate_research/pr00979-2-mphil-social-policy.md","","","","","","","",""
"University of Essex","MSc (by Dissertation) Social Policy","MSc","https://www.essex.ac.uk/courses/PR00979/3/MSc-by-Dissertation-Social-Policy","postgraduate_research/pr00979-3-msc-by-dissertation-social-policy.md","postgraduate_research","{
  ""courseName"": ""MSc (by Dissertation) Social Policy"",
  ""courseUrlExternal"": ""https://www.essex.ac.uk/courses/PR00979/3/MSc-by-Dissertation-Social-Policy"",
  ""degreeName"": ""MSc"",
  ""level"": """",
  ""studyMode"": """",
  ""award"": """",
  ""intakeInfo"": ""October 2026"",
  ""courseDuration"": ""1 year - 2 years"",
  ""tuitionFee"": """",
  ""currency"": """",
  ""ieltsMinOverall"": """",
  ""ieltsMinSection"": """"
}","","","","postgraduate_research/pr00979-3-msc-by-dissertation-social-policy.md","","","","","","","",""
"University of Essex","Professional Doctorate Social Services Management","","https://www.essex.ac.uk/courses/PR00980/1/Professional-Doctorate-Social-Services-Management","postgraduate_research/pr00980-1-professional-doctorate-social-services-management.md","postgraduate_research","{
  ""courseName"": ""Professional Doctorate Social Services Management"",
  ""courseUrlExternal"": ""https://www.essex.ac.uk/courses/PR00980/1/Professional-Doctorate-Social-Services-Management"",
  ""degreeName"": """",
  ""level"": """",
  ""studyMode"": """",
  ""award"": """",
  ""intakeInfo"": ""October 2026"",
  ""courseDuration"": ""5 - 6 years"",
  ""tuitionFee"": """",
  ""currency"": """",
  ""ieltsMinOverall"": """",
  ""ieltsMinSection"": """"
}","","","","postgraduate_research/pr00980-1-professional-doctorate-social-services-management.md","","","","","","","",""
"University of Essex","PhD Sociolinguistics","PhD","https://www.essex.ac.uk/courses/PR00981/3/PhD-Sociolinguistics","postgraduate_research/pr00981-3-phd-sociolinguistics.md","postgraduate_research","{
  ""courseName"": ""PhD Sociolinguistics"",
  ""courseUrlExternal"": ""https://www.essex.ac.uk/courses/PR00981/3/PhD-Sociolinguistics"",
  ""degreeName"": ""PhD"",
  ""level"": """",
  ""studyMode"": """",
  ""award"": """",
  ""intakeInfo"": ""October 2026"",
  ""courseDuration"": ""4 - 5 years"",
  ""tuitionFee"": """",
  ""currency"": """",
  ""ieltsMinOverall"": """",
  ""ieltsMinSection"": """"
}","","","","postgraduate_research/pr00981-3-phd-sociolinguistics.md","","","","","","","",""
"University of Essex","PhD Sociology","PhD","https://www.essex.ac.uk/courses/PR00984/3/PhD-Sociology","postgraduate_research/pr00984-3-phd-sociology.md","postgraduate_research","{
  ""courseName"": ""PhD Sociology"",
  ""courseUrlExternal"": ""https://www.essex.ac.uk/courses/PR00984/3/PhD-Sociology"",
  ""degreeName"": ""PhD"",
  ""level"": """",
  ""studyMode"": """",
  ""award"": """",
  ""intakeInfo"": ""October 2026"",
  ""courseDuration"": ""4 - 5 years"",
  ""tuitionFee"": """",
  ""currency"": """",
  ""ieltsMinOverall"": """",
  ""ieltsMinSection"": """"
}","","","","postgraduate_research/pr00984-3-phd-sociology.md","","","","","","","",""
"University of Essex","PhD Speech and Language Therapy","PhD","https://www.essex.ac.uk/courses/PR00987/1/PhD-Speech-and-Language-Therapy","postgraduate_research/pr00987-1-phd-speech-and-language-therapy.md","postgraduate_research","{
  ""courseName"": ""PhD Speech and Language Therapy"",
  ""courseUrlExternal"": ""https://www.essex.ac.uk/courses/PR00987/1/PhD-Speech-and-Language-Therapy"",
  ""degreeName"": ""PhD"",
  ""level"": """",
  ""studyMode"": """",
  ""award"": """",
  ""intakeInfo"": ""October 2026"",
  ""courseDuration"": ""3 - 4 years"",
  ""tuitionFee"": """",
  ""currency"": """",
  ""ieltsMinOverall"": """",
  ""ieltsMinSection"": """"
}","","","","postgraduate_research/pr00987-1-phd-speech-and-language-therapy.md","","","","","","","",""
"University of Essex","MPhil Speech and Language Therapy","","https://www.essex.ac.uk/courses/PR00987/2/MPhil-Speech-and-Language-Therapy","postgraduate_research/pr00987-2-mphil-speech-and-language-therapy.md","postgraduate_research","{
  ""courseName"": ""MPhil Speech and Language Therapy"",
  ""courseUrlExternal"": ""https://www.essex.ac.uk/courses/PR00987/2/MPhil-Speech-and-Language-Therapy"",
  ""degreeName"": """",
  ""level"": """",
  ""studyMode"": """",
  ""award"": """",
  ""intakeInfo"": ""October 2026"",
  ""courseDuration"": ""2 - 3 years"",
  ""tuitionFee"": """",
  ""currency"": """",
  ""ieltsMinOverall"": """",
  ""ieltsMinSection"": """"
}","","","","postgraduate_research/pr00987-2-mphil-speech-and-language-therapy.md","","","","","","","",""
"University of Essex","Professional Doctorate Speech and Language Therapy","","https://www.essex.ac.uk/courses/PR00987/3/Professional-Doctorate-Speech-and-Language-Therapy","postgraduate_research/pr00987-3-professional-doctorate-speech-and-language-therapy.md","postgraduate_research","{
  ""courseName"": ""Professional Doctorate Speech and Language Therapy"",
  ""courseUrlExternal"": ""https://www.essex.ac.uk/courses/PR00987/3/Professional-Doctorate-Speech-and-Language-Therapy"",
  ""degreeName"": """",
  ""level"": """",
  ""studyMode"": """",
  ""award"": """",
  ""intakeInfo"": ""October 2026"",
  ""courseDuration"": ""5 - 6 years"",
  ""tuitionFee"": """",
  ""currency"": """",
  ""ieltsMinOverall"": """",
  ""ieltsMinSection"": """"
}","","","","postgraduate_research/pr00987-3-professional-doctorate-speech-and-language-therapy.md","","","","","","","",""
"University of Essex","PhD Sport and Exercise Psychology","PhD","https://www.essex.ac.uk/courses/PR00989/1/PhD-Sport-and-Exercise-Psychology","postgraduate_research/pr00989-1-phd-sport-and-exercise-psychology.md","postgraduate_research","{
  ""courseName"": ""PhD Sport and Exercise Psychology"",
  ""courseUrlExternal"": ""https://www.essex.ac.uk/courses/PR00989/1/PhD-Sport-and-Exercise-Psychology"",
  ""degreeName"": ""PhD"",
  ""level"": """",
  ""studyMode"": """",
  ""award"": """",
  ""intakeInfo"": ""October 2026"",
  ""courseDuration"": ""3 - 4 years"",
  ""tuitionFee"": """",
  ""currency"": """",
  ""ieltsMinOverall"": """",
  ""ieltsMinSection"": """"
}","","","","postgraduate_research/pr00989-1-phd-sport-and-exercise-psychology.md","","","","","","","",""
"University of Essex","MPhil Sport and Exercise Psychology","","https://www.essex.ac.uk/courses/PR00989/2/MPhil-Sport-and-Exercise-Psychology","postgraduate_research/pr00989-2-mphil-sport-and-exercise-psychology.md","postgraduate_research","{
  ""courseName"": ""MPhil Sport and Exercise Psychology"",
  ""courseUrlExternal"": ""https://www.essex.ac.uk/courses/PR00989/2/MPhil-Sport-and-Exercise-Psychology"",
  ""degreeName"": """",
  ""level"": """",
  ""studyMode"": """",
  ""award"": """",
  ""intakeInfo"": ""October 2026"",
  ""courseDuration"": ""2 - 3 years"",
  ""tuitionFee"": """",
  ""currency"": """",
  ""ieltsMinOverall"": """",
  ""ieltsMinSection"": """"
}","","","","postgraduate_research/pr00989-2-mphil-sport-and-exercise-psychology.md","","","","","","","",""
"University of Essex","MSc (by Dissertation) Sport and Exercise Psychology","MSc","https://www.essex.ac.uk/courses/PR00989/3/MSc-by-Dissertation-Sport-and-Exercise-Psychology","postgraduate_research/pr00989-3-msc-by-dissertation-sport-and-exercise-psychology.md","postgraduate_research","{
  ""courseName"": ""MSc (by Dissertation) Sport and Exercise Psychology"",
  ""courseUrlExternal"": ""https://www.essex.ac.uk/courses/PR00989/3/MSc-by-Dissertation-Sport-and-Exercise-Psychology"",
  ""degreeName"": ""MSc"",
  ""level"": """",
  ""studyMode"": """",
  ""award"": """",
  ""intakeInfo"": ""October 2026"",
  ""courseDuration"": ""1 year - 2 years"",
  ""tuitionFee"": """",
  ""currency"": """",
  ""ieltsMinOverall"": """",
  ""ieltsMinSection"": """"
}","","","","postgraduate_research/pr00989-3-msc-by-dissertation-sport-and-exercise-psychology.md","","","","","","","",""
"University of Essex","PhD Sport and Exercise Science","PhD","https://www.essex.ac.uk/courses/PR00990/1/PhD-Sport-and-Exercise-Science","postgraduate_research/pr00990-1-phd-sport-and-exercise-science.md","postgraduate_research","{
  ""courseName"": ""PhD Sport and Exercise Science"",
  ""courseUrlExternal"": ""https://www.essex.ac.uk/courses/PR00990/1/PhD-Sport-and-Exercise-Science"",
  ""degreeName"": ""PhD"",
  ""level"": """",
  ""studyMode"": """",
  ""award"": """",
  ""intakeInfo"": ""October 2026"",
  ""courseDuration"": ""3 - 4 years"",
  ""tuitionFee"": """",
  ""currency"": """",
  ""ieltsMinOverall"": """",
  ""ieltsMinSection"": """"
}","","","","postgraduate_research/pr00990-1-phd-sport-and-exercise-science.md","","","","","","","",""
"University of Essex","MPhil Sport and Exercise Science","","https://www.essex.ac.uk/courses/PR00990/2/MPhil-Sport-and-Exercise-Science","postgraduate_research/pr00990-2-mphil-sport-and-exercise-science.md","postgraduate_research","{
  ""courseName"": ""MPhil Sport and Exercise Science"",
  ""courseUrlExternal"": ""https://www.essex.ac.uk/courses/PR00990/2/MPhil-Sport-and-Exercise-Science"",
  ""degreeName"": """",
  ""level"": """",
  ""studyMode"": """",
  ""award"": """",
  ""intakeInfo"": ""October 2026"",
  ""courseDuration"": ""2 - 3 years"",
  ""tuitionFee"": """",
  ""currency"": """",
  ""ieltsMinOverall"": """",
  ""ieltsMinSection"": """"
}","","","","postgraduate_research/pr00990-2-mphil-sport-and-exercise-science.md","","","","","","","",""
"University of Essex","MSc (by Dissertation) Sport and Exercise Science","MSc","https://www.essex.ac.uk/courses/PR00990/3/MSc-by-Dissertation-Sport-and-Exercise-Science","postgraduate_research/pr00990-3-msc-by-dissertation-sport-and-exercise-science.md","postgraduate_research","{
  ""courseName"": ""MSc (by Dissertation) Sport and Exercise Science"",
  ""courseUrlExternal"": ""https://www.essex.ac.uk/courses/PR00990/3/MSc-by-Dissertation-Sport-and-Exercise-Science"",
  ""degreeName"": ""MSc"",
  ""level"": """",
  ""studyMode"": """",
  ""award"": """",
  ""intakeInfo"": ""October 2026"",
  ""courseDuration"": ""1 year - 2 years"",
  ""tuitionFee"": """",
  ""currency"": """",
  ""ieltsMinOverall"": """",
  ""ieltsMinSection"": """"
}","","","","postgraduate_research/pr00990-3-msc-by-dissertation-sport-and-exercise-science.md","","","","","","","",""
"University of Essex","DSES Sport and Exercise Science","","https://www.essex.ac.uk/courses/PR00990/6/DSES-Sport-and-Exercise-Science","postgraduate_research/pr00990-6-dses-sport-and-exercise-science.md","postgraduate_research","{
  ""courseName"": ""DSES Sport and Exercise Science"",
  ""courseUrlExternal"": ""https://www.essex.ac.uk/courses/PR00990/6/DSES-Sport-and-Exercise-Science"",
  ""degreeName"": """",
  ""level"": """",
  ""studyMode"": """",
  ""award"": """",
  ""intakeInfo"": ""October 2026"",
  ""courseDuration"": ""5 - 6 years"",
  ""tuitionFee"": """",
  ""currency"": """",
  ""ieltsMinOverall"": """",
  ""ieltsMinSection"": """"
}","","","","postgraduate_research/pr00990-6-dses-sport-and-exercise-science.md","","","","","","","",""
"University of Essex","PhD Statistics","PhD","https://www.essex.ac.uk/courses/PR00992/1/PhD-Statistics","postgraduate_research/pr00992-1-phd-statistics.md","postgraduate_research","{
  ""courseName"": ""PhD Statistics"",
  ""courseUrlExternal"": ""https://www.essex.ac.uk/courses/PR00992/1/PhD-Statistics"",
  ""degreeName"": ""PhD"",
  ""level"": """",
  ""studyMode"": """",
  ""award"": """",
  ""intakeInfo"": ""October 2026"",
  ""courseDuration"": ""3 - 4 years"",
  ""tuitionFee"": """",
  ""currency"": """",
  ""ieltsMinOverall"": """",
  ""ieltsMinSection"": """"
}","","","","postgraduate_research/pr00992-1-phd-statistics.md","","","","","","","",""
"University of Essex","MPhil Statistics","","https://www.essex.ac.uk/courses/PR00992/2/MPhil-Statistics","postgraduate_research/pr00992-2-mphil-statistics.md","postgraduate_research","{
  ""courseName"": ""MPhil Statistics"",
  ""courseUrlExternal"": ""https://www.essex.ac.uk/courses/PR00992/2/MPhil-Statistics"",
  ""degreeName"": """",
  ""level"": """",
  ""studyMode"": """",
  ""award"": """",
  ""intakeInfo"": ""October 2026"",
  ""courseDuration"": ""2 - 3 years"",
  ""tuitionFee"": """",
  ""currency"": """",
  ""ieltsMinOverall"": """",
  ""ieltsMinSection"": """"
}","","","","postgraduate_research/pr00992-2-mphil-statistics.md","","","","","","","",""
"University of Essex","MSc (by Dissertation) Statistics","MSc","https://www.essex.ac.uk/courses/PR00992/3/MSc-by-Dissertation-Statistics","postgraduate_research/pr00992-3-msc-by-dissertation-statistics.md","postgraduate_research","{
  ""courseName"": ""MSc (by Dissertation) Statistics"",
  ""courseUrlExternal"": ""https://www.essex.ac.uk/courses/PR00992/3/MSc-by-Dissertation-Statistics"",
  ""degreeName"": ""MSc"",
  ""level"": """",
  ""studyMode"": """",
  ""award"": """",
  ""intakeInfo"": ""October 2026"",
  ""courseDuration"": ""1 year - 2 years"",
  ""tuitionFee"": """",
  ""currency"": """",
  ""ieltsMinOverall"": """",
  ""ieltsMinSection"": """"
}","","","","postgraduate_research/pr00992-3-msc-by-dissertation-statistics.md","","","","","","","",""
"University of Essex","PhD Survey Methodology","PhD","https://www.essex.ac.uk/courses/PR00996/1/PhD-Survey-Methodology","postgraduate_research/pr00996-1-phd-survey-methodology.md","postgraduate_research","{
  ""courseName"": ""PhD Survey Methodology"",
  ""courseUrlExternal"": ""https://www.essex.ac.uk/courses/PR00996/1/PhD-Survey-Methodology"",
  ""degreeName"": ""PhD"",
  ""level"": """",
  ""studyMode"": """",
  ""award"": """",
  ""intakeInfo"": ""October 2026"",
  ""courseDuration"": ""3 - 4 years"",
  ""tuitionFee"": """",
  ""currency"": """",
  ""ieltsMinOverall"": """",
  ""ieltsMinSection"": """"
}","","","","postgraduate_research/pr00996-1-phd-survey-methodology.md","","","","","","","",""
"University of Essex","MPhil Survey Methodology","","https://www.essex.ac.uk/courses/PR00996/2/MPhil-Survey-Methodology","postgraduate_research/pr00996-2-mphil-survey-methodology.md","postgraduate_research","{
  ""courseName"": ""MPhil Survey Methodology"",
  ""courseUrlExternal"": ""https://www.essex.ac.uk/courses/PR00996/2/MPhil-Survey-Methodology"",
  ""degreeName"": """",
  ""level"": """",
  ""studyMode"": """",
  ""award"": """",
  ""intakeInfo"": ""October 2026"",
  ""courseDuration"": ""2 - 3 years"",
  ""tuitionFee"": """",
  ""currency"": """",
  ""ieltsMinOverall"": """",
  ""ieltsMinSection"": """"
}","","","","postgraduate_research/pr00996-2-mphil-survey-methodology.md","","","","","","","",""
"University of Essex","MA (by Dissertation) Theatre Studies","MA","https://www.essex.ac.uk/courses/PR00999/4/MA-by-Dissertation-Theatre-Studies","postgraduate_research/pr00999-4-ma-by-dissertation-theatre-studies.md","postgraduate_research","{
  ""courseName"": ""MA (by Dissertation) Theatre Studies"",
  ""courseUrlExternal"": ""https://www.essex.ac.uk/courses/PR00999/4/MA-by-Dissertation-Theatre-Studies"",
  ""degreeName"": ""MA"",
  ""level"": """",
  ""studyMode"": """",
  ""award"": """",
  ""intakeInfo"": ""October 2026"",
  ""courseDuration"": ""1 year - 2 years"",
  ""tuitionFee"": """",
  ""currency"": """",
  ""ieltsMinOverall"": """",
  ""ieltsMinSection"": """"
}","","","","postgraduate_research/pr00999-4-ma-by-dissertation-theatre-studies.md","","","","","","","",""
"University of Essex","PhD Theatre Studies","PhD","https://www.essex.ac.uk/courses/PR01000/1/PhD-Theatre-Studies-Playwriting","postgraduate_research/pr01000-1-phd-theatre-studies-playwriting.md","postgraduate_research","{
  ""courseName"": ""PhD Theatre Studies"",
  ""courseUrlExternal"": ""https://www.essex.ac.uk/courses/PR01000/1/PhD-Theatre-Studies-Playwriting"",
  ""degreeName"": ""PhD"",
  ""level"": """",
  ""studyMode"": """",
  ""award"": """",
  ""intakeInfo"": ""October 2026"",
  ""courseDuration"": ""3 - 4 years"",
  ""tuitionFee"": """",
  ""currency"": """",
  ""ieltsMinOverall"": """",
  ""ieltsMinSection"": """"
}","","","","postgraduate_research/pr01000-1-phd-theatre-studies-playwriting.md","","","","","","","",""
"University of Essex","MPhil Theatre Studies","","https://www.essex.ac.uk/courses/PR01000/2/MPhil-Theatre-Studies-Playwriting","postgraduate_research/pr01000-2-mphil-theatre-studies-playwriting.md","postgraduate_research","{
  ""courseName"": ""MPhil Theatre Studies"",
  ""courseUrlExternal"": ""https://www.essex.ac.uk/courses/PR01000/2/MPhil-Theatre-Studies-Playwriting"",
  ""degreeName"": """",
  ""level"": """",
  ""studyMode"": """",
  ""award"": """",
  ""intakeInfo"": ""October 2026"",
  ""courseDuration"": ""2 - 3 years"",
  ""tuitionFee"": """",
  ""currency"": """",
  ""ieltsMinOverall"": """",
  ""ieltsMinSection"": """"
}","","","","postgraduate_research/pr01000-2-mphil-theatre-studies-playwriting.md","","","","","","","",""
"University of Essex","PhD Actuarial Science","PhD","https://www.essex.ac.uk/courses/PR01041/4/PhD-Actuarial-Science","postgraduate_research/pr01041-4-phd-actuarial-science.md","postgraduate_research","{
  ""courseName"": ""PhD Actuarial Science"",
  ""courseUrlExternal"": ""https://www.essex.ac.uk/courses/PR01041/4/PhD-Actuarial-Science"",
  ""degreeName"": ""PhD"",
  ""level"": """",
  ""studyMode"": """",
  ""award"": """",
  ""intakeInfo"": ""October 2026"",
  ""courseDuration"": ""4 - 5 years"",
  ""tuitionFee"": """",
  ""currency"": """",
  ""ieltsMinOverall"": """",
  ""ieltsMinSection"": """"
}","","","","postgraduate_research/pr01041-4-phd-actuarial-science.md","","","","","","","",""
"University of Essex","PhD Business Analytics","PhD","https://www.essex.ac.uk/courses/PR01043/1/PhD-Business-Analytics","postgraduate_research/pr01043-1-phd-business-analytics.md","postgraduate_research","{
  ""courseName"": ""PhD Business Analytics"",
  ""courseUrlExternal"": ""https://www.essex.ac.uk/courses/PR01043/1/PhD-Business-Analytics"",
  ""degreeName"": ""PhD"",
  ""level"": """",
  ""studyMode"": """",
  ""award"": """",
  ""intakeInfo"": ""October 2026"",
  ""courseDuration"": ""3 - 4 years"",
  ""tuitionFee"": """",
  ""currency"": """",
  ""ieltsMinOverall"": """",
  ""ieltsMinSection"": """"
}","","","","postgraduate_research/pr01043-1-phd-business-analytics.md","","","","","","","",""
"University of Essex","PhD Curating","PhD","https://www.essex.ac.uk/courses/PR01065/1/PhD-Curating","postgraduate_research/pr01065-1-phd-curating.md","postgraduate_research","{
  ""courseName"": ""PhD Curating"",
  ""courseUrlExternal"": ""https://www.essex.ac.uk/courses/PR01065/1/PhD-Curating"",
  ""degreeName"": ""PhD"",
  ""level"": """",
  ""studyMode"": """",
  ""award"": """",
  ""intakeInfo"": ""October 2026"",
  ""courseDuration"": ""3 - 4 years"",
  ""tuitionFee"": """",
  ""currency"": """",
  ""ieltsMinOverall"": """",
  ""ieltsMinSection"": """"
}","","","","postgraduate_research/pr01065-1-phd-curating.md","","","","","","","",""
"University of Essex","PhD Plant Biology","PhD","https://www.essex.ac.uk/courses/PR01068/1/PhD-Plant-Biology","postgraduate_research/pr01068-1-phd-plant-biology.md","postgraduate_research","{
  ""courseName"": ""PhD Plant Biology"",
  ""courseUrlExternal"": ""https://www.essex.ac.uk/courses/PR01068/1/PhD-Plant-Biology"",
  ""degreeName"": ""PhD"",
  ""level"": """",
  ""studyMode"": """",
  ""award"": """",
  ""intakeInfo"": ""October 2026"",
  ""courseDuration"": ""3 - 4 years"",
  ""tuitionFee"": """",
  ""currency"": """",
  ""ieltsMinOverall"": """",
  ""ieltsMinSection"": """"
}","","","","postgraduate_research/pr01068-1-phd-plant-biology.md","","","","","","","",""
"University of Essex","MSc (by Dissertation) Plant Biology","MSc","https://www.essex.ac.uk/courses/PR01068/3/MSc-by-Dissertation-Plant-Biology","postgraduate_research/pr01068-3-msc-by-dissertation-plant-biology.md","postgraduate_research","{
  ""courseName"": ""MSc (by Dissertation) Plant Biology"",
  ""courseUrlExternal"": ""https://www.essex.ac.uk/courses/PR01068/3/MSc-by-Dissertation-Plant-Biology"",
  ""degreeName"": ""MSc"",
  ""level"": """",
  ""studyMode"": """",
  ""award"": """",
  ""intakeInfo"": ""October 2026"",
  ""courseDuration"": ""1 year - 2 years"",
  ""tuitionFee"": """",
  ""currency"": """",
  ""ieltsMinOverall"": """",
  ""ieltsMinSection"": """"
}","","","","postgraduate_research/pr01068-3-msc-by-dissertation-plant-biology.md","","","","","","","",""
"University of Essex","PhD Journalism","PhD","https://www.essex.ac.uk/courses/PR01129/1/PhD-Journalism","postgraduate_research/pr01129-1-phd-journalism.md","postgraduate_research","{
  ""courseName"": ""PhD Journalism"",
  ""courseUrlExternal"": ""https://www.essex.ac.uk/courses/PR01129/1/PhD-Journalism"",
  ""degreeName"": ""PhD"",
  ""level"": """",
  ""studyMode"": """",
  ""award"": """",
  ""intakeInfo"": ""October 2026"",
  ""courseDuration"": ""3 - 4 years"",
  ""tuitionFee"": """",
  ""currency"": """",
  ""ieltsMinOverall"": """",
  ""ieltsMinSection"": """"
}","","","","postgraduate_research/pr01129-1-phd-journalism.md","","","","","","","",""
"University of Essex","MPhil Journalism","","https://www.essex.ac.uk/courses/PR01129/2/MPhil-Journalism","postgraduate_research/pr01129-2-mphil-journalism.md","postgraduate_research","{
  ""courseName"": ""MPhil Journalism"",
  ""courseUrlExternal"": ""https://www.essex.ac.uk/courses/PR01129/2/MPhil-Journalism"",
  ""degreeName"": """",
  ""level"": """",
  ""studyMode"": """",
  ""award"": """",
  ""intakeInfo"": ""October 2026"",
  ""courseDuration"": ""2 - 3 years"",
  ""tuitionFee"": """",
  ""currency"": """",
  ""ieltsMinOverall"": """",
  ""ieltsMinSection"": """"
}","","","","postgraduate_research/pr01129-2-mphil-journalism.md","","","","","","","",""
"University of Essex","MSc (by Dissertation) Journalism","MSc","https://www.essex.ac.uk/courses/PR01129/3/MSc-by-Dissertation-Journalism","postgraduate_research/pr01129-3-msc-by-dissertation-journalism.md","postgraduate_research","{
  ""courseName"": ""MSc (by Dissertation) Journalism"",
  ""courseUrlExternal"": ""https://www.essex.ac.uk/courses/PR01129/3/MSc-by-Dissertation-Journalism"",
  ""degreeName"": ""MSc"",
  ""level"": """",
  ""studyMode"": """",
  ""award"": """",
  ""intakeInfo"": ""October 2026"",
  ""courseDuration"": ""1 year - 2 years"",
  ""tuitionFee"": """",
  ""currency"": """",
  ""ieltsMinOverall"": """",
  ""ieltsMinSection"": """"
}","","","","postgraduate_research/pr01129-3-msc-by-dissertation-journalism.md","","","","","","","",""
"University of Essex","PhD Social Work","PhD","https://www.essex.ac.uk/courses/PR01130/1/PhD-Social-Work","postgraduate_research/pr01130-1-phd-social-work.md","postgraduate_research","{
  ""courseName"": ""PhD Social Work"",
  ""courseUrlExternal"": ""https://www.essex.ac.uk/courses/PR01130/1/PhD-Social-Work"",
  ""degreeName"": ""PhD"",
  ""level"": """",
  ""studyMode"": """",
  ""award"": """",
  ""intakeInfo"": ""October 2026"",
  ""courseDuration"": ""3 - 4 years"",
  ""tuitionFee"": """",
  ""currency"": """",
  ""ieltsMinOverall"": """",
  ""ieltsMinSection"": """"
}","","","","postgraduate_research/pr01130-1-phd-social-work.md","","","","","","","",""
"University of Essex","MPhil Social Work","","https://www.essex.ac.uk/courses/PR01130/2/MPhil-Social-Work","postgraduate_research/pr01130-2-mphil-social-work.md","postgraduate_research","{
  ""courseName"": ""MPhil Social Work"",
  ""courseUrlExternal"": ""https://www.essex.ac.uk/courses/PR01130/2/MPhil-Social-Work"",
  ""degreeName"": """",
  ""level"": """",
  ""studyMode"": """",
  ""award"": """",
  ""intakeInfo"": ""October 2026"",
  ""courseDuration"": ""2 - 3 years"",
  ""tuitionFee"": """",
  ""currency"": """",
  ""ieltsMinOverall"": """",
  ""ieltsMinSection"": """"
}","","","","postgraduate_research/pr01130-2-mphil-social-work.md","","","","","","","",""
"University of Essex","MSc (by Dissertation) Social Work","MSc","https://www.essex.ac.uk/courses/PR01130/3/MSc-by-Dissertation-Social-Work","postgraduate_research/pr01130-3-msc-by-dissertation-social-work.md","postgraduate_research","{
  ""courseName"": ""MSc (by Dissertation) Social Work"",
  ""courseUrlExternal"": ""https://www.essex.ac.uk/courses/PR01130/3/MSc-by-Dissertation-Social-Work"",
  ""degreeName"": ""MSc"",
  ""level"": """",
  ""studyMode"": """",
  ""award"": """",
  ""intakeInfo"": ""October 2026"",
  ""courseDuration"": ""1 year - 2 years"",
  ""tuitionFee"": """",
  ""currency"": """",
  ""ieltsMinOverall"": """",
  ""ieltsMinSection"": """"
}","","","","postgraduate_research/pr01130-3-msc-by-dissertation-social-work.md","","","","","","","",""
"University of Essex","PhD Health and Exercise Sciences","PhD","https://www.essex.ac.uk/courses/PR01310/1/PhD-Health-and-Exercise-Sciences","postgraduate_research/pr01310-1-phd-health-and-exercise-sciences.md","postgraduate_research","{
  ""courseName"": ""PhD Health and Exercise Sciences"",
  ""courseUrlExternal"": ""https://www.essex.ac.uk/courses/PR01310/1/PhD-Health-and-Exercise-Sciences"",
  ""degreeName"": ""PhD"",
  ""level"": """",
  ""studyMode"": """",
  ""award"": """",
  ""intakeInfo"": ""October 2026"",
  ""courseDuration"": ""3 - 4 years"",
  ""tuitionFee"": """",
  ""currency"": """",
  ""ieltsMinOverall"": """",
  ""ieltsMinSection"": """"
}","","","","postgraduate_research/pr01310-1-phd-health-and-exercise-sciences.md","","","","","","","",""
"University of Essex","MPhil Health and Exercise Sciences","","https://www.essex.ac.uk/courses/PR01310/2/MPhil-Health-and-Exercise-Sciences","postgraduate_research/pr01310-2-mphil-health-and-exercise-sciences.md","postgraduate_research","{
  ""courseName"": ""MPhil Health and Exercise Sciences"",
  ""courseUrlExternal"": ""https://www.essex.ac.uk/courses/PR01310/2/MPhil-Health-and-Exercise-Sciences"",
  ""degreeName"": """",
  ""level"": """",
  ""studyMode"": """",
  ""award"": """",
  ""intakeInfo"": ""October 2026"",
  ""courseDuration"": ""2 - 3 years"",
  ""tuitionFee"": """",
  ""currency"": """",
  ""ieltsMinOverall"": """",
  ""ieltsMinSection"": """"
}","","","","postgraduate_research/pr01310-2-mphil-health-and-exercise-sciences.md","","","","","","","",""
"University of Essex","MSc (by Dissertation) Health and Exercise Sciences","MSc","https://www.essex.ac.uk/courses/PR01310/3/MSc-by-Dissertation-Health-and-Exercise-Sciences","postgraduate_research/pr01310-3-msc-by-dissertation-health-and-exercise-sciences.md","postgraduate_research","{
  ""courseName"": ""MSc (by Dissertation) Health and Exercise Sciences"",
  ""courseUrlExternal"": ""https://www.essex.ac.uk/courses/PR01310/3/MSc-by-Dissertation-Health-and-Exercise-Sciences"",
  ""degreeName"": ""MSc"",
  ""level"": """",
  ""studyMode"": """",
  ""award"": """",
  ""intakeInfo"": ""October 2026"",
  ""courseDuration"": ""1 year - 2 years"",
  ""tuitionFee"": """",
  ""currency"": """",
  ""ieltsMinOverall"": """",
  ""ieltsMinSection"": """"
}","","","","postgraduate_research/pr01310-3-msc-by-dissertation-health-and-exercise-sciences.md","","","","","","","",""
"University of Essex","PhD Sports Therapy","PhD","https://www.essex.ac.uk/courses/PR01311/1/PhD-Sports-Therapy","postgraduate_research/pr01311-1-phd-sports-therapy.md","postgraduate_research","{
  ""courseName"": ""PhD Sports Therapy"",
  ""courseUrlExternal"": ""https://www.essex.ac.uk/courses/PR01311/1/PhD-Sports-Therapy"",
  ""degreeName"": ""PhD"",
  ""level"": """",
  ""studyMode"": """",
  ""award"": """",
  ""intakeInfo"": ""October 2026"",
  ""courseDuration"": ""3 - 4 years"",
  ""tuitionFee"": """",
  ""currency"": """",
  ""ieltsMinOverall"": """",
  ""ieltsMinSection"": """"
}","","","","postgraduate_research/pr01311-1-phd-sports-therapy.md","","","","","","","",""
"University of Essex","MPhil Sports Therapy","","https://www.essex.ac.uk/courses/PR01311/2/MPhil-Sports-Therapy","postgraduate_research/pr01311-2-mphil-sports-therapy.md","postgraduate_research","{
  ""courseName"": ""MPhil Sports Therapy"",
  ""courseUrlExternal"": ""https://www.essex.ac.uk/courses/PR01311/2/MPhil-Sports-Therapy"",
  ""degreeName"": """",
  ""level"": """",
  ""studyMode"": """",
  ""award"": """",
  ""intakeInfo"": ""October 2026"",
  ""courseDuration"": ""2 - 3 years"",
  ""tuitionFee"": """",
  ""currency"": """",
  ""ieltsMinOverall"": """",
  ""ieltsMinSection"": """"
}","","","","postgraduate_research/pr01311-2-mphil-sports-therapy.md","","","","","","","",""
"University of Essex","MSc (by Dissertation) Sports Therapy","MSc","https://www.essex.ac.uk/courses/PR01311/3/MSc-by-Dissertation-Sports-Therapy","postgraduate_research/pr01311-3-msc-by-dissertation-sports-therapy.md","postgraduate_research","{
  ""courseName"": ""MSc (by Dissertation) Sports Therapy"",
  ""courseUrlExternal"": ""https://www.essex.ac.uk/courses/PR01311/3/MSc-by-Dissertation-Sports-Therapy"",
  ""degreeName"": ""MSc"",
  ""level"": """",
  ""studyMode"": """",
  ""award"": """",
  ""intakeInfo"": ""October 2026"",
  ""courseDuration"": ""1 year - 2 years"",
  ""tuitionFee"": """",
  ""currency"": """",
  ""ieltsMinOverall"": """",
  ""ieltsMinSection"": """"
}","","","","postgraduate_research/pr01311-3-msc-by-dissertation-sports-therapy.md","","","","","","","",""
"University of Essex","DST Sports Therapy","","https://www.essex.ac.uk/courses/PR01311/6/DST-Sports-Therapy","postgraduate_research/pr01311-6-dst-sports-therapy.md","postgraduate_research","{
  ""courseName"": ""DST Sports Therapy"",
  ""courseUrlExternal"": ""https://www.essex.ac.uk/courses/PR01311/6/DST-Sports-Therapy"",
  ""degreeName"": """",
  ""level"": """",
  ""studyMode"": """",
  ""award"": """",
  ""intakeInfo"": ""October 2026"",
  ""courseDuration"": ""5 - 6 years"",
  ""tuitionFee"": """",
  ""currency"": """",
  ""ieltsMinOverall"": """",
  ""ieltsMinSection"": """"
}","","","","postgraduate_research/pr01311-6-dst-sports-therapy.md","","","","","","","",""
"University of Essex","PhD Health and Physical Activity","PhD","https://www.essex.ac.uk/courses/PR01312/1/PhD-Health-and-Physical-Activity","postgraduate_research/pr01312-1-phd-health-and-physical-activity.md","postgraduate_research","{
  ""courseName"": ""PhD Health and Physical Activity"",
  ""courseUrlExternal"": ""https://www.essex.ac.uk/courses/PR01312/1/PhD-Health-and-Physical-Activity"",
  ""degreeName"": ""PhD"",
  ""level"": """",
  ""studyMode"": """",
  ""award"": """",
  ""intakeInfo"": ""October 2026"",
  ""courseDuration"": ""3 - 4 years"",
  ""tuitionFee"": """",
  ""currency"": """",
  ""ieltsMinOverall"": """",
  ""ieltsMinSection"": """"
}","","","","postgraduate_research/pr01312-1-phd-health-and-physical-activity.md","","","","","","","",""
"University of Essex","MPhil Health and Physical Activity","","https://www.essex.ac.uk/courses/PR01312/2/MPhil-Health-and-Physical-Activity","postgraduate_research/pr01312-2-mphil-health-and-physical-activity.md","postgraduate_research","{
  ""courseName"": ""MPhil Health and Physical Activity"",
  ""courseUrlExternal"": ""https://www.essex.ac.uk/courses/PR01312/2/MPhil-Health-and-Physical-Activity"",
  ""degreeName"": """",
  ""level"": """",
  ""studyMode"": """",
  ""award"": """",
  ""intakeInfo"": ""October 2026"",
  ""courseDuration"": ""2 - 3 years"",
  ""tuitionFee"": """",
  ""currency"": """",
  ""ieltsMinOverall"": """",
  ""ieltsMinSection"": """"
}","","","","postgraduate_research/pr01312-2-mphil-health-and-physical-activity.md","","","","","","","",""
"University of Essex","MSc (by Dissertation) Health and Physical Activity","MSc","https://www.essex.ac.uk/courses/PR01312/3/MSc-by-Dissertation-Health-and-Physical-Activity","postgraduate_research/pr01312-3-msc-by-dissertation-health-and-physical-activity.md","postgraduate_research","{
  ""courseName"": ""MSc (by Dissertation) Health and Physical Activity"",
  ""courseUrlExternal"": ""https://www.essex.ac.uk/courses/PR01312/3/MSc-by-Dissertation-Health-and-Physical-Activity"",
  ""degreeName"": ""MSc"",
  ""level"": """",
  ""studyMode"": """",
  ""award"": """",
  ""intakeInfo"": ""October 2026"",
  ""courseDuration"": ""1 year - 2 years"",
  ""tuitionFee"": """",
  ""currency"": """",
  ""ieltsMinOverall"": """",
  ""ieltsMinSection"": """"
}","","","","postgraduate_research/pr01312-3-msc-by-dissertation-health-and-physical-activity.md","","","","","","","",""
"University of Essex","DSPC Sport Performance and Coaching","","https://www.essex.ac.uk/courses/PR01323/1/DSPC-Sport-Performance-and-Coaching","postgraduate_research/pr01323-1-dspc-sport-performance-and-coaching.md","postgraduate_research","{
  ""courseName"": ""DSPC Sport Performance and Coaching"",
  ""courseUrlExternal"": ""https://www.essex.ac.uk/courses/PR01323/1/DSPC-Sport-Performance-and-Coaching"",
  ""degreeName"": """",
  ""level"": """",
  ""studyMode"": """",
  ""award"": """",
  ""intakeInfo"": ""October 2026"",
  ""courseDuration"": ""5 - 6 years"",
  ""tuitionFee"": """",
  ""currency"": """",
  ""ieltsMinOverall"": """",
  ""ieltsMinSection"": """"
}","","","","postgraduate_research/pr01323-1-dspc-sport-performance-and-coaching.md","","","","","","","",""
"University of Essex","MPhil Data Science","","https://www.essex.ac.uk/courses/PR01343/2/MPhil-Data-Science","postgraduate_research/pr01343-2-mphil-data-science.md","postgraduate_research","{
  ""courseName"": ""MPhil Data Science"",
  ""courseUrlExternal"": ""https://www.essex.ac.uk/courses/PR01343/2/MPhil-Data-Science"",
  ""degreeName"": """",
  ""level"": """",
  ""studyMode"": """",
  ""award"": """",
  ""intakeInfo"": ""October 2026"",
  ""courseDuration"": ""2 - 3 years"",
  ""tuitionFee"": """",
  ""currency"": """",
  ""ieltsMinOverall"": """",
  ""ieltsMinSection"": """"
}","","","","postgraduate_research/pr01343-2-mphil-data-science.md","","","","","","","",""
"University of Essex","PhD Data Science","PhD","https://www.essex.ac.uk/courses/PR01343/4/PhD-Data-Science","postgraduate_research/pr01343-4-phd-data-science.md","postgraduate_research","{
  ""courseName"": ""PhD Data Science"",
  ""courseUrlExternal"": ""https://www.essex.ac.uk/courses/PR01343/4/PhD-Data-Science"",
  ""degreeName"": ""PhD"",
  ""level"": """",
  ""studyMode"": """",
  ""award"": """",
  ""intakeInfo"": ""October 2026"",
  ""courseDuration"": ""4 - 5 years"",
  ""tuitionFee"": """",
  ""currency"": """",
  ""ieltsMinOverall"": """",
  ""ieltsMinSection"": """"
}","","","","postgraduate_research/pr01343-4-phd-data-science.md","","","","","","","",""
"University of Essex","PhD Musculoskeletal Practice","PhD","https://www.essex.ac.uk/courses/PR01344/1/PhD-Musculoskeletal-Practice","postgraduate_research/pr01344-1-phd-musculoskeletal-practice.md","postgraduate_research","{
  ""courseName"": ""PhD Musculoskeletal Practice"",
  ""courseUrlExternal"": ""https://www.essex.ac.uk/courses/PR01344/1/PhD-Musculoskeletal-Practice"",
  ""degreeName"": ""PhD"",
  ""level"": """",
  ""studyMode"": """",
  ""award"": """",
  ""intakeInfo"": ""October 2026"",
  ""courseDuration"": ""3 - 4 years"",
  ""tuitionFee"": """",
  ""currency"": """",
  ""ieltsMinOverall"": """",
  ""ieltsMinSection"": """"
}","","","","postgraduate_research/pr01344-1-phd-musculoskeletal-practice.md","","","","","","","",""
"University of Essex","MPhil Musculoskeletal Practice","","https://www.essex.ac.uk/courses/PR01344/2/MPhil-Musculoskeletal-Practice","postgraduate_research/pr01344-2-mphil-musculoskeletal-practice.md","postgraduate_research","{
  ""courseName"": ""MPhil Musculoskeletal Practice"",
  ""courseUrlExternal"": ""https://www.essex.ac.uk/courses/PR01344/2/MPhil-Musculoskeletal-Practice"",
  ""degreeName"": """",
  ""level"": """",
  ""studyMode"": """",
  ""award"": """",
  ""intakeInfo"": ""October 2026"",
  ""courseDuration"": ""2 - 3 years"",
  ""tuitionFee"": """",
  ""currency"": """",
  ""ieltsMinOverall"": """",
  ""ieltsMinSection"": """"
}","","","","postgraduate_research/pr01344-2-mphil-musculoskeletal-practice.md","","","","","","","",""
"University of Essex","PhD Drama and Performance","PhD","https://www.essex.ac.uk/courses/PR01346/1/PhD-Drama-and-Performance-Practice-as-Research","postgraduate_research/pr01346-1-phd-drama-and-performance-practice-as-research.md","postgraduate_research","{
  ""courseName"": ""PhD Drama and Performance"",
  ""courseUrlExternal"": ""https://www.essex.ac.uk/courses/PR01346/1/PhD-Drama-and-Performance-Practice-as-Research"",
  ""degreeName"": ""PhD"",
  ""level"": """",
  ""studyMode"": """",
  ""award"": """",
  ""intakeInfo"": ""October 2026"",
  ""courseDuration"": ""3 - 4 years"",
  ""tuitionFee"": """",
  ""currency"": """",
  ""ieltsMinOverall"": """",
  ""ieltsMinSection"": """"
}","","","","postgraduate_research/pr01346-1-phd-drama-and-performance-practice-as-research.md","","","","","","","",""
"University of Essex","PhD Translation Studies","PhD","https://www.essex.ac.uk/courses/PR01356/1/PhD-Translation-Studies-Translation-Interpreting-and-Subtitling","postgraduate_research/pr01356-1-phd-translation-studies-translation-interpreting-and-subtitling.md","postgraduate_research","{
  ""courseName"": ""PhD Translation Studies"",
  ""courseUrlExternal"": ""https://www.essex.ac.uk/courses/PR01356/1/PhD-Translation-Studies-Translation-Interpreting-and-Subtitling"",
  ""degreeName"": ""PhD"",
  ""level"": """",
  ""studyMode"": """",
  ""award"": """",
  ""intakeInfo"": ""October 2026"",
  ""courseDuration"": ""3 - 4 years"",
  ""tuitionFee"": """",
  ""currency"": """",
  ""ieltsMinOverall"": """",
  ""ieltsMinSection"": """"
}","","","","postgraduate_research/pr01356-1-phd-translation-studies-translation-interpreting-and-subtitling.md","","","","","","","",""
"University of Essex","PhD Human Resource Management and Organisation Studies","PhD","https://www.essex.ac.uk/courses/PR01372/1/PhD-Human-Resource-Management-and-Organisation-Studies","postgraduate_research/pr01372-1-phd-human-resource-management-and-organisation-studies.md","postgraduate_research","{
  ""courseName"": ""PhD Human Resource Management and Organisation Studies"",
  ""courseUrlExternal"": ""https://www.essex.ac.uk/courses/PR01372/1/PhD-Human-Resource-Management-and-Organisation-Studies"",
  ""degreeName"": ""PhD"",
  ""level"": """",
  ""studyMode"": """",
  ""award"": """",
  ""intakeInfo"": ""October 2026"",
  ""courseDuration"": ""3 - 4 years"",
  ""tuitionFee"": """",
  ""currency"": """",
  ""ieltsMinOverall"": """",
  ""ieltsMinSection"": """"
}","","","","postgraduate_research/pr01372-1-phd-human-resource-management-and-organisation-studies.md","","","","","","","",""
"University of Essex","PhD Psychosocial Studies","PhD","https://www.essex.ac.uk/courses/PR01387/1/PhD-Psychosocial-Studies","postgraduate_research/pr01387-1-phd-psychosocial-studies.md","postgraduate_research","{
  ""courseName"": ""PhD Psychosocial Studies"",
  ""courseUrlExternal"": ""https://www.essex.ac.uk/courses/PR01387/1/PhD-Psychosocial-Studies"",
  ""degreeName"": ""PhD"",
  ""level"": """",
  ""studyMode"": """",
  ""award"": """",
  ""intakeInfo"": ""October 2026"",
  ""courseDuration"": ""3 - 4 years"",
  ""tuitionFee"": """",
  ""currency"": """",
  ""ieltsMinOverall"": """",
  ""ieltsMinSection"": """"
}","","","","postgraduate_research/pr01387-1-phd-psychosocial-studies.md","","","","","","","",""
"University of Essex","PhD Childhood Studies","PhD","https://www.essex.ac.uk/courses/PR01388/1/PhD-Childhood-Studies","postgraduate_research/pr01388-1-phd-childhood-studies.md","postgraduate_research","{
  ""courseName"": ""PhD Childhood Studies"",
  ""courseUrlExternal"": ""https://www.essex.ac.uk/courses/PR01388/1/PhD-Childhood-Studies"",
  ""degreeName"": ""PhD"",
  ""level"": """",
  ""studyMode"": """",
  ""award"": """",
  ""intakeInfo"": ""October 2026"",
  ""courseDuration"": ""3 - 4 years"",
  ""tuitionFee"": """",
  ""currency"": """",
  ""ieltsMinOverall"": """",
  ""ieltsMinSection"": """"
}","","","","postgraduate_research/pr01388-1-phd-childhood-studies.md","","","","","","","",""
"University of Essex","PhD Psychology with Cognitive Neuroscience and Neuropsychology","PhD","https://www.essex.ac.uk/courses/PR01394/4/PhD-Psychology-with-Cognitive-Neuroscience-and-Neuropsychology","postgraduate_research/pr01394-4-phd-psychology-with-cognitive-neuroscience-and-neuropsychology.md","postgraduate_research","{
  ""courseName"": ""PhD Psychology with Cognitive Neuroscience and Neuropsychology"",
  ""courseUrlExternal"": ""https://www.essex.ac.uk/courses/PR01394/4/PhD-Psychology-with-Cognitive-Neuroscience-and-Neuropsychology"",
  ""degreeName"": ""PhD"",
  ""level"": """",
  ""studyMode"": """",
  ""award"": """",
  ""intakeInfo"": ""October 2026"",
  ""courseDuration"": ""4 - 5 years"",
  ""tuitionFee"": """",
  ""currency"": """",
  ""ieltsMinOverall"": """",
  ""ieltsMinSection"": """"
}","","","","postgraduate_research/pr01394-4-phd-psychology-with-cognitive-neuroscience-and-neuropsychology.md","","","","","","","",""
"University of Essex","PhD Tropical Marine Biology","PhD","https://www.essex.ac.uk/courses/PR01395/4/PhD-Tropical-Marine-Biology","postgraduate_research/pr01395-4-phd-tropical-marine-biology.md","postgraduate_research","{
  ""courseName"": ""PhD Tropical Marine Biology"",
  ""courseUrlExternal"": ""https://www.essex.ac.uk/courses/PR01395/4/PhD-Tropical-Marine-Biology"",
  ""degreeName"": ""PhD"",
  ""level"": """",
  ""studyMode"": """",
  ""award"": """",
  ""intakeInfo"": ""October 2026"",
  ""courseDuration"": ""4 - 5 years"",
  ""tuitionFee"": """",
  ""currency"": """",
  ""ieltsMinOverall"": """",
  ""ieltsMinSection"": """"
}","","","","postgraduate_research/pr01395-4-phd-tropical-marine-biology.md","","","","","","","",""
"University of Essex","Professional Doctorate Analytical Psychology","","https://www.essex.ac.uk/courses/PR01457/1/Professional-Doctorate-Analytical-Psychology","postgraduate_research/pr01457-1-professional-doctorate-analytical-psychology.md","postgraduate_research","{
  ""courseName"": ""Professional Doctorate Analytical Psychology"",
  ""courseUrlExternal"": ""https://www.essex.ac.uk/courses/PR01457/1/Professional-Doctorate-Analytical-Psychology"",
  ""degreeName"": """",
  ""level"": """",
  ""studyMode"": """",
  ""award"": """",
  ""intakeInfo"": ""October 2026"",
  ""courseDuration"": ""3 - 4 years"",
  ""tuitionFee"": """",
  ""currency"": """",
  ""ieltsMinOverall"": """",
  ""ieltsMinSection"": """"
}","","","","postgraduate_research/pr01457-1-professional-doctorate-analytical-psychology.md","","","","","","","",""
"University of Essex","Professional Doctorate Psychodynamic Counselling","","https://www.essex.ac.uk/courses/PR01458/1/Professional-Doctorate-Psychodynamic-Counselling","postgraduate_research/pr01458-1-professional-doctorate-psychodynamic-counselling.md","postgraduate_research","{
  ""courseName"": ""Professional Doctorate Psychodynamic Counselling"",
  ""courseUrlExternal"": ""https://www.essex.ac.uk/courses/PR01458/1/Professional-Doctorate-Psychodynamic-Counselling"",
  ""degreeName"": """",
  ""level"": """",
  ""studyMode"": """",
  ""award"": """",
  ""intakeInfo"": ""October 2026"",
  ""courseDuration"": ""3 - 4 years"",
  ""tuitionFee"": """",
  ""currency"": """",
  ""ieltsMinOverall"": """",
  ""ieltsMinSection"": """"
}","","","","postgraduate_research/pr01458-1-professional-doctorate-psychodynamic-counselling.md","","","","","","","",""
"University of Essex","PhD Languages and Cultures","PhD","https://www.essex.ac.uk/courses/PR01562/1/PhD-Languages-and-Cultures","postgraduate_research/pr01562-1-phd-languages-and-cultures.md","postgraduate_research","{
  ""courseName"": ""PhD Languages and Cultures"",
  ""courseUrlExternal"": ""https://www.essex.ac.uk/courses/PR01562/1/PhD-Languages-and-Cultures"",
  ""degreeName"": ""PhD"",
  ""level"": """",
  ""studyMode"": """",
  ""award"": """",
  ""intakeInfo"": ""October 2026"",
  ""courseDuration"": ""3 - 4 years"",
  ""tuitionFee"": """",
  ""currency"": """",
  ""ieltsMinOverall"": """",
  ""ieltsMinSection"": """"
}","","","","postgraduate_research/pr01562-1-phd-languages-and-cultures.md","","","","","","","",""
"University of Essex","Something has gone wrong","","https://www.essex.ac.uk/courses/PR01577/3/Language-and-Communication-Science","postgraduate_research/pr01577-3-language-and-communication-science.md","postgraduate_research","{
  ""courseName"": ""Something has gone wrong"",
  ""courseUrlExternal"": ""https://www.essex.ac.uk/courses/PR01577/3/Language-and-Communication-Science"",
  ""degreeName"": """",
  ""level"": """",
  ""studyMode"": """",
  ""award"": """",
  ""intakeInfo"": """",
  ""courseDuration"": """",
  ""tuitionFee"": """",
  ""currency"": """",
  ""ieltsMinOverall"": """",
  ""ieltsMinSection"": """"
}","","","","postgraduate_research/pr01577-3-language-and-communication-science.md","","","","","","","",""
"University of Essex","PhD Mathematics Education","PhD","https://www.essex.ac.uk/courses/PR01618/1/PhD-Mathematics-Education","postgraduate_research/pr01618-1-phd-mathematics-education.md","postgraduate_research","{
  ""courseName"": ""PhD Mathematics Education"",
  ""courseUrlExternal"": ""https://www.essex.ac.uk/courses/PR01618/1/PhD-Mathematics-Education"",
  ""degreeName"": ""PhD"",
  ""level"": """",
  ""studyMode"": """",
  ""award"": """",
  ""intakeInfo"": ""October 2026"",
  ""courseDuration"": ""3 - 4 years"",
  ""tuitionFee"": """",
  ""currency"": """",
  ""ieltsMinOverall"": """",
  ""ieltsMinSection"": """"
}","","","","postgraduate_research/pr01618-1-phd-mathematics-education.md","","","","","","","",""
"University of Essex","PhD Cancer Biology","PhD","https://www.essex.ac.uk/courses/PR01624/1/PhD-Cancer-Biology","postgraduate_research/pr01624-1-phd-cancer-biology.md","postgraduate_research","{
  ""courseName"": ""PhD Cancer Biology"",
  ""courseUrlExternal"": ""https://www.essex.ac.uk/courses/PR01624/1/PhD-Cancer-Biology"",
  ""degreeName"": ""PhD"",
  ""level"": """",
  ""studyMode"": """",
  ""award"": """",
  ""intakeInfo"": ""October 2026"",
  ""courseDuration"": ""3 - 4 years"",
  ""tuitionFee"": """",
  ""currency"": """",
  ""ieltsMinOverall"": """",
  ""ieltsMinSection"": """"
}","","","","postgraduate_research/pr01624-1-phd-cancer-biology.md","","","","","","","",""
"University of Essex","MSc (by Dissertation) Cancer Biology","MSc","https://www.essex.ac.uk/courses/PR01624/3/MSc-by-Dissertation-Cancer-Biology","postgraduate_research/pr01624-3-msc-by-dissertation-cancer-biology.md","postgraduate_research","{
  ""courseName"": ""MSc (by Dissertation) Cancer Biology"",
  ""courseUrlExternal"": ""https://www.essex.ac.uk/courses/PR01624/3/MSc-by-Dissertation-Cancer-Biology"",
  ""degreeName"": ""MSc"",
  ""level"": """",
  ""studyMode"": """",
  ""award"": """",
  ""intakeInfo"": ""October 2026"",
  ""courseDuration"": ""1 year - 2 years"",
  ""tuitionFee"": """",
  ""currency"": """",
  ""ieltsMinOverall"": """",
  ""ieltsMinSection"": """"
}","","","","postgraduate_research/pr01624-3-msc-by-dissertation-cancer-biology.md","","","","","","","",""
"University of Essex","PhD Global Public Health","PhD","https://www.essex.ac.uk/courses/PR01628/1/PhD-Global-Public-Health","postgraduate_research/pr01628-1-phd-global-public-health.md","postgraduate_research","{
  ""courseName"": ""PhD Global Public Health"",
  ""courseUrlExternal"": ""https://www.essex.ac.uk/courses/PR01628/1/PhD-Global-Public-Health"",
  ""degreeName"": ""PhD"",
  ""level"": """",
  ""studyMode"": """",
  ""award"": """",
  ""intakeInfo"": ""October 2026"",
  ""courseDuration"": ""4 - 5 years"",
  ""tuitionFee"": """",
  ""currency"": """",
  ""ieltsMinOverall"": """",
  ""ieltsMinSection"": """"
}","","","","postgraduate_research/pr01628-1-phd-global-public-health.md","","","","","","","",""
"University of Essex","PhD Artificial Intelligence","PhD","https://www.essex.ac.uk/courses/PR01632/1/PhD-Artificial-Intelligence","postgraduate_research/pr01632-1-phd-artificial-intelligence.md","postgraduate_research","{
  ""courseName"": ""PhD Artificial Intelligence"",
  ""courseUrlExternal"": ""https://www.essex.ac.uk/courses/PR01632/1/PhD-Artificial-Intelligence"",
  ""degreeName"": ""PhD"",
  ""level"": """",
  ""studyMode"": """",
  ""award"": """",
  ""intakeInfo"": ""October 2026"",
  ""courseDuration"": ""3 - 4 years"",
  ""tuitionFee"": """",
  ""currency"": """",
  ""ieltsMinOverall"": """",
  ""ieltsMinSection"": """"
}","","","","postgraduate_research/pr01632-1-phd-artificial-intelligence.md","","","","","","","",""
"University of Essex","MSc (by Dissertation) Artificial Intelligence","MSc","https://www.essex.ac.uk/courses/PR01632/2/MSc-by-Dissertation-Artificial-Intelligence","postgraduate_research/pr01632-2-msc-by-dissertation-artificial-intelligence.md","postgraduate_research","{
  ""courseName"": ""MSc (by Dissertation) Artificial Intelligence"",
  ""courseUrlExternal"": ""https://www.essex.ac.uk/courses/PR01632/2/MSc-by-Dissertation-Artificial-Intelligence"",
  ""degreeName"": ""MSc"",
  ""level"": """",
  ""studyMode"": """",
  ""award"": """",
  ""intakeInfo"": ""October 2026"",
  ""courseDuration"": ""1 year - 2 years"",
  ""tuitionFee"": """",
  ""currency"": """",
  ""ieltsMinOverall"": """",
  ""ieltsMinSection"": """"
}","","","","postgraduate_research/pr01632-2-msc-by-dissertation-artificial-intelligence.md","","","","","","","",""
"University of Essex","PhD Tourism, Hospitality and Events","PhD","https://www.essex.ac.uk/courses/PR01648/1/PhD-Tourism-Hospitality-and-Events","postgraduate_research/pr01648-1-phd-tourism-hospitality-and-events.md","postgraduate_research","{
  ""courseName"": ""PhD Tourism, Hospitality and Events"",
  ""courseUrlExternal"": ""https://www.essex.ac.uk/courses/PR01648/1/PhD-Tourism-Hospitality-and-Events"",
  ""degreeName"": ""PhD"",
  ""level"": """",
  ""studyMode"": """",
  ""award"": """",
  ""intakeInfo"": ""October 2026"",
  ""courseDuration"": ""3 - 4 years"",
  ""tuitionFee"": """",
  ""currency"": """",
  ""ieltsMinOverall"": """",
  ""ieltsMinSection"": """"
}","","","","postgraduate_research/pr01648-1-phd-tourism-hospitality-and-events.md","","","","","","","",""
"University of Essex","PhD Heritage and Museum Studies","PhD","https://www.essex.ac.uk/courses/PR01650/1/PhD-Heritage-and-Museum-Studies-Practice-as-Research","postgraduate_research/pr01650-1-phd-heritage-and-museum-studies-practice-as-research.md","postgraduate_research","{
  ""courseName"": ""PhD Heritage and Museum Studies"",
  ""courseUrlExternal"": ""https://www.essex.ac.uk/courses/PR01650/1/PhD-Heritage-and-Museum-Studies-Practice-as-Research"",
  ""degreeName"": ""PhD"",
  ""level"": """",
  ""studyMode"": """",
  ""award"": """",
  ""intakeInfo"": ""October 2026"",
  ""courseDuration"": ""3 - 4 years"",
  ""tuitionFee"": """",
  ""currency"": """",
  ""ieltsMinOverall"": """",
  ""ieltsMinSection"": """"
}","","","","postgraduate_research/pr01650-1-phd-heritage-and-museum-studies-practice-as-research.md","","","","","","","",""
"University of Essex","PhD Analytical Psychology","PhD","https://www.essex.ac.uk/courses/PR01680/1/PhD-Analytical-Psychology","postgraduate_research/pr01680-1-phd-analytical-psychology.md","postgraduate_research","{
  ""courseName"": ""PhD Analytical Psychology"",
  ""courseUrlExternal"": ""https://www.essex.ac.uk/courses/PR01680/1/PhD-Analytical-Psychology"",
  ""degreeName"": ""PhD"",
  ""level"": """",
  ""studyMode"": """",
  ""award"": """",
  ""intakeInfo"": ""October 2026"",
  ""courseDuration"": ""4 - 5 years"",
  ""tuitionFee"": """",
  ""currency"": """",
  ""ieltsMinOverall"": """",
  ""ieltsMinSection"": """"
}","","","","postgraduate_research/pr01680-1-phd-analytical-psychology.md","","","","","","","",""
"University of Essex","BSc (Hons)  Accounting","BSc","https://www.essex.ac.uk/courses/UG00001/1/BSc-Accounting","undergraduate/ug00001-1-bsc-accounting.md","undergraduate","{
  ""courseName"": ""BSc (Hons)  Accounting"",
  ""courseUrlExternal"": ""https://www.essex.ac.uk/courses/UG00001/1/BSc-Accounting"",
  ""degreeName"": ""BSc"",
  ""level"": """",
  ""studyMode"": """",
  ""award"": """",
  ""intakeInfo"": ""October 2026"",
  ""courseDuration"": ""3 years"",
  ""tuitionFee"": """",
  ""currency"": """",
  ""ieltsMinOverall"": """",
  ""ieltsMinSection"": """"
}","","","","undergraduate/ug00001-1-bsc-accounting.md","","","","","","","",""
"University of Essex","BSc (Hons)  Accounting and Finance","BSc","https://www.essex.ac.uk/courses/UG00002/1/BSc-Accounting-and-Finance","undergraduate/ug00002-1-bsc-accounting-and-finance.md","undergraduate","{
  ""courseName"": ""BSc (Hons)  Accounting and Finance"",
  ""courseUrlExternal"": ""https://www.essex.ac.uk/courses/UG00002/1/BSc-Accounting-and-Finance"",
  ""degreeName"": ""BSc"",
  ""level"": """",
  ""studyMode"": """",
  ""award"": """",
  ""intakeInfo"": ""October 2026"",
  ""courseDuration"": ""3 years"",
  ""tuitionFee"": """",
  ""currency"": """",
  ""ieltsMinOverall"": """",
  ""ieltsMinSection"": """"
}","","","","undergraduate/ug00002-1-bsc-accounting-and-finance.md","","","","","","","",""
"University of Essex","Integrated Master in Accounting: Accounting and Finance","","https://www.essex.ac.uk/courses/UG00002/3/Integrated-Master-in-Accounting-Accounting-and-Finance","undergraduate/ug00002-3-integrated-master-in-accounting-accounting-and-finance.md","undergraduate","{
  ""courseName"": ""Integrated Master in Accounting: Accounting and Finance"",
  ""courseUrlExternal"": ""https://www.essex.ac.uk/courses/UG00002/3/Integrated-Master-in-Accounting-Accounting-and-Finance"",
  ""degreeName"": """",
  ""level"": """",
  ""studyMode"": """",
  ""award"": """",
  ""intakeInfo"": ""October 2026"",
  ""courseDuration"": ""4 years"",
  ""tuitionFee"": """",
  ""currency"": """",
  ""ieltsMinOverall"": """",
  ""ieltsMinSection"": """"
}","","","","undergraduate/ug00002-3-integrated-master-in-accounting-accounting-and-finance.md","","","","","","","",""
"University of Essex","BA (Hons)  Acting","BA","https://www.essex.ac.uk/courses/UG00008/2/BA-Acting","undergraduate/ug00008-2-ba-acting.md","undergraduate","{
  ""courseName"": ""BA (Hons)  Acting"",
  ""courseUrlExternal"": ""https://www.essex.ac.uk/courses/UG00008/2/BA-Acting"",
  ""degreeName"": ""BA"",
  ""level"": """",
  ""studyMode"": """",
  ""award"": """",
  ""intakeInfo"": ""October 2026"",
  ""courseDuration"": ""3 years"",
  ""tuitionFee"": """",
  ""currency"": """",
  ""ieltsMinOverall"": """",
  ""ieltsMinSection"": """"
}","","","","undergraduate/ug00008-2-ba-acting.md","","","","","","","",""
"University of Essex","BA (Hons)  Acting and Community Engagement","BA","https://www.essex.ac.uk/courses/UG00009/2/BA-Acting-and-Community-Engagement","undergraduate/ug00009-2-ba-acting-and-community-engagement.md","undergraduate","{
  ""courseName"": ""BA (Hons)  Acting and Community Engagement"",
  ""courseUrlExternal"": ""https://www.essex.ac.uk/courses/UG00009/2/BA-Acting-and-Community-Engagement"",
  ""degreeName"": ""BA"",
  ""level"": """",
  ""studyMode"": """",
  ""award"": """",
  ""intakeInfo"": ""October 2026"",
  ""courseDuration"": ""3 years"",
  ""tuitionFee"": """",
  ""currency"": """",
  ""ieltsMinOverall"": """",
  ""ieltsMinSection"": """"
}","","","","undergraduate/ug00009-2-ba-acting-and-community-engagement.md","","","","","","","",""
"University of Essex","BA (Hons)  Acting and Contemporary Theatre","BA","https://www.essex.ac.uk/courses/UG00010/1/BA-Acting-and-Contemporary-Theatre","undergraduate/ug00010-1-ba-acting-and-contemporary-theatre.md","undergraduate","{
  ""courseName"": ""BA (Hons)  Acting and Contemporary Theatre"",
  ""courseUrlExternal"": ""https://www.essex.ac.uk/courses/UG00010/1/BA-Acting-and-Contemporary-Theatre"",
  ""degreeName"": ""BA"",
  ""level"": """",
  ""studyMode"": """",
  ""award"": """",
  ""intakeInfo"": ""October 2026"",
  ""courseDuration"": ""3 years"",
  ""tuitionFee"": """",
  ""currency"": """",
  ""ieltsMinOverall"": """",
  ""ieltsMinSection"": """"
}","","","","undergraduate/ug00010-1-ba-acting-and-contemporary-theatre.md","","","","","","","",""
"University of Essex","BA (Hons)  Acting and Fight Performance","BA","https://www.essex.ac.uk/courses/UG00011/1/BA-Acting-and-Fight-Performance","undergraduate/ug00011-1-ba-acting-and-fight-performance.md","undergraduate","{
  ""courseName"": ""BA (Hons)  Acting and Fight Performance"",
  ""courseUrlExternal"": ""https://www.essex.ac.uk/courses/UG00011/1/BA-Acting-and-Fight-Performance"",
  ""degreeName"": ""BA"",
  ""level"": """",
  ""studyMode"": """",
  ""award"": """",
  ""intakeInfo"": ""October 2026"",
  ""courseDuration"": ""3 years"",
  ""tuitionFee"": """",
  ""currency"": """",
  ""ieltsMinOverall"": """",
  ""ieltsMinSection"": """"
}","","","","undergraduate/ug00011-1-ba-acting-and-fight-performance.md","","","","","","","",""
"University of Essex","BSc (Hons)  Actuarial Science","BSc","https://www.essex.ac.uk/courses/UG00012/1/BSc-Actuarial-Science","undergraduate/ug00012-1-bsc-actuarial-science.md","undergraduate","{
  ""courseName"": ""BSc (Hons)  Actuarial Science"",
  ""courseUrlExternal"": ""https://www.essex.ac.uk/courses/UG00012/1/BSc-Actuarial-Science"",
  ""degreeName"": ""BSc"",
  ""level"": """",
  ""studyMode"": """",
  ""award"": """",
  ""intakeInfo"": ""October 2026"",
  ""courseDuration"": ""3 years"",
  ""tuitionFee"": """",
  ""currency"": """",
  ""ieltsMinOverall"": """",
  ""ieltsMinSection"": """"
}","","","","undergraduate/ug00012-1-bsc-actuarial-science.md","","","","","","","",""
"University of Essex","BA (Hons)  Art History","BA","https://www.essex.ac.uk/courses/UG00021/1/BA-Art-History","undergraduate/ug00021-1-ba-art-history.md","undergraduate","{
  ""courseName"": ""BA (Hons)  Art History"",
  ""courseUrlExternal"": ""https://www.essex.ac.uk/courses/UG00021/1/BA-Art-History"",
  ""degreeName"": ""BA"",
  ""level"": """",
  ""studyMode"": """",
  ""award"": """",
  ""intakeInfo"": ""October 2026"",
  ""courseDuration"": ""3 years"",
  ""tuitionFee"": """",
  ""currency"": """",
  ""ieltsMinOverall"": """",
  ""ieltsMinSection"": """"
}","","","","undergraduate/ug00021-1-ba-art-history.md","","","","","","","",""
"University of Essex","Integrated Master in Art History: Art History","","https://www.essex.ac.uk/courses/UG00021/3/Integrated-Master-in-Art-History-Art-History","undergraduate/ug00021-3-integrated-master-in-art-history-art-history.md","undergraduate","{
  ""courseName"": ""Integrated Master in Art History: Art History"",
  ""courseUrlExternal"": ""https://www.essex.ac.uk/courses/UG00021/3/Integrated-Master-in-Art-History-Art-History"",
  ""degreeName"": """",
  ""level"": """",
  ""studyMode"": """",
  ""award"": """",
  ""intakeInfo"": ""October 2026"",
  ""courseDuration"": ""4 years"",
  ""tuitionFee"": """",
  ""currency"": """",
  ""ieltsMinOverall"": """",
  ""ieltsMinSection"": """"
}","","","","undergraduate/ug00021-3-integrated-master-in-art-history-art-history.md","","","","","","","",""
"University of Essex","BA (Hons)  Art History and History","BA","https://www.essex.ac.uk/courses/UG00022/1/BA-Art-History-and-History","undergraduate/ug00022-1-ba-art-history-and-history.md","undergraduate","{
  ""courseName"": ""BA (Hons)  Art History and History"",
  ""courseUrlExternal"": ""https://www.essex.ac.uk/courses/UG00022/1/BA-Art-History-and-History"",
  ""degreeName"": ""BA"",
  ""level"": """",
  ""studyMode"": """",
  ""award"": """",
  ""intakeInfo"": ""October 2026"",
  ""courseDuration"": ""3 years"",
  ""tuitionFee"": """",
  ""currency"": """",
  ""ieltsMinOverall"": """",
  ""ieltsMinSection"": """"
}","","","","undergraduate/ug00022-1-ba-art-history-and-history.md","","","","","","","",""
"University of Essex","BA (Hons)  Art History and Modern Languages","BA","https://www.essex.ac.uk/courses/UG00023/1/BA-Art-History-and-Modern-Languages","undergraduate/ug00023-1-ba-art-history-and-modern-languages.md","undergraduate","{
  ""courseName"": ""BA (Hons)  Art History and Modern Languages"",
  ""courseUrlExternal"": ""https://www.essex.ac.uk/courses/UG00023/1/BA-Art-History-and-Modern-Languages"",
  ""degreeName"": ""BA"",
  ""level"": """",
  ""studyMode"": """",
  ""award"": """",
  ""intakeInfo"": ""October 2026"",
  ""courseDuration"": ""4 years"",
  ""tuitionFee"": """",
  ""currency"": """",
  ""ieltsMinOverall"": """",
  ""ieltsMinSection"": """"
}","","","","undergraduate/ug00023-1-ba-art-history-and-modern-languages.md","","","","","","","",""
"University of Essex","BA (Hons)  Art History with Modern Languages","BA","https://www.essex.ac.uk/courses/UG00025/1/BA-Art-History-with-Modern-Languages","undergraduate/ug00025-1-ba-art-history-with-modern-languages.md","undergraduate","{
  ""courseName"": ""BA (Hons)  Art History with Modern Languages"",
  ""courseUrlExternal"": ""https://www.essex.ac.uk/courses/UG00025/1/BA-Art-History-with-Modern-Languages"",
  ""degreeName"": ""BA"",
  ""level"": """",
  ""studyMode"": """",
  ""award"": """",
  ""intakeInfo"": ""October 2026"",
  ""courseDuration"": ""4 years"",
  ""tuitionFee"": """",
  ""currency"": """",
  ""ieltsMinOverall"": """",
  ""ieltsMinSection"": """"
}","","","","undergraduate/ug00025-1-ba-art-history-with-modern-languages.md","","","","","","","",""
"University of Essex","BSc (Hons)  Banking and Finance","BSc","https://www.essex.ac.uk/courses/UG00030/1/BSc-Banking-and-Finance","undergraduate/ug00030-1-bsc-banking-and-finance.md","undergraduate","{
  ""courseName"": ""BSc (Hons)  Banking and Finance"",
  ""courseUrlExternal"": ""https://www.essex.ac.uk/courses/UG00030/1/BSc-Banking-and-Finance"",
  ""degreeName"": ""BSc"",
  ""level"": """",
  ""studyMode"": """",
  ""award"": """",
  ""intakeInfo"": ""October 2026"",
  ""courseDuration"": ""3 years"",
  ""tuitionFee"": """",
  ""currency"": """",
  ""ieltsMinOverall"": """",
  ""ieltsMinSection"": """"
}","","","","undergraduate/ug00030-1-bsc-banking-and-finance.md","","","","","","","",""
"University of Essex","BSc (Hons)  Biochemistry","BSc","https://www.essex.ac.uk/courses/UG00033/1/BSc-Biochemistry","undergraduate/ug00033-1-bsc-biochemistry.md","undergraduate","{
  ""courseName"": ""BSc (Hons)  Biochemistry"",
  ""courseUrlExternal"": ""https://www.essex.ac.uk/courses/UG00033/1/BSc-Biochemistry"",
  ""degreeName"": ""BSc"",
  ""level"": """",
  ""studyMode"": """",
  ""award"": """",
  ""intakeInfo"": ""October 2026"",
  ""courseDuration"": ""3 years"",
  ""tuitionFee"": """",
  ""currency"": """",
  ""ieltsMinOverall"": """",
  ""ieltsMinSection"": """"
}","","","","undergraduate/ug00033-1-bsc-biochemistry.md","","","","","","","",""
"University of Essex","BSc (Hons)  Biological Sciences","BSc","https://www.essex.ac.uk/courses/UG00038/1/BSc-Biological-Sciences","undergraduate/ug00038-1-bsc-biological-sciences.md","undergraduate","{
  ""courseName"": ""BSc (Hons)  Biological Sciences"",
  ""courseUrlExternal"": ""https://www.essex.ac.uk/courses/UG00038/1/BSc-Biological-Sciences"",
  ""degreeName"": ""BSc"",
  ""level"": """",
  ""studyMode"": """",
  ""award"": """",
  ""intakeInfo"": ""October 2026"",
  ""courseDuration"": ""3 years"",
  ""tuitionFee"": """",
  ""currency"": """",
  ""ieltsMinOverall"": """",
  ""ieltsMinSection"": """"
}","","","","undergraduate/ug00038-1-bsc-biological-sciences.md","","","","","","","",""
"University of Essex","BSc (Hons)  Biomedical Science","BSc","https://www.essex.ac.uk/courses/UG00039/1/BSc-Biomedical-Science","undergraduate/ug00039-1-bsc-biomedical-science.md","undergraduate","{
  ""courseName"": ""BSc (Hons)  Biomedical Science"",
  ""courseUrlExternal"": ""https://www.essex.ac.uk/courses/UG00039/1/BSc-Biomedical-Science"",
  ""degreeName"": ""BSc"",
  ""level"": """",
  ""studyMode"": """",
  ""award"": """",
  ""intakeInfo"": ""October 2026"",
  ""courseDuration"": ""3 years"",
  ""tuitionFee"": """",
  ""currency"": """",
  ""ieltsMinOverall"": """",
  ""ieltsMinSection"": """"
}","","","","undergraduate/ug00039-1-bsc-biomedical-science.md","","","","","","","",""
"University of Essex","BSc (Hons)  Applied Biomedical Science","BSc","https://www.essex.ac.uk/courses/UG00039/3/BSc-Biomedical-Science","undergraduate/ug00039-3-bsc-biomedical-science.md","undergraduate","{
  ""courseName"": ""BSc (Hons)  Applied Biomedical Science"",
  ""courseUrlExternal"": ""https://www.essex.ac.uk/courses/UG00039/3/BSc-Biomedical-Science"",
  ""degreeName"": ""BSc"",
  ""level"": """",
  ""studyMode"": """",
  ""award"": """",
  ""intakeInfo"": ""October 2026"",
  ""courseDuration"": ""4 years"",
  ""tuitionFee"": """",
  ""currency"": """",
  ""ieltsMinOverall"": """",
  ""ieltsMinSection"": """"
}","","","","undergraduate/ug00039-3-bsc-biomedical-science.md","","","","","","","",""
"University of Essex","Integrated Master in Science: Biomedical Science","","https://www.essex.ac.uk/courses/UG00039/4/Integrated-Master-in-Science-Biomedical-Science","undergraduate/ug00039-4-integrated-master-in-science-biomedical-science.md","undergraduate","{
  ""courseName"": ""Integrated Master in Science: Biomedical Science"",
  ""courseUrlExternal"": ""https://www.essex.ac.uk/courses/UG00039/4/Integrated-Master-in-Science-Biomedical-Science"",
  ""degreeName"": """",
  ""level"": """",
  ""studyMode"": """",
  ""award"": """",
  ""intakeInfo"": ""October 2026"",
  ""courseDuration"": ""4 years"",
  ""tuitionFee"": """",
  ""currency"": """",
  ""ieltsMinOverall"": """",
  ""ieltsMinSection"": """"
}","","","","undergraduate/ug00039-4-integrated-master-in-science-biomedical-science.md","","","","","","","",""
"University of Essex","Integrated Master in Science: Applied Biomedical Science","","https://www.essex.ac.uk/courses/UG00039/5/Integrated-Master-in-Science-Biomedical-Science","undergraduate/ug00039-5-integrated-master-in-science-biomedical-science.md","undergraduate","{
  ""courseName"": ""Integrated Master in Science: Applied Biomedical Science"",
  ""courseUrlExternal"": ""https://www.essex.ac.uk/courses/UG00039/5/Integrated-Master-in-Science-Biomedical-Science"",
  ""degreeName"": """",
  ""level"": """",
  ""studyMode"": """",
  ""award"": """",
  ""intakeInfo"": ""October 2026"",
  ""courseDuration"": ""5 years"",
  ""tuitionFee"": """",
  ""currency"": """",
  ""ieltsMinOverall"": """",
  ""ieltsMinSection"": """"
}","","","","undergraduate/ug00039-5-integrated-master-in-science-biomedical-science.md","","","","","","","",""
"University of Essex","BBA (Hons)  Business Administration","BBA","https://www.essex.ac.uk/courses/UG00043/1/BBA-Business-Administration","undergraduate/ug00043-1-bba-business-administration.md","undergraduate","{
  ""courseName"": ""BBA (Hons)  Business Administration"",
  ""courseUrlExternal"": ""https://www.essex.ac.uk/courses/UG00043/1/BBA-Business-Administration"",
  ""degreeName"": ""BBA"",
  ""level"": """",
  ""studyMode"": """",
  ""award"": """",
  ""intakeInfo"": ""October 2026"",
  ""courseDuration"": ""3 years"",
  ""tuitionFee"": """",
  ""currency"": """",
  ""ieltsMinOverall"": """",
  ""ieltsMinSection"": """"
}","","","","undergraduate/ug00043-1-bba-business-administration.md","","","","","","","",""
"University of Essex","BSc (Hons)  Business Management","BSc","https://www.essex.ac.uk/courses/UG00045/1/BSc-Business-Management","undergraduate/ug00045-1-bsc-business-management.md","undergraduate","{
  ""courseName"": ""BSc (Hons)  Business Management"",
  ""courseUrlExternal"": ""https://www.essex.ac.uk/courses/UG00045/1/BSc-Business-Management"",
  ""degreeName"": ""BSc"",
  ""level"": """",
  ""studyMode"": """",
  ""award"": """",
  ""intakeInfo"": ""October 2026"",
  ""courseDuration"": ""3 years"",
  ""tuitionFee"": """",
  ""currency"": """",
  ""ieltsMinOverall"": """",
  ""ieltsMinSection"": """"
}","","","","undergraduate/ug00045-1-bsc-business-management.md","","","","","","","",""
"University of Essex","BA (Hons)  Business Management and Modern Languages","BA","https://www.essex.ac.uk/courses/UG00046/1/BA-Business-Management-and-Modern-Languages","undergraduate/ug00046-1-ba-business-management-and-modern-languages.md","undergraduate","{
  ""courseName"": ""BA (Hons)  Business Management and Modern Languages"",
  ""courseUrlExternal"": ""https://www.essex.ac.uk/courses/UG00046/1/BA-Business-Management-and-Modern-Languages"",
  ""degreeName"": ""BA"",
  ""level"": """",
  ""studyMode"": """",
  ""award"": """",
  ""intakeInfo"": ""October 2026"",
  ""courseDuration"": ""4 years"",
  ""tuitionFee"": """",
  ""currency"": """",
  ""ieltsMinOverall"": """",
  ""ieltsMinSection"": """"
}","","","","undergraduate/ug00046-1-ba-business-management-and-modern-languages.md","","","","","","","",""
"University of Essex","BA (Hons)  Business Management with a Modern Language","BA","https://www.essex.ac.uk/courses/UG00047/1/BA-Business-Management-with-a-Modern-Language","undergraduate/ug00047-1-ba-business-management-with-a-modern-language.md","undergraduate","{
  ""courseName"": ""BA (Hons)  Business Management with a Modern Language"",
  ""courseUrlExternal"": ""https://www.essex.ac.uk/courses/UG00047/1/BA-Business-Management-with-a-Modern-Language"",
  ""degreeName"": ""BA"",
  ""level"": """",
  ""studyMode"": """",
  ""award"": """",
  ""intakeInfo"": ""October 2026"",
  ""courseDuration"": ""4 years"",
  ""tuitionFee"": """",
  ""currency"": """",
  ""ieltsMinOverall"": """",
  ""ieltsMinSection"": """"
}","","","","undergraduate/ug00047-1-ba-business-management-with-a-modern-language.md","","","","","","","",""
"University of Essex","BSc (Hons)  Computer Games","BSc","https://www.essex.ac.uk/courses/UG00066/1/BSc-Computer-Games","undergraduate/ug00066-1-bsc-computer-games.md","undergraduate","{
  ""courseName"": ""BSc (Hons)  Computer Games"",
  ""courseUrlExternal"": ""https://www.essex.ac.uk/courses/UG00066/1/BSc-Computer-Games"",
  ""degreeName"": ""BSc"",
  ""level"": """",
  ""studyMode"": """",
  ""award"": """",
  ""intakeInfo"": ""October 2026"",
  ""courseDuration"": ""3 years"",
  ""tuitionFee"": """",
  ""currency"": """",
  ""ieltsMinOverall"": """",
  ""ieltsMinSection"": """"
}","","","","undergraduate/ug00066-1-bsc-computer-games.md","","","","","","","",""
"University of Essex","BSc (Hons)  Computer Science","BSc","https://www.essex.ac.uk/courses/UG00069/1/BSc-Computer-Science","undergraduate/ug00069-1-bsc-computer-science.md","undergraduate","{
  ""courseName"": ""BSc (Hons)  Computer Science"",
  ""courseUrlExternal"": ""https://www.essex.ac.uk/courses/UG00069/1/BSc-Computer-Science"",
  ""degreeName"": ""BSc"",
  ""level"": """",
  ""studyMode"": """",
  ""award"": """",
  ""intakeInfo"": ""October 2026"",
  ""courseDuration"": ""3 years"",
  ""tuitionFee"": """",
  ""currency"": """",
  ""ieltsMinOverall"": """",
  ""ieltsMinSection"": """"
}","","","","undergraduate/ug00069-1-bsc-computer-science.md","","","","","","","",""
"University of Essex","BEng (Hons)  Computer Systems Engineering","BEng","https://www.essex.ac.uk/courses/UG00076/1/BEng-Computer-Systems-Engineering","undergraduate/ug00076-1-beng-computer-systems-engineering.md","undergraduate","{
  ""courseName"": ""BEng (Hons)  Computer Systems Engineering"",
  ""courseUrlExternal"": ""https://www.essex.ac.uk/courses/UG00076/1/BEng-Computer-Systems-Engineering"",
  ""degreeName"": ""BEng"",
  ""level"": """",
  ""studyMode"": """",
  ""award"": """",
  ""intakeInfo"": ""October 2026"",
  ""courseDuration"": ""3 years"",
  ""tuitionFee"": """",
  ""currency"": """",
  ""ieltsMinOverall"": """",
  ""ieltsMinSection"": """"
}","","","","undergraduate/ug00076-1-beng-computer-systems-engineering.md","","","","","","","",""
"University of Essex","BA (Hons)  Continental Philosophy","BA","https://www.essex.ac.uk/courses/UG00087/1/BA-Continental-Philosophy","undergraduate/ug00087-1-ba-continental-philosophy.md","undergraduate","{
  ""courseName"": ""BA (Hons)  Continental Philosophy"",
  ""courseUrlExternal"": ""https://www.essex.ac.uk/courses/UG00087/1/BA-Continental-Philosophy"",
  ""degreeName"": ""BA"",
  ""level"": """",
  ""studyMode"": """",
  ""award"": """",
  ""intakeInfo"": ""October 2026"",
  ""courseDuration"": ""3 years"",
  ""tuitionFee"": """",
  ""currency"": """",
  ""ieltsMinOverall"": """",
  ""ieltsMinSection"": """"
}","","","","undergraduate/ug00087-1-ba-continental-philosophy.md","","","","","","","",""
"University of Essex","BA (Hons)  Creative Writing","BA","https://www.essex.ac.uk/courses/UG00088/1/BA-Creative-Writing","undergraduate/ug00088-1-ba-creative-writing.md","undergraduate","{
  ""courseName"": ""BA (Hons)  Creative Writing"",
  ""courseUrlExternal"": ""https://www.essex.ac.uk/courses/UG00088/1/BA-Creative-Writing"",
  ""degreeName"": ""BA"",
  ""level"": """",
  ""studyMode"": """",
  ""award"": """",
  ""intakeInfo"": ""October 2026"",
  ""courseDuration"": ""3 years"",
  ""tuitionFee"": """",
  ""currency"": """",
  ""ieltsMinOverall"": """",
  ""ieltsMinSection"": """"
}","","","","undergraduate/ug00088-1-ba-creative-writing.md","","","","","","","",""
"University of Essex","BA (Hons)  Criminology","BA","https://www.essex.ac.uk/courses/UG00089/1/BA-Criminology","undergraduate/ug00089-1-ba-criminology.md","undergraduate","{
  ""courseName"": ""BA (Hons)  Criminology"",
  ""courseUrlExternal"": ""https://www.essex.ac.uk/courses/UG00089/1/BA-Criminology"",
  ""degreeName"": ""BA"",
  ""level"": """",
  ""studyMode"": """",
  ""award"": """",
  ""intakeInfo"": ""October 2026"",
  ""courseDuration"": ""3 years"",
  ""tuitionFee"": """",
  ""currency"": """",
  ""ieltsMinOverall"": """",
  ""ieltsMinSection"": """"
}","","","","undergraduate/ug00089-1-ba-criminology.md","","","","","","","",""
"University of Essex","BA (Hons)  Criminology with Social Psychology","BA","https://www.essex.ac.uk/courses/UG00092/1/BA-Criminology-with-Social-Psychology","undergraduate/ug00092-1-ba-criminology-with-social-psychology.md","undergraduate","{
  ""courseName"": ""BA (Hons)  Criminology with Social Psychology"",
  ""courseUrlExternal"": ""https://www.essex.ac.uk/courses/UG00092/1/BA-Criminology-with-Social-Psychology"",
  ""degreeName"": ""BA"",
  ""level"": """",
  ""studyMode"": """",
  ""award"": """",
  ""intakeInfo"": ""October 2026"",
  ""courseDuration"": ""3 years"",
  ""tuitionFee"": """",
  ""currency"": """",
  ""ieltsMinOverall"": """",
  ""ieltsMinSection"": """"
}","","","","undergraduate/ug00092-1-ba-criminology-with-social-psychology.md","","","","","","","",""
"University of Essex","BA (Hons)  Drama","BA","https://www.essex.ac.uk/courses/UG00097/1/BA-Drama","undergraduate/ug00097-1-ba-drama.md","undergraduate","{
  ""courseName"": ""BA (Hons)  Drama"",
  ""courseUrlExternal"": ""https://www.essex.ac.uk/courses/UG00097/1/BA-Drama"",
  ""degreeName"": ""BA"",
  ""level"": """",
  ""studyMode"": """",
  ""award"": """",
  ""intakeInfo"": ""October 2026"",
  ""courseDuration"": ""3 years"",
  ""tuitionFee"": """",
  ""currency"": """",
  ""ieltsMinOverall"": """",
  ""ieltsMinSection"": """"
}","","","","undergraduate/ug00097-1-ba-drama.md","","","","","","","",""
"University of Essex","BA (Hons)  Drama and Literature","BA","https://www.essex.ac.uk/courses/UG00098/1/BA-Drama-and-Literature","undergraduate/ug00098-1-ba-drama-and-literature.md","undergraduate","{
  ""courseName"": ""BA (Hons)  Drama and Literature"",
  ""courseUrlExternal"": ""https://www.essex.ac.uk/courses/UG00098/1/BA-Drama-and-Literature"",
  ""degreeName"": ""BA"",
  ""level"": """",
  ""studyMode"": """",
  ""award"": """",
  ""intakeInfo"": ""October 2026"",
  ""courseDuration"": ""3 years"",
  ""tuitionFee"": """",
  ""currency"": """",
  ""ieltsMinOverall"": """",
  ""ieltsMinSection"": """"
}","","","","undergraduate/ug00098-1-ba-drama-and-literature.md","","","","","","","",""
"University of Essex","BSc (Hons)  Ecology and Environmental Biology","BSc","https://www.essex.ac.uk/courses/UG00102/1/BSc-Ecology-and-Environmental-Biology","undergraduate/ug00102-1-bsc-ecology-and-environmental-biology.md","undergraduate","{
  ""courseName"": ""BSc (Hons)  Ecology and Environmental Biology"",
  ""courseUrlExternal"": ""https://www.essex.ac.uk/courses/UG00102/1/BSc-Ecology-and-Environmental-Biology"",
  ""degreeName"": ""BSc"",
  ""level"": """",
  ""studyMode"": """",
  ""award"": """",
  ""intakeInfo"": ""October 2026"",
  ""courseDuration"": ""3 years"",
  ""tuitionFee"": """",
  ""currency"": """",
  ""ieltsMinOverall"": """",
  ""ieltsMinSection"": """"
}","","","","undergraduate/ug00102-1-bsc-ecology-and-environmental-biology.md","","","","","","","",""
"University of Essex","BA (Hons)  Economics","BA","https://www.essex.ac.uk/courses/UG00103/1/BA-Economics","undergraduate/ug00103-1-ba-economics.md","undergraduate","{
  ""courseName"": ""BA (Hons)  Economics"",
  ""courseUrlExternal"": ""https://www.essex.ac.uk/courses/UG00103/1/BA-Economics"",
  ""degreeName"": ""BA"",
  ""level"": """",
  ""studyMode"": """",
  ""award"": """",
  ""intakeInfo"": ""October 2026"",
  ""courseDuration"": ""3 years"",
  ""tuitionFee"": """",
  ""currency"": """",
  ""ieltsMinOverall"": """",
  ""ieltsMinSection"": """"
}","","","","undergraduate/ug00103-1-ba-economics.md","","","","","","","",""
"University of Essex","BSc (Hons)  Economics","BSc","https://www.essex.ac.uk/courses/UG00103/3/BSc-Economics","undergraduate/ug00103-3-bsc-economics.md","undergraduate","{
  ""courseName"": ""BSc (Hons)  Economics"",
  ""courseUrlExternal"": ""https://www.essex.ac.uk/courses/UG00103/3/BSc-Economics"",
  ""degreeName"": ""BSc"",
  ""level"": """",
  ""studyMode"": """",
  ""award"": """",
  ""intakeInfo"": ""October 2026"",
  ""courseDuration"": ""3 years"",
  ""tuitionFee"": """",
  ""currency"": """",
  ""ieltsMinOverall"": """",
  ""ieltsMinSection"": """"
}","","","","undergraduate/ug00103-3-bsc-economics.md","","","","","","","",""
"University of Essex","Integrated Master in Economics: Economics","","https://www.essex.ac.uk/courses/UG00103/8/Integrated-Master-in-Economics-Economics","undergraduate/ug00103-8-integrated-master-in-economics-economics.md","undergraduate","{
  ""courseName"": ""Integrated Master in Economics: Economics"",
  ""courseUrlExternal"": ""https://www.essex.ac.uk/courses/UG00103/8/Integrated-Master-in-Economics-Economics"",
  ""degreeName"": """",
  ""level"": """",
  ""studyMode"": """",
  ""award"": """",
  ""intakeInfo"": ""October 2026"",
  ""courseDuration"": ""4 years"",
  ""tuitionFee"": """",
  ""currency"": """",
  ""ieltsMinOverall"": """",
  ""ieltsMinSection"": """"
}","","","","undergraduate/ug00103-8-integrated-master-in-economics-economics.md","","","","","","","",""
"University of Essex","BSc (Hons)  Economics and Politics","BSc","https://www.essex.ac.uk/courses/UG00106/1/BSc-Economics-and-Politics","undergraduate/ug00106-1-bsc-economics-and-politics.md","undergraduate","{
  ""courseName"": ""BSc (Hons)  Economics and Politics"",
  ""courseUrlExternal"": ""https://www.essex.ac.uk/courses/UG00106/1/BSc-Economics-and-Politics"",
  ""degreeName"": ""BSc"",
  ""level"": """",
  ""studyMode"": """",
  ""award"": """",
  ""intakeInfo"": ""October 2026"",
  ""courseDuration"": ""3 years"",
  ""tuitionFee"": """",
  ""currency"": """",
  ""ieltsMinOverall"": """",
  ""ieltsMinSection"": """"
}","","","","undergraduate/ug00106-1-bsc-economics-and-politics.md","","","","","","","",""
"University of Essex","BEng (Hons)  Electronic Engineering","BEng","https://www.essex.ac.uk/courses/UG00117/1/BEng-Electronic-Engineering","undergraduate/ug00117-1-beng-electronic-engineering.md","undergraduate","{
  ""courseName"": ""BEng (Hons)  Electronic Engineering"",
  ""courseUrlExternal"": ""https://www.essex.ac.uk/courses/UG00117/1/BEng-Electronic-Engineering"",
  ""degreeName"": ""BEng"",
  ""level"": """",
  ""studyMode"": """",
  ""award"": """",
  ""intakeInfo"": ""October 2026"",
  ""courseDuration"": ""3 years"",
  ""tuitionFee"": """",
  ""currency"": """",
  ""ieltsMinOverall"": """",
  ""ieltsMinSection"": """"
}","","","","undergraduate/ug00117-1-beng-electronic-engineering.md","","","","","","","",""
"University of Essex","BA (Hons)  Teaching English as a Foreign Language","BA","https://www.essex.ac.uk/courses/UG00129/1/BA-Teaching-English-as-a-Foreign-Language-TEFL","undergraduate/ug00129-1-ba-teaching-english-as-a-foreign-language-tefl.md","undergraduate","{
  ""courseName"": ""BA (Hons)  Teaching English as a Foreign Language"",
  ""courseUrlExternal"": ""https://www.essex.ac.uk/courses/UG00129/1/BA-Teaching-English-as-a-Foreign-Language-TEFL"",
  ""degreeName"": ""BA"",
  ""level"": """",
  ""studyMode"": """",
  ""award"": """",
  ""intakeInfo"": ""October 2026"",
  ""courseDuration"": ""3 years"",
  ""tuitionFee"": """",
  ""currency"": """",
  ""ieltsMinOverall"": """",
  ""ieltsMinSection"": """"
}","","","","undergraduate/ug00129-1-ba-teaching-english-as-a-foreign-language-tefl.md","","","","","","","",""
"University of Essex","BA (Hons)  English Language and Linguistics","BA","https://www.essex.ac.uk/courses/UG00131/1/BA-English-Language-and-Linguistics","undergraduate/ug00131-1-ba-english-language-and-linguistics.md","undergraduate","{
  ""courseName"": ""BA (Hons)  English Language and Linguistics"",
  ""courseUrlExternal"": ""https://www.essex.ac.uk/courses/UG00131/1/BA-English-Language-and-Linguistics"",
  ""degreeName"": ""BA"",
  ""level"": """",
  ""studyMode"": """",
  ""award"": """",
  ""intakeInfo"": ""October 2026"",
  ""courseDuration"": ""3 years"",
  ""tuitionFee"": """",
  ""currency"": """",
  ""ieltsMinOverall"": """",
  ""ieltsMinSection"": """"
}","","","","undergraduate/ug00131-1-ba-english-language-and-linguistics.md","","","","","","","",""
"University of Essex","BA (Hons)  English Language and Literature","BA","https://www.essex.ac.uk/courses/UG00132/1/BA-English-Language-and-Literature","undergraduate/ug00132-1-ba-english-language-and-literature.md","undergraduate","{
  ""courseName"": ""BA (Hons)  English Language and Literature"",
  ""courseUrlExternal"": ""https://www.essex.ac.uk/courses/UG00132/1/BA-English-Language-and-Literature"",
  ""degreeName"": ""BA"",
  ""level"": """",
  ""studyMode"": """",
  ""award"": """",
  ""intakeInfo"": ""October 2026"",
  ""courseDuration"": ""3 years"",
  ""tuitionFee"": """",
  ""currency"": """",
  ""ieltsMinOverall"": """",
  ""ieltsMinSection"": """"
}","","","","undergraduate/ug00132-1-ba-english-language-and-literature.md","","","","","","","",""
"University of Essex","BA (Hons)  English Literature","BA","https://www.essex.ac.uk/courses/UG00139/1/BA-English-Literature","undergraduate/ug00139-1-ba-english-literature.md","undergraduate","{
  ""courseName"": ""BA (Hons)  English Literature"",
  ""courseUrlExternal"": ""https://www.essex.ac.uk/courses/UG00139/1/BA-English-Literature"",
  ""degreeName"": ""BA"",
  ""level"": """",
  ""studyMode"": """",
  ""award"": """",
  ""intakeInfo"": ""October 2026"",
  ""courseDuration"": ""3 years"",
  ""tuitionFee"": """",
  ""currency"": """",
  ""ieltsMinOverall"": """",
  ""ieltsMinSection"": """"
}","","","","undergraduate/ug00139-1-ba-english-literature.md","","","","","","","",""
"University of Essex","BA (Hons)  European Studies","BA","https://www.essex.ac.uk/courses/UG00151/1/BA-European-Studies","undergraduate/ug00151-1-ba-european-studies.md","undergraduate","{
  ""courseName"": ""BA (Hons)  European Studies"",
  ""courseUrlExternal"": ""https://www.essex.ac.uk/courses/UG00151/1/BA-European-Studies"",
  ""degreeName"": ""BA"",
  ""level"": """",
  ""studyMode"": """",
  ""award"": """",
  ""intakeInfo"": ""October 2026"",
  ""courseDuration"": ""4 years"",
  ""tuitionFee"": """",
  ""currency"": """",
  ""ieltsMinOverall"": """",
  ""ieltsMinSection"": """"
}","","","","undergraduate/ug00151-1-ba-european-studies.md","","","","","","","",""
"University of Essex","BA (Hons)  European Studies with French","BA","https://www.essex.ac.uk/courses/UG00154/1/BA-European-Studies-with-French","undergraduate/ug00154-1-ba-european-studies-with-french.md","undergraduate","{
  ""courseName"": ""BA (Hons)  European Studies with French"",
  ""courseUrlExternal"": ""https://www.essex.ac.uk/courses/UG00154/1/BA-European-Studies-with-French"",
  ""degreeName"": ""BA"",
  ""level"": """",
  ""studyMode"": """",
  ""award"": """",
  ""intakeInfo"": ""October 2026"",
  ""courseDuration"": ""4 years"",
  ""tuitionFee"": """",
  ""currency"": """",
  ""ieltsMinOverall"": """",
  ""ieltsMinSection"": """"
}","","","","undergraduate/ug00154-1-ba-european-studies-with-french.md","","","","","","","",""
"University of Essex","BA (Hons)  European Studies with German","BA","https://www.essex.ac.uk/courses/UG00155/1/BA-European-Studies-with-German","undergraduate/ug00155-1-ba-european-studies-with-german.md","undergraduate","{
  ""courseName"": ""BA (Hons)  European Studies with German"",
  ""courseUrlExternal"": ""https://www.essex.ac.uk/courses/UG00155/1/BA-European-Studies-with-German"",
  ""degreeName"": ""BA"",
  ""level"": """",
  ""studyMode"": """",
  ""award"": """",
  ""intakeInfo"": ""October 2026"",
  ""courseDuration"": ""4 years"",
  ""tuitionFee"": """",
  ""currency"": """",
  ""ieltsMinOverall"": """",
  ""ieltsMinSection"": """"
}","","","","undergraduate/ug00155-1-ba-european-studies-with-german.md","","","","","","","",""
"University of Essex","BA (Hons)  European Studies with Italian","BA","https://www.essex.ac.uk/courses/UG00157/1/BA-European-Studies-with-Italian","undergraduate/ug00157-1-ba-european-studies-with-italian.md","undergraduate","{
  ""courseName"": ""BA (Hons)  European Studies with Italian"",
  ""courseUrlExternal"": ""https://www.essex.ac.uk/courses/UG00157/1/BA-European-Studies-with-Italian"",
  ""degreeName"": ""BA"",
  ""level"": """",
  ""studyMode"": """",
  ""award"": """",
  ""intakeInfo"": ""October 2026"",
  ""courseDuration"": ""4 years"",
  ""tuitionFee"": """",
  ""currency"": """",
  ""ieltsMinOverall"": """",
  ""ieltsMinSection"": """"
}","","","","undergraduate/ug00157-1-ba-european-studies-with-italian.md","","","","","","","",""
"University of Essex","BA (Hons)  European Studies with Spanish","BA","https://www.essex.ac.uk/courses/UG00160/1/BA-European-Studies-with-Spanish","undergraduate/ug00160-1-ba-european-studies-with-spanish.md","undergraduate","{
  ""courseName"": ""BA (Hons)  European Studies with Spanish"",
  ""courseUrlExternal"": ""https://www.essex.ac.uk/courses/UG00160/1/BA-European-Studies-with-Spanish"",
  ""degreeName"": ""BA"",
  ""level"": """",
  ""studyMode"": """",
  ""award"": """",
  ""intakeInfo"": ""October 2026"",
  ""courseDuration"": ""4 years"",
  ""tuitionFee"": """",
  ""currency"": """",
  ""ieltsMinOverall"": """",
  ""ieltsMinSection"": """"
}","","","","undergraduate/ug00160-1-ba-european-studies-with-spanish.md","","","","","","","",""
"University of Essex","BA (Hons)  Film and Creative Writing","BA","https://www.essex.ac.uk/courses/UG00162/1/BA-Film-and-Creative-Writing","undergraduate/ug00162-1-ba-film-and-creative-writing.md","undergraduate","{
  ""courseName"": ""BA (Hons)  Film and Creative Writing"",
  ""courseUrlExternal"": ""https://www.essex.ac.uk/courses/UG00162/1/BA-Film-and-Creative-Writing"",
  ""degreeName"": ""BA"",
  ""level"": """",
  ""studyMode"": """",
  ""award"": """",
  ""intakeInfo"": ""October 2026"",
  ""courseDuration"": ""3 years"",
  ""tuitionFee"": """",
  ""currency"": """",
  ""ieltsMinOverall"": """",
  ""ieltsMinSection"": """"
}","","","","undergraduate/ug00162-1-ba-film-and-creative-writing.md","","","","","","","",""
"University of Essex","BA (Hons)  Film Studies","BA","https://www.essex.ac.uk/courses/UG00164/1/BA-Film-Studies","undergraduate/ug00164-1-ba-film-studies.md","undergraduate","{
  ""courseName"": ""BA (Hons)  Film Studies"",
  ""courseUrlExternal"": ""https://www.essex.ac.uk/courses/UG00164/1/BA-Film-Studies"",
  ""degreeName"": ""BA"",
  ""level"": """",
  ""studyMode"": """",
  ""award"": """",
  ""intakeInfo"": ""October 2026"",
  ""courseDuration"": ""3 years"",
  ""tuitionFee"": """",
  ""currency"": """",
  ""ieltsMinOverall"": """",
  ""ieltsMinSection"": """"
}","","","","undergraduate/ug00164-1-ba-film-studies.md","","","","","","","",""
"University of Essex","BA (Hons)  Film Studies and Literature","BA","https://www.essex.ac.uk/courses/UG00166/1/BA-Film-Studies-and-Literature","undergraduate/ug00166-1-ba-film-studies-and-literature.md","undergraduate","{
  ""courseName"": ""BA (Hons)  Film Studies and Literature"",
  ""courseUrlExternal"": ""https://www.essex.ac.uk/courses/UG00166/1/BA-Film-Studies-and-Literature"",
  ""degreeName"": ""BA"",
  ""level"": """",
  ""studyMode"": """",
  ""award"": """",
  ""intakeInfo"": ""October 2026"",
  ""courseDuration"": ""3 years"",
  ""tuitionFee"": """",
  ""currency"": """",
  ""ieltsMinOverall"": """",
  ""ieltsMinSection"": """"
}","","","","undergraduate/ug00166-1-ba-film-studies-and-literature.md","","","","","","","",""
"University of Essex","BSc (Hons)  Finance","BSc","https://www.essex.ac.uk/courses/UG00167/1/BSc-Finance","undergraduate/ug00167-1-bsc-finance.md","undergraduate","{
  ""courseName"": ""BSc (Hons)  Finance"",
  ""courseUrlExternal"": ""https://www.essex.ac.uk/courses/UG00167/1/BSc-Finance"",
  ""degreeName"": ""BSc"",
  ""level"": """",
  ""studyMode"": """",
  ""award"": """",
  ""intakeInfo"": ""October 2026"",
  ""courseDuration"": ""3 years"",
  ""tuitionFee"": """",
  ""currency"": """",
  ""ieltsMinOverall"": """",
  ""ieltsMinSection"": """"
}","","","","undergraduate/ug00167-1-bsc-finance.md","","","","","","","",""
"University of Essex","BA (Hons)  Financial Economics","BA","https://www.essex.ac.uk/courses/UG00172/1/BA-Financial-Economics","undergraduate/ug00172-1-ba-financial-economics.md","undergraduate","{
  ""courseName"": ""BA (Hons)  Financial Economics"",
  ""courseUrlExternal"": ""https://www.essex.ac.uk/courses/UG00172/1/BA-Financial-Economics"",
  ""degreeName"": ""BA"",
  ""level"": """",
  ""studyMode"": """",
  ""award"": """",
  ""intakeInfo"": ""October 2026"",
  ""courseDuration"": ""3 years"",
  ""tuitionFee"": """",
  ""currency"": """",
  ""ieltsMinOverall"": """",
  ""ieltsMinSection"": """"
}","","","","undergraduate/ug00172-1-ba-financial-economics.md","","","","","","","",""
"University of Essex","BSc (Hons)  Financial Economics","BSc","https://www.essex.ac.uk/courses/UG00172/3/BSc-Financial-Economics","undergraduate/ug00172-3-bsc-financial-economics.md","undergraduate","{
  ""courseName"": ""BSc (Hons)  Financial Economics"",
  ""courseUrlExternal"": ""https://www.essex.ac.uk/courses/UG00172/3/BSc-Financial-Economics"",
  ""degreeName"": ""BSc"",
  ""level"": """",
  ""studyMode"": """",
  ""award"": """",
  ""intakeInfo"": ""October 2026"",
  ""courseDuration"": ""3 years"",
  ""tuitionFee"": """",
  ""currency"": """",
  ""ieltsMinOverall"": """",
  ""ieltsMinSection"": """"
}","","","","undergraduate/ug00172-3-bsc-financial-economics.md","","","","","","","",""
"University of Essex","BSc (Hons)  Genetics","BSc","https://www.essex.ac.uk/courses/UG00178/1/BSc-Genetics","undergraduate/ug00178-1-bsc-genetics.md","undergraduate","{
  ""courseName"": ""BSc (Hons)  Genetics"",
  ""courseUrlExternal"": ""https://www.essex.ac.uk/courses/UG00178/1/BSc-Genetics"",
  ""degreeName"": ""BSc"",
  ""level"": """",
  ""studyMode"": """",
  ""award"": """",
  ""intakeInfo"": ""October 2026"",
  ""courseDuration"": ""3 years"",
  ""tuitionFee"": """",
  ""currency"": """",
  ""ieltsMinOverall"": """",
  ""ieltsMinSection"": """"
}","","","","undergraduate/ug00178-1-bsc-genetics.md","","","","","","","",""
"University of Essex","BA (Hons)  History","BA","https://www.essex.ac.uk/courses/UG00189/1/BA-History","undergraduate/ug00189-1-ba-history.md","undergraduate","{
  ""courseName"": ""BA (Hons)  History"",
  ""courseUrlExternal"": ""https://www.essex.ac.uk/courses/UG00189/1/BA-History"",
  ""degreeName"": ""BA"",
  ""level"": """",
  ""studyMode"": """",
  ""award"": """",
  ""intakeInfo"": ""October 2026"",
  ""courseDuration"": ""3 years"",
  ""tuitionFee"": """",
  ""currency"": """",
  ""ieltsMinOverall"": """",
  ""ieltsMinSection"": """"
}","","","","undergraduate/ug00189-1-ba-history.md","","","","","","","",""
"University of Essex","Integrated Master in History: History","","https://www.essex.ac.uk/courses/UG00189/4/Integrated-Master-in-History-History","undergraduate/ug00189-4-integrated-master-in-history-history.md","undergraduate","{
  ""courseName"": ""Integrated Master in History: History"",
  ""courseUrlExternal"": ""https://www.essex.ac.uk/courses/UG00189/4/Integrated-Master-in-History-History"",
  ""degreeName"": """",
  ""level"": """",
  ""studyMode"": """",
  ""award"": """",
  ""intakeInfo"": ""October 2026"",
  ""courseDuration"": ""4 years"",
  ""tuitionFee"": """",
  ""currency"": """",
  ""ieltsMinOverall"": """",
  ""ieltsMinSection"": """"
}","","","","undergraduate/ug00189-4-integrated-master-in-history-history.md","","","","","","","",""
"University of Essex","BA (Hons)  History and Criminology","BA","https://www.essex.ac.uk/courses/UG00190/1/BA-History-and-Criminology","undergraduate/ug00190-1-ba-history-and-criminology.md","undergraduate","{
  ""courseName"": ""BA (Hons)  History and Criminology"",
  ""courseUrlExternal"": ""https://www.essex.ac.uk/courses/UG00190/1/BA-History-and-Criminology"",
  ""degreeName"": ""BA"",
  ""level"": """",
  ""studyMode"": """",
  ""award"": """",
  ""intakeInfo"": ""October 2026"",
  ""courseDuration"": ""3 years"",
  ""tuitionFee"": """",
  ""currency"": """",
  ""ieltsMinOverall"": """",
  ""ieltsMinSection"": """"
}","","","","undergraduate/ug00190-1-ba-history-and-criminology.md","","","","","","","",""
"University of Essex","BA (Hons)  History and Literature","BA","https://www.essex.ac.uk/courses/UG00194/1/BA-History-and-Literature","undergraduate/ug00194-1-ba-history-and-literature.md","undergraduate","{
  ""courseName"": ""BA (Hons)  History and Literature"",
  ""courseUrlExternal"": ""https://www.essex.ac.uk/courses/UG00194/1/BA-History-and-Literature"",
  ""degreeName"": ""BA"",
  ""level"": """",
  ""studyMode"": """",
  ""award"": """",
  ""intakeInfo"": ""October 2026"",
  ""courseDuration"": ""3 years"",
  ""tuitionFee"": """",
  ""currency"": """",
  ""ieltsMinOverall"": """",
  ""ieltsMinSection"": """"
}","","","","undergraduate/ug00194-1-ba-history-and-literature.md","","","","","","","",""
"University of Essex","BA (Hons)  History and Sociology","BA","https://www.essex.ac.uk/courses/UG00197/1/BA-History-and-Sociology","undergraduate/ug00197-1-ba-history-and-sociology.md","undergraduate","{
  ""courseName"": ""BA (Hons)  History and Sociology"",
  ""courseUrlExternal"": ""https://www.essex.ac.uk/courses/UG00197/1/BA-History-and-Sociology"",
  ""degreeName"": ""BA"",
  ""level"": """",
  ""studyMode"": """",
  ""award"": """",
  ""intakeInfo"": ""October 2026"",
  ""courseDuration"": ""3 years"",
  ""tuitionFee"": """",
  ""currency"": """",
  ""ieltsMinOverall"": """",
  ""ieltsMinSection"": """"
}","","","","undergraduate/ug00197-1-ba-history-and-sociology.md","","","","","","","",""
"University of Essex","BA (Hons)  History with Film Studies","BA","https://www.essex.ac.uk/courses/UG00203/1/BA-History-with-Film-Studies","undergraduate/ug00203-1-ba-history-with-film-studies.md","undergraduate","{
  ""courseName"": ""BA (Hons)  History with Film Studies"",
  ""courseUrlExternal"": ""https://www.essex.ac.uk/courses/UG00203/1/BA-History-with-Film-Studies"",
  ""degreeName"": ""BA"",
  ""level"": """",
  ""studyMode"": """",
  ""award"": """",
  ""intakeInfo"": ""October 2026"",
  ""courseDuration"": ""3 years"",
  ""tuitionFee"": """",
  ""currency"": """",
  ""ieltsMinOverall"": """",
  ""ieltsMinSection"": """"
}","","","","undergraduate/ug00203-1-ba-history-with-film-studies.md","","","","","","","",""
"University of Essex","BA (Hons)  History with Human Rights","BA","https://www.essex.ac.uk/courses/UG00204/1/BA-History-with-Human-Rights","undergraduate/ug00204-1-ba-history-with-human-rights.md","undergraduate","{
  ""courseName"": ""BA (Hons)  History with Human Rights"",
  ""courseUrlExternal"": ""https://www.essex.ac.uk/courses/UG00204/1/BA-History-with-Human-Rights"",
  ""degreeName"": ""BA"",
  ""level"": """",
  ""studyMode"": """",
  ""award"": """",
  ""intakeInfo"": ""October 2026"",
  ""courseDuration"": ""3 years"",
  ""tuitionFee"": """",
  ""currency"": """",
  ""ieltsMinOverall"": """",
  ""ieltsMinSection"": """"
}","","","","undergraduate/ug00204-1-ba-history-with-human-rights.md","","","","","","","",""
"University of Essex","BSc (Hons)  International Business and Entrepreneurship","BSc","https://www.essex.ac.uk/courses/UG00216/1/BSc-International-Business-and-Entrepreneurship","undergraduate/ug00216-1-bsc-international-business-and-entrepreneurship.md","undergraduate","{
  ""courseName"": ""BSc (Hons)  International Business and Entrepreneurship"",
  ""courseUrlExternal"": ""https://www.essex.ac.uk/courses/UG00216/1/BSc-International-Business-and-Entrepreneurship"",
  ""degreeName"": ""BSc"",
  ""level"": """",
  ""studyMode"": """",
  ""award"": """",
  ""intakeInfo"": ""October 2026"",
  ""courseDuration"": ""3 years"",
  ""tuitionFee"": """",
  ""currency"": """",
  ""ieltsMinOverall"": """",
  ""ieltsMinSection"": """"
}","","","","undergraduate/ug00216-1-bsc-international-business-and-entrepreneurship.md","","","","","","","",""
"University of Essex","BA (Hons)  International Relations","BA","https://www.essex.ac.uk/courses/UG00221/1/BA-International-Relations","undergraduate/ug00221-1-ba-international-relations.md","undergraduate","{
  ""courseName"": ""BA (Hons)  International Relations"",
  ""courseUrlExternal"": ""https://www.essex.ac.uk/courses/UG00221/1/BA-International-Relations"",
  ""degreeName"": ""BA"",
  ""level"": """",
  ""studyMode"": """",
  ""award"": """",
  ""intakeInfo"": ""October 2026"",
  ""courseDuration"": ""3 years"",
  ""tuitionFee"": """",
  ""currency"": """",
  ""ieltsMinOverall"": """",
  ""ieltsMinSection"": """"
}","","","","undergraduate/ug00221-1-ba-international-relations.md","","","","","","","",""
"University of Essex","Integrated Master in Politics: International Relations","","https://www.essex.ac.uk/courses/UG00221/4/Integrated-Master-in-Politics-International-Relations","undergraduate/ug00221-4-integrated-master-in-politics-international-relations.md","undergraduate","{
  ""courseName"": ""Integrated Master in Politics: International Relations"",
  ""courseUrlExternal"": ""https://www.essex.ac.uk/courses/UG00221/4/Integrated-Master-in-Politics-International-Relations"",
  ""degreeName"": """",
  ""level"": """",
  ""studyMode"": """",
  ""award"": """",
  ""intakeInfo"": ""October 2026"",
  ""courseDuration"": ""4 years"",
  ""tuitionFee"": """",
  ""currency"": """",
  ""ieltsMinOverall"": """",
  ""ieltsMinSection"": """"
}","","","","undergraduate/ug00221-4-integrated-master-in-politics-international-relations.md","","","","","","","",""
"University of Essex","BA (Hons)  International Relations and Modern Languages","BA","https://www.essex.ac.uk/courses/UG00222/1/BA-International-Relations-and-Modern-Languages","undergraduate/ug00222-1-ba-international-relations-and-modern-languages.md","undergraduate","{
  ""courseName"": ""BA (Hons)  International Relations and Modern Languages"",
  ""courseUrlExternal"": ""https://www.essex.ac.uk/courses/UG00222/1/BA-International-Relations-and-Modern-Languages"",
  ""degreeName"": ""BA"",
  ""level"": """",
  ""studyMode"": """",
  ""award"": """",
  ""intakeInfo"": ""October 2026"",
  ""courseDuration"": ""4 years"",
  ""tuitionFee"": """",
  ""currency"": """",
  ""ieltsMinOverall"": """",
  ""ieltsMinSection"": """"
}","","","","undergraduate/ug00222-1-ba-international-relations-and-modern-languages.md","","","","","","","",""
"University of Essex","BA (Hons)  Language Studies","BA","https://www.essex.ac.uk/courses/UG00230/1/BA-Language-Studies","undergraduate/ug00230-1-ba-language-studies.md","undergraduate","{
  ""courseName"": ""BA (Hons)  Language Studies"",
  ""courseUrlExternal"": ""https://www.essex.ac.uk/courses/UG00230/1/BA-Language-Studies"",
  ""degreeName"": ""BA"",
  ""level"": """",
  ""studyMode"": """",
  ""award"": """",
  ""intakeInfo"": ""October 2026"",
  ""courseDuration"": ""3 years"",
  ""tuitionFee"": """",
  ""currency"": """",
  ""ieltsMinOverall"": """",
  ""ieltsMinSection"": """"
}","","","","undergraduate/ug00230-1-ba-language-studies.md","","","","","","","",""
"University of Essex","BA (Hons)  Latin American Studies with Business Management","BA","https://www.essex.ac.uk/courses/UG00232/1/BA-Latin-American-Studies-with-Business-Management","undergraduate/ug00232-1-ba-latin-american-studies-with-business-management.md","undergraduate","{
  ""courseName"": ""BA (Hons)  Latin American Studies with Business Management"",
  ""courseUrlExternal"": ""https://www.essex.ac.uk/courses/UG00232/1/BA-Latin-American-Studies-with-Business-Management"",
  ""degreeName"": ""BA"",
  ""level"": """",
  ""studyMode"": """",
  ""award"": """",
  ""intakeInfo"": ""October 2026"",
  ""courseDuration"": ""4 years"",
  ""tuitionFee"": """",
  ""currency"": """",
  ""ieltsMinOverall"": """",
  ""ieltsMinSection"": """"
}","","","","undergraduate/ug00232-1-ba-latin-american-studies-with-business-management.md","","","","","","","",""
"University of Essex","BA (Hons)  Latin American Studies with Human Rights","BA","https://www.essex.ac.uk/courses/UG00234/1/BA-Latin-American-Studies-with-Human-Rights","undergraduate/ug00234-1-ba-latin-american-studies-with-human-rights.md","undergraduate","{
  ""courseName"": ""BA (Hons)  Latin American Studies with Human Rights"",
  ""courseUrlExternal"": ""https://www.essex.ac.uk/courses/UG00234/1/BA-Latin-American-Studies-with-Human-Rights"",
  ""degreeName"": ""BA"",
  ""level"": """",
  ""studyMode"": """",
  ""award"": """",
  ""intakeInfo"": ""October 2026"",
  ""courseDuration"": ""4 years"",
  ""tuitionFee"": """",
  ""currency"": """",
  ""ieltsMinOverall"": """",
  ""ieltsMinSection"": """"
}","","","","undergraduate/ug00234-1-ba-latin-american-studies-with-human-rights.md","","","","","","","",""
"University of Essex","BA (Hons)  Liberal Arts","BA","https://www.essex.ac.uk/courses/UG00239/1/BA-Liberal-Arts","undergraduate/ug00239-1-ba-liberal-arts.md","undergraduate","{
  ""courseName"": ""BA (Hons)  Liberal Arts"",
  ""courseUrlExternal"": ""https://www.essex.ac.uk/courses/UG00239/1/BA-Liberal-Arts"",
  ""degreeName"": ""BA"",
  ""level"": """",
  ""studyMode"": """",
  ""award"": """",
  ""intakeInfo"": ""October 2026"",
  ""courseDuration"": ""3 years"",
  ""tuitionFee"": """",
  ""currency"": """",
  ""ieltsMinOverall"": """",
  ""ieltsMinSection"": """"
}","","","","undergraduate/ug00239-1-ba-liberal-arts.md","","","","","","","",""
"University of Essex","BA (Hons)  Linguistics","BA","https://www.essex.ac.uk/courses/UG00241/1/BA-Linguistics","undergraduate/ug00241-1-ba-linguistics.md","undergraduate","{
  ""courseName"": ""BA (Hons)  Linguistics"",
  ""courseUrlExternal"": ""https://www.essex.ac.uk/courses/UG00241/1/BA-Linguistics"",
  ""degreeName"": ""BA"",
  ""level"": """",
  ""studyMode"": """",
  ""award"": """",
  ""intakeInfo"": ""October 2026"",
  ""courseDuration"": ""3 years"",
  ""tuitionFee"": """",
  ""currency"": """",
  ""ieltsMinOverall"": """",
  ""ieltsMinSection"": """"
}","","","","undergraduate/ug00241-1-ba-linguistics.md","","","","","","","",""
"University of Essex","Integrated Master in Literature: Literature","","https://www.essex.ac.uk/courses/UG00247/1/Integrated-Master-in-Literature-Literature","undergraduate/ug00247-1-integrated-master-in-literature-literature.md","undergraduate","{
  ""courseName"": ""Integrated Master in Literature: Literature"",
  ""courseUrlExternal"": ""https://www.essex.ac.uk/courses/UG00247/1/Integrated-Master-in-Literature-Literature"",
  ""degreeName"": """",
  ""level"": """",
  ""studyMode"": """",
  ""award"": """",
  ""intakeInfo"": ""October 2026"",
  ""courseDuration"": ""4 years"",
  ""tuitionFee"": """",
  ""currency"": """",
  ""ieltsMinOverall"": """",
  ""ieltsMinSection"": """"
}","","","","undergraduate/ug00247-1-integrated-master-in-literature-literature.md","","","","","","","",""
"University of Essex","BSc (Hons)  Marketing Management","BSc","https://www.essex.ac.uk/courses/UG00256/1/BSc-Marketing-Management","undergraduate/ug00256-1-bsc-marketing-management.md","undergraduate","{
  ""courseName"": ""BSc (Hons)  Marketing Management"",
  ""courseUrlExternal"": ""https://www.essex.ac.uk/courses/UG00256/1/BSc-Marketing-Management"",
  ""degreeName"": ""BSc"",
  ""level"": """",
  ""studyMode"": """",
  ""award"": """",
  ""intakeInfo"": ""October 2026"",
  ""courseDuration"": ""3 years"",
  ""tuitionFee"": """",
  ""currency"": """",
  ""ieltsMinOverall"": """",
  ""ieltsMinSection"": """"
}","","","","undergraduate/ug00256-1-bsc-marketing-management.md","","","","","","","",""
"University of Essex","BA (Hons)  Management Economics","BA","https://www.essex.ac.uk/courses/UG00258/1/BA-Management-Economics","undergraduate/ug00258-1-ba-management-economics.md","undergraduate","{
  ""courseName"": ""BA (Hons)  Management Economics"",
  ""courseUrlExternal"": ""https://www.essex.ac.uk/courses/UG00258/1/BA-Management-Economics"",
  ""degreeName"": ""BA"",
  ""level"": """",
  ""studyMode"": """",
  ""award"": """",
  ""intakeInfo"": ""October 2026"",
  ""courseDuration"": ""3 years"",
  ""tuitionFee"": """",
  ""currency"": """",
  ""ieltsMinOverall"": """",
  ""ieltsMinSection"": """"
}","","","","undergraduate/ug00258-1-ba-management-economics.md","","","","","","","",""
"University of Essex","BSc (Hons)  Management Economics","BSc","https://www.essex.ac.uk/courses/UG00258/3/BSc-Management-Economics","undergraduate/ug00258-3-bsc-management-economics.md","undergraduate","{
  ""courseName"": ""BSc (Hons)  Management Economics"",
  ""courseUrlExternal"": ""https://www.essex.ac.uk/courses/UG00258/3/BSc-Management-Economics"",
  ""degreeName"": ""BSc"",
  ""level"": """",
  ""studyMode"": """",
  ""award"": """",
  ""intakeInfo"": ""October 2026"",
  ""courseDuration"": ""3 years"",
  ""tuitionFee"": """",
  ""currency"": """",
  ""ieltsMinOverall"": """",
  ""ieltsMinSection"": """"
}","","","","undergraduate/ug00258-3-bsc-management-economics.md","","","","","","","",""
"University of Essex","BSc (Hons)  Marine Biology","BSc","https://www.essex.ac.uk/courses/UG00263/1/BSc-Marine-Biology","undergraduate/ug00263-1-bsc-marine-biology.md","undergraduate","{
  ""courseName"": ""BSc (Hons)  Marine Biology"",
  ""courseUrlExternal"": ""https://www.essex.ac.uk/courses/UG00263/1/BSc-Marine-Biology"",
  ""degreeName"": ""BSc"",
  ""level"": """",
  ""studyMode"": """",
  ""award"": """",
  ""intakeInfo"": ""October 2026"",
  ""courseDuration"": ""3 years"",
  ""tuitionFee"": """",
  ""currency"": """",
  ""ieltsMinOverall"": """",
  ""ieltsMinSection"": """"
}","","","","undergraduate/ug00263-1-bsc-marine-biology.md","","","","","","","",""
"University of Essex","BSc (Hons)  Marketing","BSc","https://www.essex.ac.uk/courses/UG00264/1/BSc-Marketing","undergraduate/ug00264-1-bsc-marketing.md","undergraduate","{
  ""courseName"": ""BSc (Hons)  Marketing"",
  ""courseUrlExternal"": ""https://www.essex.ac.uk/courses/UG00264/1/BSc-Marketing"",
  ""degreeName"": ""BSc"",
  ""level"": """",
  ""studyMode"": """",
  ""award"": """",
  ""intakeInfo"": ""October 2026"",
  ""courseDuration"": ""3 years"",
  ""tuitionFee"": """",
  ""currency"": """",
  ""ieltsMinOverall"": """",
  ""ieltsMinSection"": """"
}","","","","undergraduate/ug00264-1-bsc-marketing.md","","","","","","","",""
"University of Essex","BSc (Hons)  Mathematics","BSc","https://www.essex.ac.uk/courses/UG00269/1/BSc-Mathematics","undergraduate/ug00269-1-bsc-mathematics.md","undergraduate","{
  ""courseName"": ""BSc (Hons)  Mathematics"",
  ""courseUrlExternal"": ""https://www.essex.ac.uk/courses/UG00269/1/BSc-Mathematics"",
  ""degreeName"": ""BSc"",
  ""level"": """",
  ""studyMode"": """",
  ""award"": """",
  ""intakeInfo"": ""October 2026"",
  ""courseDuration"": ""3 years"",
  ""tuitionFee"": """",
  ""currency"": """",
  ""ieltsMinOverall"": """",
  ""ieltsMinSection"": """"
}","","","","undergraduate/ug00269-1-bsc-mathematics.md","","","","","","","",""
"University of Essex","BA (Hons)  Media and Digital Culture","BA","https://www.essex.ac.uk/courses/UG00289/1/BA-Media-and-Digital-Culture","undergraduate/ug00289-1-ba-media-and-digital-culture.md","undergraduate","{
  ""courseName"": ""BA (Hons)  Media and Digital Culture"",
  ""courseUrlExternal"": ""https://www.essex.ac.uk/courses/UG00289/1/BA-Media-and-Digital-Culture"",
  ""degreeName"": ""BA"",
  ""level"": """",
  ""studyMode"": """",
  ""award"": """",
  ""intakeInfo"": ""October 2026"",
  ""courseDuration"": ""3 years"",
  ""tuitionFee"": """",
  ""currency"": """",
  ""ieltsMinOverall"": """",
  ""ieltsMinSection"": """"
}","","","","undergraduate/ug00289-1-ba-media-and-digital-culture.md","","","","","","","",""
"University of Essex","BA (Hons)  Modern History","BA","https://www.essex.ac.uk/courses/UG00291/1/BA-Modern-History","undergraduate/ug00291-1-ba-modern-history.md","undergraduate","{
  ""courseName"": ""BA (Hons)  Modern History"",
  ""courseUrlExternal"": ""https://www.essex.ac.uk/courses/UG00291/1/BA-Modern-History"",
  ""degreeName"": ""BA"",
  ""level"": """",
  ""studyMode"": """",
  ""award"": """",
  ""intakeInfo"": ""October 2026"",
  ""courseDuration"": ""3 years"",
  ""tuitionFee"": """",
  ""currency"": """",
  ""ieltsMinOverall"": """",
  ""ieltsMinSection"": """"
}","","","","undergraduate/ug00291-1-ba-modern-history.md","","","","","","","",""
"University of Essex","BA (Hons)  Modern History and International Relations","BA","https://www.essex.ac.uk/courses/UG00292/1/BA-Modern-History-and-International-Relations","undergraduate/ug00292-1-ba-modern-history-and-international-relations.md","undergraduate","{
  ""courseName"": ""BA (Hons)  Modern History and International Relations"",
  ""courseUrlExternal"": ""https://www.essex.ac.uk/courses/UG00292/1/BA-Modern-History-and-International-Relations"",
  ""degreeName"": ""BA"",
  ""level"": """",
  ""studyMode"": """",
  ""award"": """",
  ""intakeInfo"": ""October 2026"",
  ""courseDuration"": ""3 years"",
  ""tuitionFee"": """",
  ""currency"": """",
  ""ieltsMinOverall"": """",
  ""ieltsMinSection"": """"
}","","","","undergraduate/ug00292-1-ba-modern-history-and-international-relations.md","","","","","","","",""
"University of Essex","BA (Hons)  Modern History and Politics","BA","https://www.essex.ac.uk/courses/UG00293/1/BA-Modern-History-and-Politics","undergraduate/ug00293-1-ba-modern-history-and-politics.md","undergraduate","{
  ""courseName"": ""BA (Hons)  Modern History and Politics"",
  ""courseUrlExternal"": ""https://www.essex.ac.uk/courses/UG00293/1/BA-Modern-History-and-Politics"",
  ""degreeName"": ""BA"",
  ""level"": """",
  ""studyMode"": """",
  ""award"": """",
  ""intakeInfo"": ""October 2026"",
  ""courseDuration"": ""3 years"",
  ""tuitionFee"": """",
  ""currency"": """",
  ""ieltsMinOverall"": """",
  ""ieltsMinSection"": """"
}","","","","undergraduate/ug00293-1-ba-modern-history-and-politics.md","","","","","","","",""
"University of Essex","BA (Hons)  Modern Languages","BA","https://www.essex.ac.uk/courses/UG00294/1/BA-Modern-Languages","undergraduate/ug00294-1-ba-modern-languages.md","undergraduate","{
  ""courseName"": ""BA (Hons)  Modern Languages"",
  ""courseUrlExternal"": ""https://www.essex.ac.uk/courses/UG00294/1/BA-Modern-Languages"",
  ""degreeName"": ""BA"",
  ""level"": """",
  ""studyMode"": """",
  ""award"": """",
  ""intakeInfo"": ""October 2026"",
  ""courseDuration"": ""4 years"",
  ""tuitionFee"": """",
  ""currency"": """",
  ""ieltsMinOverall"": """",
  ""ieltsMinSection"": """"
}","","","","undergraduate/ug00294-1-ba-modern-languages.md","","","","","","","",""
"University of Essex","BA (Hons)  Modern Languages and Linguistics","BA","https://www.essex.ac.uk/courses/UG00296/1/BA-Modern-Languages-and-Linguistics","undergraduate/ug00296-1-ba-modern-languages-and-linguistics.md","undergraduate","{
  ""courseName"": ""BA (Hons)  Modern Languages and Linguistics"",
  ""courseUrlExternal"": ""https://www.essex.ac.uk/courses/UG00296/1/BA-Modern-Languages-and-Linguistics"",
  ""degreeName"": ""BA"",
  ""level"": """",
  ""studyMode"": """",
  ""award"": """",
  ""intakeInfo"": ""October 2026"",
  ""courseDuration"": ""4 years"",
  ""tuitionFee"": """",
  ""currency"": """",
  ""ieltsMinOverall"": """",
  ""ieltsMinSection"": """"
}","","","","undergraduate/ug00296-1-ba-modern-languages-and-linguistics.md","","","","","","","",""
"University of Essex","BA (Hons)  Modern Languages and Teaching English as a Foreign Language","BA","https://www.essex.ac.uk/courses/UG00297/1/BA-Modern-Languages-and-Teaching-English-as-a-Foreign-Language","undergraduate/ug00297-1-ba-modern-languages-and-teaching-english-as-a-foreign-language.md","undergraduate","{
  ""courseName"": ""BA (Hons)  Modern Languages and Teaching English as a Foreign Language"",
  ""courseUrlExternal"": ""https://www.essex.ac.uk/courses/UG00297/1/BA-Modern-Languages-and-Teaching-English-as-a-Foreign-Language"",
  ""degreeName"": ""BA"",
  ""level"": """",
  ""studyMode"": """",
  ""award"": """",
  ""intakeInfo"": ""October 2026"",
  ""courseDuration"": ""4 years"",
  ""tuitionFee"": """",
  ""currency"": """",
  ""ieltsMinOverall"": """",
  ""ieltsMinSection"": """"
}","","","","undergraduate/ug00297-1-ba-modern-languages-and-teaching-english-as-a-foreign-language.md","","","","","","","",""
"University of Essex","BSc (Hons)  Nursing (Adult)","BSc","https://www.essex.ac.uk/courses/UG00315/2/BSc-Nursing-Adult","undergraduate/ug00315-2-bsc-nursing-adult.md","undergraduate","{
  ""courseName"": ""BSc (Hons)  Nursing (Adult)"",
  ""courseUrlExternal"": ""https://www.essex.ac.uk/courses/UG00315/2/BSc-Nursing-Adult"",
  ""degreeName"": ""BSc"",
  ""level"": """",
  ""studyMode"": """",
  ""award"": """",
  ""intakeInfo"": ""October 2026"",
  ""courseDuration"": ""4 years"",
  ""tuitionFee"": """",
  ""currency"": """",
  ""ieltsMinOverall"": """",
  ""ieltsMinSection"": """"
}","","","","undergraduate/ug00315-2-bsc-nursing-adult.md","","","","","","","",""
"University of Essex","BSc (Hons)  Nursing","BSc","https://www.essex.ac.uk/courses/UG00316/1/BSc-Nursing-Mental-Health","undergraduate/ug00316-1-bsc-nursing-mental-health.md","undergraduate","{
  ""courseName"": ""BSc (Hons)  Nursing"",
  ""courseUrlExternal"": ""https://www.essex.ac.uk/courses/UG00316/1/BSc-Nursing-Mental-Health"",
  ""degreeName"": ""BSc"",
  ""level"": """",
  ""studyMode"": """",
  ""award"": """",
  ""intakeInfo"": ""October 2026"",
  ""courseDuration"": ""3 years"",
  ""tuitionFee"": """",
  ""currency"": """",
  ""ieltsMinOverall"": """",
  ""ieltsMinSection"": """"
}","","","","undergraduate/ug00316-1-bsc-nursing-mental-health.md","","","","","","","",""
"University of Essex","BSc (Hons)  Nursing (Mental Health)","BSc","https://www.essex.ac.uk/courses/UG00316/2/BSc-Nursing-Mental-Health","undergraduate/ug00316-2-bsc-nursing-mental-health.md","undergraduate","{
  ""courseName"": ""BSc (Hons)  Nursing (Mental Health)"",
  ""courseUrlExternal"": ""https://www.essex.ac.uk/courses/UG00316/2/BSc-Nursing-Mental-Health"",
  ""degreeName"": ""BSc"",
  ""level"": """",
  ""studyMode"": """",
  ""award"": """",
  ""intakeInfo"": ""October 2026"",
  ""courseDuration"": ""4 years"",
  ""tuitionFee"": """",
  ""currency"": """",
  ""ieltsMinOverall"": """",
  ""ieltsMinSection"": """"
}","","","","undergraduate/ug00316-2-bsc-nursing-mental-health.md","","","","","","","",""
"University of Essex","BSc (Hons)  Occupational Therapy","BSc","https://www.essex.ac.uk/courses/UG00318/2/BSc-Occupational-Therapy","undergraduate/ug00318-2-bsc-occupational-therapy.md","undergraduate","{
  ""courseName"": ""BSc (Hons)  Occupational Therapy"",
  ""courseUrlExternal"": ""https://www.essex.ac.uk/courses/UG00318/2/BSc-Occupational-Therapy"",
  ""degreeName"": ""BSc"",
  ""level"": """",
  ""studyMode"": """",
  ""award"": """",
  ""intakeInfo"": ""October 2026"",
  ""courseDuration"": ""3 years"",
  ""tuitionFee"": """",
  ""currency"": """",
  ""ieltsMinOverall"": """",
  ""ieltsMinSection"": """"
}","","","","undergraduate/ug00318-2-bsc-occupational-therapy.md","","","","","","","",""
"University of Essex","BA (Hons)  Philosophy","BA","https://www.essex.ac.uk/courses/UG00321/1/BA-Philosophy","undergraduate/ug00321-1-ba-philosophy.md","undergraduate","{
  ""courseName"": ""BA (Hons)  Philosophy"",
  ""courseUrlExternal"": ""https://www.essex.ac.uk/courses/UG00321/1/BA-Philosophy"",
  ""degreeName"": ""BA"",
  ""level"": """",
  ""studyMode"": """",
  ""award"": """",
  ""intakeInfo"": ""October 2026"",
  ""courseDuration"": ""3 years"",
  ""tuitionFee"": """",
  ""currency"": """",
  ""ieltsMinOverall"": """",
  ""ieltsMinSection"": """"
}","","","","undergraduate/ug00321-1-ba-philosophy.md","","","","","","","",""
"University of Essex","Integrated Master in Philosophy: Philosophy","","https://www.essex.ac.uk/courses/UG00321/3/Integrated-Master-in-Philosophy-Philosophy","undergraduate/ug00321-3-integrated-master-in-philosophy-philosophy.md","undergraduate","{
  ""courseName"": ""Integrated Master in Philosophy: Philosophy"",
  ""courseUrlExternal"": ""https://www.essex.ac.uk/courses/UG00321/3/Integrated-Master-in-Philosophy-Philosophy"",
  ""degreeName"": """",
  ""level"": """",
  ""studyMode"": """",
  ""award"": """",
  ""intakeInfo"": ""October 2026"",
  ""courseDuration"": ""4 years"",
  ""tuitionFee"": """",
  ""currency"": """",
  ""ieltsMinOverall"": """",
  ""ieltsMinSection"": """"
}","","","","undergraduate/ug00321-3-integrated-master-in-philosophy-philosophy.md","","","","","","","",""
"University of Essex","BA (Hons)  Philosophy and Art History","BA","https://www.essex.ac.uk/courses/UG00322/1/BA-Philosophy-and-Art-History","undergraduate/ug00322-1-ba-philosophy-and-art-history.md","undergraduate","{
  ""courseName"": ""BA (Hons)  Philosophy and Art History"",
  ""courseUrlExternal"": ""https://www.essex.ac.uk/courses/UG00322/1/BA-Philosophy-and-Art-History"",
  ""degreeName"": ""BA"",
  ""level"": """",
  ""studyMode"": """",
  ""award"": """",
  ""intakeInfo"": ""October 2026"",
  ""courseDuration"": ""3 years"",
  ""tuitionFee"": """",
  ""currency"": """",
  ""ieltsMinOverall"": """",
  ""ieltsMinSection"": """"
}","","","","undergraduate/ug00322-1-ba-philosophy-and-art-history.md","","","","","","","",""
"University of Essex","BA (Hons)  Philosophy and History","BA","https://www.essex.ac.uk/courses/UG00325/1/BA-Philosophy-and-History","undergraduate/ug00325-1-ba-philosophy-and-history.md","undergraduate","{
  ""courseName"": ""BA (Hons)  Philosophy and History"",
  ""courseUrlExternal"": ""https://www.essex.ac.uk/courses/UG00325/1/BA-Philosophy-and-History"",
  ""degreeName"": ""BA"",
  ""level"": """",
  ""studyMode"": """",
  ""award"": """",
  ""intakeInfo"": ""October 2026"",
  ""courseDuration"": ""3 years"",
  ""tuitionFee"": """",
  ""currency"": """",
  ""ieltsMinOverall"": """",
  ""ieltsMinSection"": """"
}","","","","undergraduate/ug00325-1-ba-philosophy-and-history.md","","","","","","","",""
"University of Essex","BA (Hons)  Philosophy and Law","BA","https://www.essex.ac.uk/courses/UG00326/1/BA-Philosophy-and-Law","undergraduate/ug00326-1-ba-philosophy-and-law.md","undergraduate","{
  ""courseName"": ""BA (Hons)  Philosophy and Law"",
  ""courseUrlExternal"": ""https://www.essex.ac.uk/courses/UG00326/1/BA-Philosophy-and-Law"",
  ""degreeName"": ""BA"",
  ""level"": """",
  ""studyMode"": """",
  ""award"": """",
  ""intakeInfo"": ""October 2026"",
  ""courseDuration"": ""3 years"",
  ""tuitionFee"": """",
  ""currency"": """",
  ""ieltsMinOverall"": """",
  ""ieltsMinSection"": """"
}","","","","undergraduate/ug00326-1-ba-philosophy-and-law.md","","","","","","","",""
"University of Essex","BA (Hons)  Philosophy and Literature","BA","https://www.essex.ac.uk/courses/UG00327/1/BA-Philosophy-and-Literature","undergraduate/ug00327-1-ba-philosophy-and-literature.md","undergraduate","{
  ""courseName"": ""BA (Hons)  Philosophy and Literature"",
  ""courseUrlExternal"": ""https://www.essex.ac.uk/courses/UG00327/1/BA-Philosophy-and-Literature"",
  ""degreeName"": ""BA"",
  ""level"": """",
  ""studyMode"": """",
  ""award"": """",
  ""intakeInfo"": ""October 2026"",
  ""courseDuration"": ""3 years"",
  ""tuitionFee"": """",
  ""currency"": """",
  ""ieltsMinOverall"": """",
  ""ieltsMinSection"": """"
}","","","","undergraduate/ug00327-1-ba-philosophy-and-literature.md","","","","","","","",""
"University of Essex","BA (Hons)  Philosophy and Politics","BA","https://www.essex.ac.uk/courses/UG00330/1/BA-Philosophy-and-Politics","undergraduate/ug00330-1-ba-philosophy-and-politics.md","undergraduate","{
  ""courseName"": ""BA (Hons)  Philosophy and Politics"",
  ""courseUrlExternal"": ""https://www.essex.ac.uk/courses/UG00330/1/BA-Philosophy-and-Politics"",
  ""degreeName"": ""BA"",
  ""level"": """",
  ""studyMode"": """",
  ""award"": """",
  ""intakeInfo"": ""October 2026"",
  ""courseDuration"": ""3 years"",
  ""tuitionFee"": """",
  ""currency"": """",
  ""ieltsMinOverall"": """",
  ""ieltsMinSection"": """"
}","","","","undergraduate/ug00330-1-ba-philosophy-and-politics.md","","","","","","","",""
"University of Essex","BA (Hons)  Philosophy and Sociology","BA","https://www.essex.ac.uk/courses/UG00331/1/BA-Philosophy-and-Sociology","undergraduate/ug00331-1-ba-philosophy-and-sociology.md","undergraduate","{
  ""courseName"": ""BA (Hons)  Philosophy and Sociology"",
  ""courseUrlExternal"": ""https://www.essex.ac.uk/courses/UG00331/1/BA-Philosophy-and-Sociology"",
  ""degreeName"": ""BA"",
  ""level"": """",
  ""studyMode"": """",
  ""award"": """",
  ""intakeInfo"": ""October 2026"",
  ""courseDuration"": ""3 years"",
  ""tuitionFee"": """",
  ""currency"": """",
  ""ieltsMinOverall"": """",
  ""ieltsMinSection"": """"
}","","","","undergraduate/ug00331-1-ba-philosophy-and-sociology.md","","","","","","","",""
"University of Essex","BA (Hons)  Philosophy with Human Rights","BA","https://www.essex.ac.uk/courses/UG00332/1/BA-Philosophy-with-Human-Rights","undergraduate/ug00332-1-ba-philosophy-with-human-rights.md","undergraduate","{
  ""courseName"": ""BA (Hons)  Philosophy with Human Rights"",
  ""courseUrlExternal"": ""https://www.essex.ac.uk/courses/UG00332/1/BA-Philosophy-with-Human-Rights"",
  ""degreeName"": ""BA"",
  ""level"": """",
  ""studyMode"": """",
  ""award"": """",
  ""intakeInfo"": ""October 2026"",
  ""courseDuration"": ""3 years"",
  ""tuitionFee"": """",
  ""currency"": """",
  ""ieltsMinOverall"": """",
  ""ieltsMinSection"": """"
}","","","","undergraduate/ug00332-1-ba-philosophy-with-human-rights.md","","","","","","","",""
"University of Essex","BA (Hons)  Philosophy, Politics and Economics","BA","https://www.essex.ac.uk/courses/UG00334/1/BA-Philosophy-Politics-and-Economics","undergraduate/ug00334-1-ba-philosophy-politics-and-economics.md","undergraduate","{
  ""courseName"": ""BA (Hons)  Philosophy, Politics and Economics"",
  ""courseUrlExternal"": ""https://www.essex.ac.uk/courses/UG00334/1/BA-Philosophy-Politics-and-Economics"",
  ""degreeName"": ""BA"",
  ""level"": """",
  ""studyMode"": """",
  ""award"": """",
  ""intakeInfo"": ""October 2026"",
  ""courseDuration"": ""3 years"",
  ""tuitionFee"": """",
  ""currency"": """",
  ""ieltsMinOverall"": """",
  ""ieltsMinSection"": """"
}","","","","undergraduate/ug00334-1-ba-philosophy-politics-and-economics.md","","","","","","","",""
"University of Essex","BA (Hons)  Philosophy, Religion and Ethics","BA","https://www.essex.ac.uk/courses/UG00335/1/BA-Philosophy-Religion-and-Ethics","undergraduate/ug00335-1-ba-philosophy-religion-and-ethics.md","undergraduate","{
  ""courseName"": ""BA (Hons)  Philosophy, Religion and Ethics"",
  ""courseUrlExternal"": ""https://www.essex.ac.uk/courses/UG00335/1/BA-Philosophy-Religion-and-Ethics"",
  ""degreeName"": ""BA"",
  ""level"": """",
  ""studyMode"": """",
  ""award"": """",
  ""intakeInfo"": ""October 2026"",
  ""courseDuration"": ""3 years"",
  ""tuitionFee"": """",
  ""currency"": """",
  ""ieltsMinOverall"": """",
  ""ieltsMinSection"": """"
}","","","","undergraduate/ug00335-1-ba-philosophy-religion-and-ethics.md","","","","","","","",""
"University of Essex","BA (Hons)  Acting and Physical Theatre","BA","https://www.essex.ac.uk/courses/UG00337/1/BA-Acting-and-Physical-Theatre","undergraduate/ug00337-1-ba-acting-and-physical-theatre.md","undergraduate","{
  ""courseName"": ""BA (Hons)  Acting and Physical Theatre"",
  ""courseUrlExternal"": ""https://www.essex.ac.uk/courses/UG00337/1/BA-Acting-and-Physical-Theatre"",
  ""degreeName"": ""BA"",
  ""level"": """",
  ""studyMode"": """",
  ""award"": """",
  ""intakeInfo"": ""October 2026"",
  ""courseDuration"": ""3 years"",
  ""tuitionFee"": """",
  ""currency"": """",
  ""ieltsMinOverall"": """",
  ""ieltsMinSection"": """"
}","","","","undergraduate/ug00337-1-ba-acting-and-physical-theatre.md","","","","","","","",""
"University of Essex","BSc (Hons)  Physiotherapy","BSc","https://www.essex.ac.uk/courses/UG00339/2/BSc-Physiotherapy","undergraduate/ug00339-2-bsc-physiotherapy.md","undergraduate","{
  ""courseName"": ""BSc (Hons)  Physiotherapy"",
  ""courseUrlExternal"": ""https://www.essex.ac.uk/courses/UG00339/2/BSc-Physiotherapy"",
  ""degreeName"": ""BSc"",
  ""level"": """",
  ""studyMode"": """",
  ""award"": """",
  ""intakeInfo"": ""October 2026"",
  ""courseDuration"": ""3 years"",
  ""tuitionFee"": """",
  ""currency"": """",
  ""ieltsMinOverall"": """",
  ""ieltsMinSection"": """"
}","","","","undergraduate/ug00339-2-bsc-physiotherapy.md","","","","","","","",""
"University of Essex","BA (Hons)  Politics","BA","https://www.essex.ac.uk/courses/UG00343/1/BA-Politics","undergraduate/ug00343-1-ba-politics.md","undergraduate","{
  ""courseName"": ""BA (Hons)  Politics"",
  ""courseUrlExternal"": ""https://www.essex.ac.uk/courses/UG00343/1/BA-Politics"",
  ""degreeName"": ""BA"",
  ""level"": """",
  ""studyMode"": """",
  ""award"": """",
  ""intakeInfo"": ""October 2026"",
  ""courseDuration"": ""3 years"",
  ""tuitionFee"": """",
  ""currency"": """",
  ""ieltsMinOverall"": """",
  ""ieltsMinSection"": """"
}","","","","undergraduate/ug00343-1-ba-politics.md","","","","","","","",""
"University of Essex","BA (Hons)  Psychology","BA","https://www.essex.ac.uk/courses/UG00361/1/BA-Psychology","undergraduate/ug00361-1-ba-psychology.md","undergraduate","{
  ""courseName"": ""BA (Hons)  Psychology"",
  ""courseUrlExternal"": ""https://www.essex.ac.uk/courses/UG00361/1/BA-Psychology"",
  ""degreeName"": ""BA"",
  ""level"": """",
  ""studyMode"": """",
  ""award"": """",
  ""intakeInfo"": ""October 2026"",
  ""courseDuration"": ""3 years"",
  ""tuitionFee"": """",
  ""currency"": """",
  ""ieltsMinOverall"": """",
  ""ieltsMinSection"": """"
}","","","","undergraduate/ug00361-1-ba-psychology.md","","","","","","","",""
"University of Essex","BSc (Hons)  Psychology","BSc","https://www.essex.ac.uk/courses/UG00361/2/BSc-Psychology","undergraduate/ug00361-2-bsc-psychology.md","undergraduate","{
  ""courseName"": ""BSc (Hons)  Psychology"",
  ""courseUrlExternal"": ""https://www.essex.ac.uk/courses/UG00361/2/BSc-Psychology"",
  ""degreeName"": ""BSc"",
  ""level"": """",
  ""studyMode"": """",
  ""award"": """",
  ""intakeInfo"": ""October 2026"",
  ""courseDuration"": ""3 years"",
  ""tuitionFee"": """",
  ""currency"": """",
  ""ieltsMinOverall"": """",
  ""ieltsMinSection"": """"
}","","","","undergraduate/ug00361-2-bsc-psychology.md","","","","","","","",""
"University of Essex","BSc (Hons)  Psychology with Cognitive Neuroscience","BSc","https://www.essex.ac.uk/courses/UG00362/1/BSc-Psychology-with-Cognitive-Neuroscience","undergraduate/ug00362-1-bsc-psychology-with-cognitive-neuroscience.md","undergraduate","{
  ""courseName"": ""BSc (Hons)  Psychology with Cognitive Neuroscience"",
  ""courseUrlExternal"": ""https://www.essex.ac.uk/courses/UG00362/1/BSc-Psychology-with-Cognitive-Neuroscience"",
  ""degreeName"": ""BSc"",
  ""level"": """",
  ""studyMode"": """",
  ""award"": """",
  ""intakeInfo"": ""October 2026"",
  ""courseDuration"": ""3 years"",
  ""tuitionFee"": """",
  ""currency"": """",
  ""ieltsMinOverall"": """",
  ""ieltsMinSection"": """"
}","","","","undergraduate/ug00362-1-bsc-psychology-with-cognitive-neuroscience.md","","","","","","","",""
"University of Essex","BA (Hons)  Sociology with Social Psychology","BA","https://www.essex.ac.uk/courses/UG00372/1/BA-Sociology-with-Social-Psychology","undergraduate/ug00372-1-ba-sociology-with-social-psychology.md","undergraduate","{
  ""courseName"": ""BA (Hons)  Sociology with Social Psychology"",
  ""courseUrlExternal"": ""https://www.essex.ac.uk/courses/UG00372/1/BA-Sociology-with-Social-Psychology"",
  ""degreeName"": ""BA"",
  ""level"": """",
  ""studyMode"": """",
  ""award"": """",
  ""intakeInfo"": ""October 2026"",
  ""courseDuration"": ""3 years"",
  ""tuitionFee"": """",
  ""currency"": """",
  ""ieltsMinOverall"": """",
  ""ieltsMinSection"": """"
}","","","","undergraduate/ug00372-1-ba-sociology-with-social-psychology.md","","","","","","","",""
"University of Essex","BA (Hons)  Social Work","BA","https://www.essex.ac.uk/courses/UG00375/1/BA-Social-Work","undergraduate/ug00375-1-ba-social-work.md","undergraduate","{
  ""courseName"": ""BA (Hons)  Social Work"",
  ""courseUrlExternal"": ""https://www.essex.ac.uk/courses/UG00375/1/BA-Social-Work"",
  ""degreeName"": ""BA"",
  ""level"": """",
  ""studyMode"": """",
  ""award"": """",
  ""intakeInfo"": ""October 2026"",
  ""courseDuration"": ""3 years"",
  ""tuitionFee"": """",
  ""currency"": """",
  ""ieltsMinOverall"": """",
  ""ieltsMinSection"": """"
}","","","","undergraduate/ug00375-1-ba-social-work.md","","","","","","","",""
"University of Essex","BA (Hons)  Sociology","BA","https://www.essex.ac.uk/courses/UG00378/1/BA-Sociology","undergraduate/ug00378-1-ba-sociology.md","undergraduate","{
  ""courseName"": ""BA (Hons)  Sociology"",
  ""courseUrlExternal"": ""https://www.essex.ac.uk/courses/UG00378/1/BA-Sociology"",
  ""degreeName"": ""BA"",
  ""level"": """",
  ""studyMode"": """",
  ""award"": """",
  ""intakeInfo"": ""October 2026"",
  ""courseDuration"": ""3 years"",
  ""tuitionFee"": """",
  ""currency"": """",
  ""ieltsMinOverall"": """",
  ""ieltsMinSection"": """"
}","","","","undergraduate/ug00378-1-ba-sociology.md","","","","","","","",""
"University of Essex","BA (Hons)  Sociology and Criminology","BA","https://www.essex.ac.uk/courses/UG00379/1/BA-Sociology-and-Criminology","undergraduate/ug00379-1-ba-sociology-and-criminology.md","undergraduate","{
  ""courseName"": ""BA (Hons)  Sociology and Criminology"",
  ""courseUrlExternal"": ""https://www.essex.ac.uk/courses/UG00379/1/BA-Sociology-and-Criminology"",
  ""degreeName"": ""BA"",
  ""level"": """",
  ""studyMode"": """",
  ""award"": """",
  ""intakeInfo"": ""October 2026"",
  ""courseDuration"": ""3 years"",
  ""tuitionFee"": """",
  ""currency"": """",
  ""ieltsMinOverall"": """",
  ""ieltsMinSection"": """"
}","","","","undergraduate/ug00379-1-ba-sociology-and-criminology.md","","","","","","","",""
"University of Essex","BSc (Hons)  Sports and Exercise Science","BSc","https://www.essex.ac.uk/courses/UG00399/1/BSc-Sports-and-Exercise-Science","undergraduate/ug00399-1-bsc-sports-and-exercise-science.md","undergraduate","{
  ""courseName"": ""BSc (Hons)  Sports and Exercise Science"",
  ""courseUrlExternal"": ""https://www.essex.ac.uk/courses/UG00399/1/BSc-Sports-and-Exercise-Science"",
  ""degreeName"": ""BSc"",
  ""level"": """",
  ""studyMode"": """",
  ""award"": """",
  ""intakeInfo"": ""October 2026"",
  ""courseDuration"": ""3 years"",
  ""tuitionFee"": """",
  ""currency"": """",
  ""ieltsMinOverall"": """",
  ""ieltsMinSection"": """"
}","","","","undergraduate/ug00399-1-bsc-sports-and-exercise-science.md","","","","","","","",""
"University of Essex","Integrated Master in Science: Sports and Exercise Science","","https://www.essex.ac.uk/courses/UG00399/3/Integrated-Master-in-Science-Sports-and-Exercise-Science","undergraduate/ug00399-3-integrated-master-in-science-sports-and-exercise-science.md","undergraduate","{
  ""courseName"": ""Integrated Master in Science: Sports and Exercise Science"",
  ""courseUrlExternal"": ""https://www.essex.ac.uk/courses/UG00399/3/Integrated-Master-in-Science-Sports-and-Exercise-Science"",
  ""degreeName"": """",
  ""level"": """",
  ""studyMode"": """",
  ""award"": """",
  ""intakeInfo"": ""October 2026"",
  ""courseDuration"": ""4 years"",
  ""tuitionFee"": """",
  ""currency"": """",
  ""ieltsMinOverall"": """",
  ""ieltsMinSection"": """"
}","","","","undergraduate/ug00399-3-integrated-master-in-science-sports-and-exercise-science.md","","","","","","","",""
"University of Essex","BSc (Hons)  Sports Therapy","BSc","https://www.essex.ac.uk/courses/UG00403/1/BSc-Sports-Therapy","undergraduate/ug00403-1-bsc-sports-therapy.md","undergraduate","{
  ""courseName"": ""BSc (Hons)  Sports Therapy"",
  ""courseUrlExternal"": ""https://www.essex.ac.uk/courses/UG00403/1/BSc-Sports-Therapy"",
  ""degreeName"": ""BSc"",
  ""level"": """",
  ""studyMode"": """",
  ""award"": """",
  ""intakeInfo"": ""October 2026"",
  ""courseDuration"": ""3 years"",
  ""tuitionFee"": """",
  ""currency"": """",
  ""ieltsMinOverall"": """",
  ""ieltsMinSection"": """"
}","","","","undergraduate/ug00403-1-bsc-sports-therapy.md","","","","","","","",""
"University of Essex","BEng (Hons)  Communications Engineering","BEng","https://www.essex.ac.uk/courses/UG00409/1/BEng-Communications-Engineering","undergraduate/ug00409-1-beng-communications-engineering.md","undergraduate","{
  ""courseName"": ""BEng (Hons)  Communications Engineering"",
  ""courseUrlExternal"": ""https://www.essex.ac.uk/courses/UG00409/1/BEng-Communications-Engineering"",
  ""degreeName"": ""BEng"",
  ""level"": """",
  ""studyMode"": """",
  ""award"": """",
  ""intakeInfo"": ""October 2026"",
  ""courseDuration"": ""3 years"",
  ""tuitionFee"": """",
  ""currency"": """",
  ""ieltsMinOverall"": """",
  ""ieltsMinSection"": """"
}","","","","undergraduate/ug00409-1-beng-communications-engineering.md","","","","","","","",""
"University of Essex","Certificate of HE Acting for Stage and Screen","","https://www.essex.ac.uk/courses/UG00411/2/Certificate-of-HE-Acting-for-Stage-and-Screen","undergraduate/ug00411-2-certificate-of-he-acting-for-stage-and-screen.md","undergraduate","{
  ""courseName"": ""Certificate of HE Acting for Stage and Screen"",
  ""courseUrlExternal"": ""https://www.essex.ac.uk/courses/UG00411/2/Certificate-of-HE-Acting-for-Stage-and-Screen"",
  ""degreeName"": """",
  ""level"": """",
  ""studyMode"": """",
  ""award"": """",
  ""intakeInfo"": ""October 2026"",
  ""courseDuration"": ""9 months"",
  ""tuitionFee"": """",
  ""currency"": """",
  ""ieltsMinOverall"": """",
  ""ieltsMinSection"": """"
}","","","","undergraduate/ug00411-2-certificate-of-he-acting-for-stage-and-screen.md","","","","","","","",""
"University of Essex","BA (Hons)  Therapeutic Communication and Therapeutic Organisations","BA","https://www.essex.ac.uk/courses/UG00413/2/BA-Therapeutic-Communication-and-Therapeutic-Organisations","undergraduate/ug00413-2-ba-therapeutic-communication-and-therapeutic-organisations.md","undergraduate","{
  ""courseName"": ""BA (Hons)  Therapeutic Communication and Therapeutic Organisations"",
  ""courseUrlExternal"": ""https://www.essex.ac.uk/courses/UG00413/2/BA-Therapeutic-Communication-and-Therapeutic-Organisations"",
  ""degreeName"": ""BA"",
  ""level"": """",
  ""studyMode"": """",
  ""award"": """",
  ""intakeInfo"": ""October 2026"",
  ""courseDuration"": ""1 year"",
  ""tuitionFee"": """",
  ""currency"": """",
  ""ieltsMinOverall"": """",
  ""ieltsMinSection"": """"
}","","","","undergraduate/ug00413-2-ba-therapeutic-communication-and-therapeutic-organisations.md","","","","","","","",""
"University of Essex","FdA Therapeutic Communication and Therapeutic Organisations","","https://www.essex.ac.uk/courses/UG00413/3/FdA-Therapeutic-Communication-and-Therapeutic-Organisations","undergraduate/ug00413-3-fda-therapeutic-communication-and-therapeutic-organisations.md","undergraduate","{
  ""courseName"": ""FdA Therapeutic Communication and Therapeutic Organisations"",
  ""courseUrlExternal"": ""https://www.essex.ac.uk/courses/UG00413/3/FdA-Therapeutic-Communication-and-Therapeutic-Organisations"",
  ""degreeName"": """",
  ""level"": """",
  ""studyMode"": """",
  ""award"": """",
  ""intakeInfo"": ""October 2026"",
  ""courseDuration"": ""2 years"",
  ""tuitionFee"": """",
  ""currency"": """",
  ""ieltsMinOverall"": """",
  ""ieltsMinSection"": """"
}","","","","undergraduate/ug00413-3-fda-therapeutic-communication-and-therapeutic-organisations.md","","","","","","","",""
"University of Essex","BA (Hons)  World Performance","BA","https://www.essex.ac.uk/courses/UG00418/1/BA-World-Performance","undergraduate/ug00418-1-ba-world-performance.md","undergraduate","{
  ""courseName"": ""BA (Hons)  World Performance"",
  ""courseUrlExternal"": ""https://www.essex.ac.uk/courses/UG00418/1/BA-World-Performance"",
  ""degreeName"": ""BA"",
  ""level"": """",
  ""studyMode"": """",
  ""award"": """",
  ""intakeInfo"": ""October 2026"",
  ""courseDuration"": ""3 years"",
  ""tuitionFee"": """",
  ""currency"": """",
  ""ieltsMinOverall"": """",
  ""ieltsMinSection"": """"
}","","","","undergraduate/ug00418-1-ba-world-performance.md","","","","","","","",""
"University of Essex","BA (Hons)  Financial Economics and Accounting","BA","https://www.essex.ac.uk/courses/UG01018/1/BA-Financial-Economics-and-Accounting","undergraduate/ug01018-1-ba-financial-economics-and-accounting.md","undergraduate","{
  ""courseName"": ""BA (Hons)  Financial Economics and Accounting"",
  ""courseUrlExternal"": ""https://www.essex.ac.uk/courses/UG01018/1/BA-Financial-Economics-and-Accounting"",
  ""degreeName"": ""BA"",
  ""level"": """",
  ""studyMode"": """",
  ""award"": """",
  ""intakeInfo"": ""October 2026"",
  ""courseDuration"": ""3 years"",
  ""tuitionFee"": """",
  ""currency"": """",
  ""ieltsMinOverall"": """",
  ""ieltsMinSection"": """"
}","","","","undergraduate/ug01018-1-ba-financial-economics-and-accounting.md","","","","","","","",""
"University of Essex","BA (Hons)  Journalism","BA","https://www.essex.ac.uk/courses/UG01020/1/BA-Journalism","undergraduate/ug01020-1-ba-journalism.md","undergraduate","{
  ""courseName"": ""BA (Hons)  Journalism"",
  ""courseUrlExternal"": ""https://www.essex.ac.uk/courses/UG01020/1/BA-Journalism"",
  ""degreeName"": ""BA"",
  ""level"": """",
  ""studyMode"": """",
  ""award"": """",
  ""intakeInfo"": ""October 2026"",
  ""courseDuration"": ""3 years"",
  ""tuitionFee"": """",
  ""currency"": """",
  ""ieltsMinOverall"": """",
  ""ieltsMinSection"": """"
}","","","","undergraduate/ug01020-1-ba-journalism.md","","","","","","","",""
"University of Essex","LLB (Hons)  Law","LLB","https://www.essex.ac.uk/courses/UG01021/1/LLB-Law-Senior-Status","undergraduate/ug01021-1-llb-law-senior-status.md","undergraduate","{
  ""courseName"": ""LLB (Hons)  Law"",
  ""courseUrlExternal"": ""https://www.essex.ac.uk/courses/UG01021/1/LLB-Law-Senior-Status"",
  ""degreeName"": ""LLB"",
  ""level"": """",
  ""studyMode"": """",
  ""award"": """",
  ""intakeInfo"": ""October 2026"",
  ""courseDuration"": ""2 years"",
  ""tuitionFee"": """",
  ""currency"": """",
  ""ieltsMinOverall"": """",
  ""ieltsMinSection"": """"
}","","","","undergraduate/ug01021-1-llb-law-senior-status.md","","","","","","","",""
"University of Essex","BA (Hons)  Psychodynamic Practice","BA","https://www.essex.ac.uk/courses/UG01028/1/BA-Psychodynamic-Practice","undergraduate/ug01028-1-ba-psychodynamic-practice.md","undergraduate","{
  ""courseName"": ""BA (Hons)  Psychodynamic Practice"",
  ""courseUrlExternal"": ""https://www.essex.ac.uk/courses/UG01028/1/BA-Psychodynamic-Practice"",
  ""degreeName"": ""BA"",
  ""level"": """",
  ""studyMode"": """",
  ""award"": """",
  ""intakeInfo"": ""October 2026"",
  ""courseDuration"": ""3 years"",
  ""tuitionFee"": """",
  ""currency"": """",
  ""ieltsMinOverall"": """",
  ""ieltsMinSection"": """"
}","","","","undergraduate/ug01028-1-ba-psychodynamic-practice.md","","","","","","","",""
"University of Essex","BSc (Hons)  Data Science and Analytics","BSc","https://www.essex.ac.uk/courses/UG01034/1/BSc-Data-Science-and-Analytics","undergraduate/ug01034-1-bsc-data-science-and-analytics.md","undergraduate","{
  ""courseName"": ""BSc (Hons)  Data Science and Analytics"",
  ""courseUrlExternal"": ""https://www.essex.ac.uk/courses/UG01034/1/BSc-Data-Science-and-Analytics"",
  ""degreeName"": ""BSc"",
  ""level"": """",
  ""studyMode"": """",
  ""award"": """",
  ""intakeInfo"": ""October 2026"",
  ""courseDuration"": ""3 years"",
  ""tuitionFee"": """",
  ""currency"": """",
  ""ieltsMinOverall"": """",
  ""ieltsMinSection"": """"
}","","","","undergraduate/ug01034-1-bsc-data-science-and-analytics.md","","","","","","","",""
"University of Essex","BA (Hons)  Psychosocial and Psychoanalytic Studies","BA","https://www.essex.ac.uk/courses/UG01035/1/BA-Psychosocial-and-Psychoanalytic-Studies","undergraduate/ug01035-1-ba-psychosocial-and-psychoanalytic-studies.md","undergraduate","{
  ""courseName"": ""BA (Hons)  Psychosocial and Psychoanalytic Studies"",
  ""courseUrlExternal"": ""https://www.essex.ac.uk/courses/UG01035/1/BA-Psychosocial-and-Psychoanalytic-Studies"",
  ""degreeName"": ""BA"",
  ""level"": """",
  ""studyMode"": """",
  ""award"": """",
  ""intakeInfo"": ""October 2026"",
  ""courseDuration"": ""3 years"",
  ""tuitionFee"": """",
  ""currency"": """",
  ""ieltsMinOverall"": """",
  ""ieltsMinSection"": """"
}","","","","undergraduate/ug01035-1-ba-psychosocial-and-psychoanalytic-studies.md","","","","","","","",""
"University of Essex","BA (Hons)  Curating","BA","https://www.essex.ac.uk/courses/UG01045/1/BA-Curating","undergraduate/ug01045-1-ba-curating.md","undergraduate","{
  ""courseName"": ""BA (Hons)  Curating"",
  ""courseUrlExternal"": ""https://www.essex.ac.uk/courses/UG01045/1/BA-Curating"",
  ""degreeName"": ""BA"",
  ""level"": """",
  ""studyMode"": """",
  ""award"": """",
  ""intakeInfo"": ""October 2026"",
  ""courseDuration"": ""3 years"",
  ""tuitionFee"": """",
  ""currency"": """",
  ""ieltsMinOverall"": """",
  ""ieltsMinSection"": """"
}","","","","undergraduate/ug01045-1-ba-curating.md","","","","","","","",""
"University of Essex","LLB (Hons)  Law with Human Rights","LLB","https://www.essex.ac.uk/courses/UG01049/1/LLB-Law-with-Human-Rights","undergraduate/ug01049-1-llb-law-with-human-rights.md","undergraduate","{
  ""courseName"": ""LLB (Hons)  Law with Human Rights"",
  ""courseUrlExternal"": ""https://www.essex.ac.uk/courses/UG01049/1/LLB-Law-with-Human-Rights"",
  ""degreeName"": ""LLB"",
  ""level"": """",
  ""studyMode"": """",
  ""award"": """",
  ""intakeInfo"": ""October 2026"",
  ""courseDuration"": ""3 years"",
  ""tuitionFee"": """",
  ""currency"": """",
  ""ieltsMinOverall"": """",
  ""ieltsMinSection"": """"
}","","","","undergraduate/ug01049-1-llb-law-with-human-rights.md","","","","","","","",""
"University of Essex","LLB (Hons)  Law with Philosophy","LLB","https://www.essex.ac.uk/courses/UG01050/1/LLB-Law-with-Philosophy","undergraduate/ug01050-1-llb-law-with-philosophy.md","undergraduate","{
  ""courseName"": ""LLB (Hons)  Law with Philosophy"",
  ""courseUrlExternal"": ""https://www.essex.ac.uk/courses/UG01050/1/LLB-Law-with-Philosophy"",
  ""degreeName"": ""LLB"",
  ""level"": """",
  ""studyMode"": """",
  ""award"": """",
  ""intakeInfo"": ""October 2026"",
  ""courseDuration"": ""3 years"",
  ""tuitionFee"": """",
  ""currency"": """",
  ""ieltsMinOverall"": """",
  ""ieltsMinSection"": """"
}","","","","undergraduate/ug01050-1-llb-law-with-philosophy.md","","","","","","","",""
"University of Essex","BA (Hons)  Global Studies","BA","https://www.essex.ac.uk/courses/UG01054/1/BA-Global-Studies","undergraduate/ug01054-1-ba-global-studies.md","undergraduate","{
  ""courseName"": ""BA (Hons)  Global Studies"",
  ""courseUrlExternal"": ""https://www.essex.ac.uk/courses/UG01054/1/BA-Global-Studies"",
  ""degreeName"": ""BA"",
  ""level"": """",
  ""studyMode"": """",
  ""award"": """",
  ""intakeInfo"": ""October 2026"",
  ""courseDuration"": ""3 years"",
  ""tuitionFee"": """",
  ""currency"": """",
  ""ieltsMinOverall"": """",
  ""ieltsMinSection"": """"
}","","","","undergraduate/ug01054-1-ba-global-studies.md","","","","","","","",""
"University of Essex","BA (Hons)  Literature and Creative Writing","BA","https://www.essex.ac.uk/courses/UG01055/1/BA-Literature-and-Creative-Writing","undergraduate/ug01055-1-ba-literature-and-creative-writing.md","undergraduate","{
  ""courseName"": ""BA (Hons)  Literature and Creative Writing"",
  ""courseUrlExternal"": ""https://www.essex.ac.uk/courses/UG01055/1/BA-Literature-and-Creative-Writing"",
  ""degreeName"": ""BA"",
  ""level"": """",
  ""studyMode"": """",
  ""award"": """",
  ""intakeInfo"": ""October 2026"",
  ""courseDuration"": ""3 years"",
  ""tuitionFee"": """",
  ""currency"": """",
  ""ieltsMinOverall"": """",
  ""ieltsMinSection"": """"
}","","","","undergraduate/ug01055-1-ba-literature-and-creative-writing.md","","","","","","","",""
"University of Essex","BEng (Hons)  Robotic Engineering","BEng","https://www.essex.ac.uk/courses/UG01061/1/BEng-Robotic-Engineering","undergraduate/ug01061-1-beng-robotic-engineering.md","undergraduate","{
  ""courseName"": ""BEng (Hons)  Robotic Engineering"",
  ""courseUrlExternal"": ""https://www.essex.ac.uk/courses/UG01061/1/BEng-Robotic-Engineering"",
  ""degreeName"": ""BEng"",
  ""level"": """",
  ""studyMode"": """",
  ""award"": """",
  ""intakeInfo"": ""October 2026"",
  ""courseDuration"": ""3 years"",
  ""tuitionFee"": """",
  ""currency"": """",
  ""ieltsMinOverall"": """",
  ""ieltsMinSection"": """"
}","","","","undergraduate/ug01061-1-beng-robotic-engineering.md","","","","","","","",""
"University of Essex","LLB (Hons)  Law with Business","LLB","https://www.essex.ac.uk/courses/UG01063/1/LLB-Law-with-Business","undergraduate/ug01063-1-llb-law-with-business.md","undergraduate","{
  ""courseName"": ""LLB (Hons)  Law with Business"",
  ""courseUrlExternal"": ""https://www.essex.ac.uk/courses/UG01063/1/LLB-Law-with-Business"",
  ""degreeName"": ""LLB"",
  ""level"": """",
  ""studyMode"": """",
  ""award"": """",
  ""intakeInfo"": ""October 2026"",
  ""courseDuration"": ""3 years"",
  ""tuitionFee"": """",
  ""currency"": """",
  ""ieltsMinOverall"": """",
  ""ieltsMinSection"": """"
}","","","","undergraduate/ug01063-1-llb-law-with-business.md","","","","","","","",""
"University of Essex","BA (Hons)  English and Comparative Literature","BA","https://www.essex.ac.uk/courses/UG01086/1/BA-English-and-Comparative-Literature","undergraduate/ug01086-1-ba-english-and-comparative-literature.md","undergraduate","{
  ""courseName"": ""BA (Hons)  English and Comparative Literature"",
  ""courseUrlExternal"": ""https://www.essex.ac.uk/courses/UG01086/1/BA-English-and-Comparative-Literature"",
  ""degreeName"": ""BA"",
  ""level"": """",
  ""studyMode"": """",
  ""award"": """",
  ""intakeInfo"": ""October 2026"",
  ""courseDuration"": ""3 years"",
  ""tuitionFee"": """",
  ""currency"": """",
  ""ieltsMinOverall"": """",
  ""ieltsMinSection"": """"
}","","","","undergraduate/ug01086-1-ba-english-and-comparative-literature.md","","","","","","","",""
"University of Essex","BA (Hons)  Journalism and Criminology","BA","https://www.essex.ac.uk/courses/UG01089/1/BA-Journalism-and-Criminology","undergraduate/ug01089-1-ba-journalism-and-criminology.md","undergraduate","{
  ""courseName"": ""BA (Hons)  Journalism and Criminology"",
  ""courseUrlExternal"": ""https://www.essex.ac.uk/courses/UG01089/1/BA-Journalism-and-Criminology"",
  ""degreeName"": ""BA"",
  ""level"": """",
  ""studyMode"": """",
  ""award"": """",
  ""intakeInfo"": ""October 2026"",
  ""courseDuration"": ""3 years"",
  ""tuitionFee"": """",
  ""currency"": """",
  ""ieltsMinOverall"": """",
  ""ieltsMinSection"": """"
}","","","","undergraduate/ug01089-1-ba-journalism-and-criminology.md","","","","","","","",""
"University of Essex","BA (Hons)  Journalism with Human Rights","BA","https://www.essex.ac.uk/courses/UG01099/1/BA-Journalism-with-Human-Rights","undergraduate/ug01099-1-ba-journalism-with-human-rights.md","undergraduate","{
  ""courseName"": ""BA (Hons)  Journalism with Human Rights"",
  ""courseUrlExternal"": ""https://www.essex.ac.uk/courses/UG01099/1/BA-Journalism-with-Human-Rights"",
  ""degreeName"": ""BA"",
  ""level"": """",
  ""studyMode"": """",
  ""award"": """",
  ""intakeInfo"": ""October 2026"",
  ""courseDuration"": ""3 years"",
  ""tuitionFee"": """",
  ""currency"": """",
  ""ieltsMinOverall"": """",
  ""ieltsMinSection"": """"
}","","","","undergraduate/ug01099-1-ba-journalism-with-human-rights.md","","","","","","","",""
"University of Essex","BA (Hons)  Journalism and Politics","BA","https://www.essex.ac.uk/courses/UG01100/1/BA-Journalism-and-Politics","undergraduate/ug01100-1-ba-journalism-and-politics.md","undergraduate","{
  ""courseName"": ""BA (Hons)  Journalism and Politics"",
  ""courseUrlExternal"": ""https://www.essex.ac.uk/courses/UG01100/1/BA-Journalism-and-Politics"",
  ""degreeName"": ""BA"",
  ""level"": """",
  ""studyMode"": """",
  ""award"": """",
  ""intakeInfo"": ""October 2026"",
  ""courseDuration"": ""3 years"",
  ""tuitionFee"": """",
  ""currency"": """",
  ""ieltsMinOverall"": """",
  ""ieltsMinSection"": """"
}","","","","undergraduate/ug01100-1-ba-journalism-and-politics.md","","","","","","","",""
"University of Essex","BSc (Hons)  Speech and Language Therapy","BSc","https://www.essex.ac.uk/courses/UG01110/1/BSc-Speech-and-Language-Therapy","undergraduate/ug01110-1-bsc-speech-and-language-therapy.md","undergraduate","{
  ""courseName"": ""BSc (Hons)  Speech and Language Therapy"",
  ""courseUrlExternal"": ""https://www.essex.ac.uk/courses/UG01110/1/BSc-Speech-and-Language-Therapy"",
  ""degreeName"": ""BSc"",
  ""level"": """",
  ""studyMode"": """",
  ""award"": """",
  ""intakeInfo"": ""October 2026"",
  ""courseDuration"": ""3 years"",
  ""tuitionFee"": """",
  ""currency"": """",
  ""ieltsMinOverall"": """",
  ""ieltsMinSection"": """"
}","","","","undergraduate/ug01110-1-bsc-speech-and-language-therapy.md","","","","","","","",""
"University of Essex","BA (Hons)  Creative Producing","BA","https://www.essex.ac.uk/courses/UG01119/1/BA-Creative-Producing-Theatre-and-Short-Film","undergraduate/ug01119-1-ba-creative-producing-theatre-and-short-film.md","undergraduate","{
  ""courseName"": ""BA (Hons)  Creative Producing"",
  ""courseUrlExternal"": ""https://www.essex.ac.uk/courses/UG01119/1/BA-Creative-Producing-Theatre-and-Short-Film"",
  ""degreeName"": ""BA"",
  ""level"": """",
  ""studyMode"": """",
  ""award"": """",
  ""intakeInfo"": ""October 2026"",
  ""courseDuration"": ""3 years"",
  ""tuitionFee"": """",
  ""currency"": """",
  ""ieltsMinOverall"": """",
  ""ieltsMinSection"": """"
}","","","","undergraduate/ug01119-1-ba-creative-producing-theatre-and-short-film.md","","","","","","","",""
"University of Essex","BA (Hons)  Childhood Studies","BA","https://www.essex.ac.uk/courses/UG01121/1/BA-Childhood-Studies","undergraduate/ug01121-1-ba-childhood-studies.md","undergraduate","{
  ""courseName"": ""BA (Hons)  Childhood Studies"",
  ""courseUrlExternal"": ""https://www.essex.ac.uk/courses/UG01121/1/BA-Childhood-Studies"",
  ""degreeName"": ""BA"",
  ""level"": """",
  ""studyMode"": """",
  ""award"": """",
  ""intakeInfo"": ""October 2026"",
  ""courseDuration"": ""3 years"",
  ""tuitionFee"": """",
  ""currency"": """",
  ""ieltsMinOverall"": """",
  ""ieltsMinSection"": """"
}","","","","undergraduate/ug01121-1-ba-childhood-studies.md","","","","","","","",""
"University of Essex","BA (Hons)  Politics and International Relations","BA","https://www.essex.ac.uk/courses/UG01124/1/BA-Politics-and-International-Relations","undergraduate/ug01124-1-ba-politics-and-international-relations.md","undergraduate","{
  ""courseName"": ""BA (Hons)  Politics and International Relations"",
  ""courseUrlExternal"": ""https://www.essex.ac.uk/courses/UG01124/1/BA-Politics-and-International-Relations"",
  ""degreeName"": ""BA"",
  ""level"": """",
  ""studyMode"": """",
  ""award"": """",
  ""intakeInfo"": ""October 2026"",
  ""courseDuration"": ""3 years"",
  ""tuitionFee"": """",
  ""currency"": """",
  ""ieltsMinOverall"": """",
  ""ieltsMinSection"": """"
}","","","","undergraduate/ug01124-1-ba-politics-and-international-relations.md","","","","","","","",""
"University of Essex","BSc (Hons)  Politics and International Relations","BSc","https://www.essex.ac.uk/courses/UG01124/2/BSc-Politics-and-International-Relations","undergraduate/ug01124-2-bsc-politics-and-international-relations.md","undergraduate","{
  ""courseName"": ""BSc (Hons)  Politics and International Relations"",
  ""courseUrlExternal"": ""https://www.essex.ac.uk/courses/UG01124/2/BSc-Politics-and-International-Relations"",
  ""degreeName"": ""BSc"",
  ""level"": """",
  ""studyMode"": """",
  ""award"": """",
  ""intakeInfo"": ""October 2026"",
  ""courseDuration"": ""3 years"",
  ""tuitionFee"": """",
  ""currency"": """",
  ""ieltsMinOverall"": """",
  ""ieltsMinSection"": """"
}","","","","undergraduate/ug01124-2-bsc-politics-and-international-relations.md","","","","","","","",""
"University of Essex","Integrated Master in Politics: Politics and International Relations","","https://www.essex.ac.uk/courses/UG01124/3/Integrated-Master-in-Politics-Politics-and-International-Relations","undergraduate/ug01124-3-integrated-master-in-politics-politics-and-international-relations.md","undergraduate","{
  ""courseName"": ""Integrated Master in Politics: Politics and International Relations"",
  ""courseUrlExternal"": ""https://www.essex.ac.uk/courses/UG01124/3/Integrated-Master-in-Politics-Politics-and-International-Relations"",
  ""degreeName"": """",
  ""level"": """",
  ""studyMode"": """",
  ""award"": """",
  ""intakeInfo"": ""October 2026"",
  ""courseDuration"": ""4 years"",
  ""tuitionFee"": """",
  ""currency"": """",
  ""ieltsMinOverall"": """",
  ""ieltsMinSection"": """"
}","","","","undergraduate/ug01124-3-integrated-master-in-politics-politics-and-international-relations.md","","","","","","","",""
"University of Essex","BSc (Hons)  Biotechnology","BSc","https://www.essex.ac.uk/courses/UG01128/1/BSc-Biotechnology","undergraduate/ug01128-1-bsc-biotechnology.md","undergraduate","{
  ""courseName"": ""BSc (Hons)  Biotechnology"",
  ""courseUrlExternal"": ""https://www.essex.ac.uk/courses/UG01128/1/BSc-Biotechnology"",
  ""degreeName"": ""BSc"",
  ""level"": """",
  ""studyMode"": """",
  ""award"": """",
  ""intakeInfo"": ""October 2026"",
  ""courseDuration"": ""3 years"",
  ""tuitionFee"": """",
  ""currency"": """",
  ""ieltsMinOverall"": """",
  ""ieltsMinSection"": """"
}","","","","undergraduate/ug01128-1-bsc-biotechnology.md","","","","","","","",""
"University of Essex","BA (Hons)  Global Studies and Modern Languages","BA","https://www.essex.ac.uk/courses/UG01144/1/BA-Global-Studies-and-Modern-Languages","undergraduate/ug01144-1-ba-global-studies-and-modern-languages.md","undergraduate","{
  ""courseName"": ""BA (Hons)  Global Studies and Modern Languages"",
  ""courseUrlExternal"": ""https://www.essex.ac.uk/courses/UG01144/1/BA-Global-Studies-and-Modern-Languages"",
  ""degreeName"": ""BA"",
  ""level"": """",
  ""studyMode"": """",
  ""award"": """",
  ""intakeInfo"": ""October 2027"",
  ""courseDuration"": ""4 years"",
  ""tuitionFee"": """",
  ""currency"": """",
  ""ieltsMinOverall"": """",
  ""ieltsMinSection"": """"
}","","","","undergraduate/ug01144-1-ba-global-studies-and-modern-languages.md","","","","","","","",""
"University of Essex","BSc (Hons)  Economics with Data Science","BSc","https://www.essex.ac.uk/courses/UG01265/1/BSc-Economics-with-Data-Science","undergraduate/ug01265-1-bsc-economics-with-data-science.md","undergraduate","{
  ""courseName"": ""BSc (Hons)  Economics with Data Science"",
  ""courseUrlExternal"": ""https://www.essex.ac.uk/courses/UG01265/1/BSc-Economics-with-Data-Science"",
  ""degreeName"": ""BSc"",
  ""level"": """",
  ""studyMode"": """",
  ""award"": """",
  ""intakeInfo"": ""October 2026"",
  ""courseDuration"": ""3 years"",
  ""tuitionFee"": """",
  ""currency"": """",
  ""ieltsMinOverall"": """",
  ""ieltsMinSection"": """"
}","","","","undergraduate/ug01265-1-bsc-economics-with-data-science.md","","","","","","","",""
"University of Essex","BSc (Hons)  Finance and Management","BSc","https://www.essex.ac.uk/courses/UG01275/1/BSc-Finance-and-Management","undergraduate/ug01275-1-bsc-finance-and-management.md","undergraduate","{
  ""courseName"": ""BSc (Hons)  Finance and Management"",
  ""courseUrlExternal"": ""https://www.essex.ac.uk/courses/UG01275/1/BSc-Finance-and-Management"",
  ""degreeName"": ""BSc"",
  ""level"": """",
  ""studyMode"": """",
  ""award"": """",
  ""intakeInfo"": ""October 2026"",
  ""courseDuration"": ""3 years"",
  ""tuitionFee"": """",
  ""currency"": """",
  ""ieltsMinOverall"": """",
  ""ieltsMinSection"": """"
}","","","","undergraduate/ug01275-1-bsc-finance-and-management.md","","","","","","","",""
"University of Essex","BA (Hons)  English Language with Media Communication","BA","https://www.essex.ac.uk/courses/UG01289/1/BA-English-Language-with-Media-Communication","undergraduate/ug01289-1-ba-english-language-with-media-communication.md","undergraduate","{
  ""courseName"": ""BA (Hons)  English Language with Media Communication"",
  ""courseUrlExternal"": ""https://www.essex.ac.uk/courses/UG01289/1/BA-English-Language-with-Media-Communication"",
  ""degreeName"": ""BA"",
  ""level"": """",
  ""studyMode"": """",
  ""award"": """",
  ""intakeInfo"": ""October 2026"",
  ""courseDuration"": ""3 years"",
  ""tuitionFee"": """",
  ""currency"": """",
  ""ieltsMinOverall"": """",
  ""ieltsMinSection"": """"
}","","","","undergraduate/ug01289-1-ba-english-language-with-media-communication.md","","","","","","","",""
"University of Essex","BA (Hons)  Criminology with Counselling Skills","BA","https://www.essex.ac.uk/courses/UG01290/1/BA-Criminology-with-Counselling-Skills","undergraduate/ug01290-1-ba-criminology-with-counselling-skills.md","undergraduate","{
  ""courseName"": ""BA (Hons)  Criminology with Counselling Skills"",
  ""courseUrlExternal"": ""https://www.essex.ac.uk/courses/UG01290/1/BA-Criminology-with-Counselling-Skills"",
  ""degreeName"": ""BA"",
  ""level"": """",
  ""studyMode"": """",
  ""award"": """",
  ""intakeInfo"": ""October 2026"",
  ""courseDuration"": ""3 years"",
  ""tuitionFee"": """",
  ""currency"": """",
  ""ieltsMinOverall"": """",
  ""ieltsMinSection"": """"
}","","","","undergraduate/ug01290-1-ba-criminology-with-counselling-skills.md","","","","","","","",""
"University of Essex","BA (Hons)  Criminology with Criminal Law","BA","https://www.essex.ac.uk/courses/UG01291/1/BA-Criminology-with-Criminal-Law","undergraduate/ug01291-1-ba-criminology-with-criminal-law.md","undergraduate","{
  ""courseName"": ""BA (Hons)  Criminology with Criminal Law"",
  ""courseUrlExternal"": ""https://www.essex.ac.uk/courses/UG01291/1/BA-Criminology-with-Criminal-Law"",
  ""degreeName"": ""BA"",
  ""level"": """",
  ""studyMode"": """",
  ""award"": """",
  ""intakeInfo"": ""October 2026"",
  ""courseDuration"": ""3 years"",
  ""tuitionFee"": """",
  ""currency"": """",
  ""ieltsMinOverall"": """",
  ""ieltsMinSection"": """"
}","","","","undergraduate/ug01291-1-ba-criminology-with-criminal-law.md","","","","","","","",""
"University of Essex","BA (Hons)  Business Economics","BA","https://www.essex.ac.uk/courses/UG01297/1/BA-Business-Economics","undergraduate/ug01297-1-ba-business-economics.md","undergraduate","{
  ""courseName"": ""BA (Hons)  Business Economics"",
  ""courseUrlExternal"": ""https://www.essex.ac.uk/courses/UG01297/1/BA-Business-Economics"",
  ""degreeName"": ""BA"",
  ""level"": """",
  ""studyMode"": """",
  ""award"": """",
  ""intakeInfo"": ""October 2026"",
  ""courseDuration"": ""3 years"",
  ""tuitionFee"": """",
  ""currency"": """",
  ""ieltsMinOverall"": """",
  ""ieltsMinSection"": """"
}","","","","undergraduate/ug01297-1-ba-business-economics.md","","","","","","","",""
"University of Essex","LLB (Hons)  Law with Criminology","LLB","https://www.essex.ac.uk/courses/UG01299/1/LLB-Law-with-Criminology","undergraduate/ug01299-1-llb-law-with-criminology.md","undergraduate","{
  ""courseName"": ""LLB (Hons)  Law with Criminology"",
  ""courseUrlExternal"": ""https://www.essex.ac.uk/courses/UG01299/1/LLB-Law-with-Criminology"",
  ""degreeName"": ""LLB"",
  ""level"": """",
  ""studyMode"": """",
  ""award"": """",
  ""intakeInfo"": ""October 2026"",
  ""courseDuration"": ""3 years"",
  ""tuitionFee"": """",
  ""currency"": """",
  ""ieltsMinOverall"": """",
  ""ieltsMinSection"": """"
}","","","","undergraduate/ug01299-1-llb-law-with-criminology.md","","","","","","","",""
"University of Essex","BEng (Hons)  Mechatronic Systems","BEng","https://www.essex.ac.uk/courses/UG01326/1/BEng-Mechatronic-Systems","undergraduate/ug01326-1-beng-mechatronic-systems.md","undergraduate","{
  ""courseName"": ""BEng (Hons)  Mechatronic Systems"",
  ""courseUrlExternal"": ""https://www.essex.ac.uk/courses/UG01326/1/BEng-Mechatronic-Systems"",
  ""degreeName"": ""BEng"",
  ""level"": """",
  ""studyMode"": """",
  ""award"": """",
  ""intakeInfo"": ""October 2026"",
  ""courseDuration"": ""3 years"",
  ""tuitionFee"": """",
  ""currency"": """",
  ""ieltsMinOverall"": """",
  ""ieltsMinSection"": """"
}","","","","undergraduate/ug01326-1-beng-mechatronic-systems.md","","","","","","","",""
"University of Essex","FdA Hospitality Management","","https://www.essex.ac.uk/courses/UG01327/1/FdA-Hospitality-Management","undergraduate/ug01327-1-fda-hospitality-management.md","undergraduate","{
  ""courseName"": ""FdA Hospitality Management"",
  ""courseUrlExternal"": ""https://www.essex.ac.uk/courses/UG01327/1/FdA-Hospitality-Management"",
  ""degreeName"": """",
  ""level"": """",
  ""studyMode"": """",
  ""award"": """",
  ""intakeInfo"": ""October 2026"",
  ""courseDuration"": ""2 years"",
  ""tuitionFee"": """",
  ""currency"": """",
  ""ieltsMinOverall"": """",
  ""ieltsMinSection"": """"
}","","","","undergraduate/ug01327-1-fda-hospitality-management.md","","","","","","","",""
"University of Essex","BA (Hons)  Hospitality Management","BA","https://www.essex.ac.uk/courses/UG01327/2/BA-Hospitality-Management","undergraduate/ug01327-2-ba-hospitality-management.md","undergraduate","{
  ""courseName"": ""BA (Hons)  Hospitality Management"",
  ""courseUrlExternal"": ""https://www.essex.ac.uk/courses/UG01327/2/BA-Hospitality-Management"",
  ""degreeName"": ""BA"",
  ""level"": """",
  ""studyMode"": """",
  ""award"": """",
  ""intakeInfo"": ""October 2026"",
  ""courseDuration"": ""3 years"",
  ""tuitionFee"": """",
  ""currency"": """",
  ""ieltsMinOverall"": """",
  ""ieltsMinSection"": """"
}","","","","undergraduate/ug01327-2-ba-hospitality-management.md","","","","","","","",""
"University of Essex","FdA Events Management","","https://www.essex.ac.uk/courses/UG01328/1/FdA-Events-Management","undergraduate/ug01328-1-fda-events-management.md","undergraduate","{
  ""courseName"": ""FdA Events Management"",
  ""courseUrlExternal"": ""https://www.essex.ac.uk/courses/UG01328/1/FdA-Events-Management"",
  ""degreeName"": """",
  ""level"": """",
  ""studyMode"": """",
  ""award"": """",
  ""intakeInfo"": ""October 2026"",
  ""courseDuration"": ""2 years"",
  ""tuitionFee"": """",
  ""currency"": """",
  ""ieltsMinOverall"": """",
  ""ieltsMinSection"": """"
}","","","","undergraduate/ug01328-1-fda-events-management.md","","","","","","","",""
"University of Essex","BA (Hons)  Events Management","BA","https://www.essex.ac.uk/courses/UG01328/2/BA-Events-Management","undergraduate/ug01328-2-ba-events-management.md","undergraduate","{
  ""courseName"": ""BA (Hons)  Events Management"",
  ""courseUrlExternal"": ""https://www.essex.ac.uk/courses/UG01328/2/BA-Events-Management"",
  ""degreeName"": ""BA"",
  ""level"": """",
  ""studyMode"": """",
  ""award"": """",
  ""intakeInfo"": ""October 2026"",
  ""courseDuration"": ""3 years"",
  ""tuitionFee"": """",
  ""currency"": """",
  ""ieltsMinOverall"": """",
  ""ieltsMinSection"": """"
}","","","","undergraduate/ug01328-2-ba-events-management.md","","","","","","","",""
"University of Essex","BSc (Hons)  Sociology with Data Science","BSc","https://www.essex.ac.uk/courses/UG01336/1/BSc-Sociology-with-Data-Science","undergraduate/ug01336-1-bsc-sociology-with-data-science.md","undergraduate","{
  ""courseName"": ""BSc (Hons)  Sociology with Data Science"",
  ""courseUrlExternal"": ""https://www.essex.ac.uk/courses/UG01336/1/BSc-Sociology-with-Data-Science"",
  ""degreeName"": ""BSc"",
  ""level"": """",
  ""studyMode"": """",
  ""award"": """",
  ""intakeInfo"": ""October 2026"",
  ""courseDuration"": ""3 years"",
  ""tuitionFee"": """",
  ""currency"": """",
  ""ieltsMinOverall"": """",
  ""ieltsMinSection"": """"
}","","","","undergraduate/ug01336-1-bsc-sociology-with-data-science.md","","","","","","","",""
"University of Essex","BSc (Hons)  Human Biology","BSc","https://www.essex.ac.uk/courses/UG01340/1/BSc-Human-Biology","undergraduate/ug01340-1-bsc-human-biology.md","undergraduate","{
  ""courseName"": ""BSc (Hons)  Human Biology"",
  ""courseUrlExternal"": ""https://www.essex.ac.uk/courses/UG01340/1/BSc-Human-Biology"",
  ""degreeName"": ""BSc"",
  ""level"": """",
  ""studyMode"": """",
  ""award"": """",
  ""intakeInfo"": ""October 2026"",
  ""courseDuration"": ""3 years"",
  ""tuitionFee"": """",
  ""currency"": """",
  ""ieltsMinOverall"": """",
  ""ieltsMinSection"": """"
}","","","","undergraduate/ug01340-1-bsc-human-biology.md","","","","","","","",""
"University of Essex","BA (Hons)  Global Studies with Politics","BA","https://www.essex.ac.uk/courses/UG01341/1/BA-Global-Studies-with-Politics","undergraduate/ug01341-1-ba-global-studies-with-politics.md","undergraduate","{
  ""courseName"": ""BA (Hons)  Global Studies with Politics"",
  ""courseUrlExternal"": ""https://www.essex.ac.uk/courses/UG01341/1/BA-Global-Studies-with-Politics"",
  ""degreeName"": ""BA"",
  ""level"": """",
  ""studyMode"": """",
  ""award"": """",
  ""intakeInfo"": ""October 2026"",
  ""courseDuration"": ""3 years"",
  ""tuitionFee"": """",
  ""currency"": """",
  ""ieltsMinOverall"": """",
  ""ieltsMinSection"": """"
}","","","","undergraduate/ug01341-1-ba-global-studies-with-politics.md","","","","","","","",""
"University of Essex","BA (Hons)  Global Studies with Human Rights","BA","https://www.essex.ac.uk/courses/UG01349/1/BA-Global-Studies-with-Human-Rights","undergraduate/ug01349-1-ba-global-studies-with-human-rights.md","undergraduate","{
  ""courseName"": ""BA (Hons)  Global Studies with Human Rights"",
  ""courseUrlExternal"": ""https://www.essex.ac.uk/courses/UG01349/1/BA-Global-Studies-with-Human-Rights"",
  ""degreeName"": ""BA"",
  ""level"": """",
  ""studyMode"": """",
  ""award"": """",
  ""intakeInfo"": ""October 2026"",
  ""courseDuration"": ""3 years"",
  ""tuitionFee"": """",
  ""currency"": """",
  ""ieltsMinOverall"": """",
  ""ieltsMinSection"": """"
}","","","","undergraduate/ug01349-1-ba-global-studies-with-human-rights.md","","","","","","","",""
"University of Essex","BEng (Hons)  Neural Engineering with Psychology","BEng","https://www.essex.ac.uk/courses/UG01361/1/BEng-Neural-Engineering-with-Psychology","undergraduate/ug01361-1-beng-neural-engineering-with-psychology.md","undergraduate","{
  ""courseName"": ""BEng (Hons)  Neural Engineering with Psychology"",
  ""courseUrlExternal"": ""https://www.essex.ac.uk/courses/UG01361/1/BEng-Neural-Engineering-with-Psychology"",
  ""degreeName"": ""BEng"",
  ""level"": """",
  ""studyMode"": """",
  ""award"": """",
  ""intakeInfo"": ""October 2026"",
  ""courseDuration"": ""3 years"",
  ""tuitionFee"": """",
  ""currency"": """",
  ""ieltsMinOverall"": """",
  ""ieltsMinSection"": """"
}","","","","undergraduate/ug01361-1-beng-neural-engineering-with-psychology.md","","","","","","","",""
"University of Essex","LLB (Hons)  Licence English and French Law","LLB","https://www.essex.ac.uk/courses/UG01362/1/LLB-Licence-English-and-French-Law-Double-Degree","undergraduate/ug01362-1-llb-licence-english-and-french-law-double-degree.md","undergraduate","{
  ""courseName"": ""LLB (Hons)  Licence English and French Law"",
  ""courseUrlExternal"": ""https://www.essex.ac.uk/courses/UG01362/1/LLB-Licence-English-and-French-Law-Double-Degree"",
  ""degreeName"": ""LLB"",
  ""level"": """",
  ""studyMode"": """",
  ""award"": """",
  ""intakeInfo"": ""October 2026"",
  ""courseDuration"": ""3 years"",
  ""tuitionFee"": """",
  ""currency"": """",
  ""ieltsMinOverall"": """",
  ""ieltsMinSection"": """"
}","","","","undergraduate/ug01362-1-llb-licence-english-and-french-law-double-degree.md","","","","","","","",""
"University of Essex","BA (Hons)  Art History, Visual Culture and Media Studies","BA","https://www.essex.ac.uk/courses/UG01368/1/BA-Art-History-Visual-Culture-and-Media-Studies","undergraduate/ug01368-1-ba-art-history-visual-culture-and-media-studies.md","undergraduate","{
  ""courseName"": ""BA (Hons)  Art History, Visual Culture and Media Studies"",
  ""courseUrlExternal"": ""https://www.essex.ac.uk/courses/UG01368/1/BA-Art-History-Visual-Culture-and-Media-Studies"",
  ""degreeName"": ""BA"",
  ""level"": """",
  ""studyMode"": """",
  ""award"": """",
  ""intakeInfo"": ""October 2026"",
  ""courseDuration"": ""3 years"",
  ""tuitionFee"": """",
  ""currency"": """",
  ""ieltsMinOverall"": """",
  ""ieltsMinSection"": """"
}","","","","undergraduate/ug01368-1-ba-art-history-visual-culture-and-media-studies.md","","","","","","","",""
"University of Essex","BA (Hons)  Film and Drama","BA","https://www.essex.ac.uk/courses/UG01371/1/BA-Film-and-Drama","undergraduate/ug01371-1-ba-film-and-drama.md","undergraduate","{
  ""courseName"": ""BA (Hons)  Film and Drama"",
  ""courseUrlExternal"": ""https://www.essex.ac.uk/courses/UG01371/1/BA-Film-and-Drama"",
  ""degreeName"": ""BA"",
  ""level"": """",
  ""studyMode"": """",
  ""award"": """",
  ""intakeInfo"": ""October 2026"",
  ""courseDuration"": ""3 years"",
  ""tuitionFee"": """",
  ""currency"": """",
  ""ieltsMinOverall"": """",
  ""ieltsMinSection"": """"
}","","","","undergraduate/ug01371-1-ba-film-and-drama.md","","","","","","","",""
"University of Essex","BA (Hons)  Philosophy with Business Management","BA","https://www.essex.ac.uk/courses/UG01376/1/BA-Philosophy-with-Business-Management","undergraduate/ug01376-1-ba-philosophy-with-business-management.md","undergraduate","{
  ""courseName"": ""BA (Hons)  Philosophy with Business Management"",
  ""courseUrlExternal"": ""https://www.essex.ac.uk/courses/UG01376/1/BA-Philosophy-with-Business-Management"",
  ""degreeName"": ""BA"",
  ""level"": """",
  ""studyMode"": """",
  ""award"": """",
  ""intakeInfo"": ""October 2026"",
  ""courseDuration"": ""3 years"",
  ""tuitionFee"": """",
  ""currency"": """",
  ""ieltsMinOverall"": """",
  ""ieltsMinSection"": """"
}","","","","undergraduate/ug01376-1-ba-philosophy-with-business-management.md","","","","","","","",""
"University of Essex","BA (Hons)  Global Studies with Business Management","BA","https://www.essex.ac.uk/courses/UG01377/1/BA-Global-Studies-with-Business-Management","undergraduate/ug01377-1-ba-global-studies-with-business-management.md","undergraduate","{
  ""courseName"": ""BA (Hons)  Global Studies with Business Management"",
  ""courseUrlExternal"": ""https://www.essex.ac.uk/courses/UG01377/1/BA-Global-Studies-with-Business-Management"",
  ""degreeName"": ""BA"",
  ""level"": """",
  ""studyMode"": """",
  ""award"": """",
  ""intakeInfo"": ""October 2026"",
  ""courseDuration"": ""3 years"",
  ""tuitionFee"": """",
  ""currency"": """",
  ""ieltsMinOverall"": """",
  ""ieltsMinSection"": """"
}","","","","undergraduate/ug01377-1-ba-global-studies-with-business-management.md","","","","","","","",""
"University of Essex","BSc (Hons)  Computational Linguistics","BSc","https://www.essex.ac.uk/courses/UG01385/3/BSc-Computational-Linguistics","undergraduate/ug01385-3-bsc-computational-linguistics.md","undergraduate","{
  ""courseName"": ""BSc (Hons)  Computational Linguistics"",
  ""courseUrlExternal"": ""https://www.essex.ac.uk/courses/UG01385/3/BSc-Computational-Linguistics"",
  ""degreeName"": ""BSc"",
  ""level"": """",
  ""studyMode"": """",
  ""award"": """",
  ""intakeInfo"": ""October 2026"",
  ""courseDuration"": ""3 years"",
  ""tuitionFee"": """",
  ""currency"": """",
  ""ieltsMinOverall"": """",
  ""ieltsMinSection"": """"
}","","","","undergraduate/ug01385-3-bsc-computational-linguistics.md","","","","","","","",""
"University of Essex","Integrated Master in Management: Marketing Management","","https://www.essex.ac.uk/courses/UG01392/1/Integrated-Master-in-Management-Marketing-Management","undergraduate/ug01392-1-integrated-master-in-management-marketing-management.md","undergraduate","{
  ""courseName"": ""Integrated Master in Management: Marketing Management"",
  ""courseUrlExternal"": ""https://www.essex.ac.uk/courses/UG01392/1/Integrated-Master-in-Management-Marketing-Management"",
  ""degreeName"": """",
  ""level"": """",
  ""studyMode"": """",
  ""award"": """",
  ""intakeInfo"": ""October 2026"",
  ""courseDuration"": ""4 years"",
  ""tuitionFee"": """",
  ""currency"": """",
  ""ieltsMinOverall"": """",
  ""ieltsMinSection"": """"
}","","","","undergraduate/ug01392-1-integrated-master-in-management-marketing-management.md","","","","","","","",""
"University of Essex","BSc (Hons)  International Business and Finance","BSc","https://www.essex.ac.uk/courses/UG01393/1/BSc-International-Business-and-Finance","undergraduate/ug01393-1-bsc-international-business-and-finance.md","undergraduate","{
  ""courseName"": ""BSc (Hons)  International Business and Finance"",
  ""courseUrlExternal"": ""https://www.essex.ac.uk/courses/UG01393/1/BSc-International-Business-and-Finance"",
  ""degreeName"": ""BSc"",
  ""level"": """",
  ""studyMode"": """",
  ""award"": """",
  ""intakeInfo"": ""October 2026"",
  ""courseDuration"": ""3 years"",
  ""tuitionFee"": """",
  ""currency"": """",
  ""ieltsMinOverall"": """",
  ""ieltsMinSection"": """"
}","","","","undergraduate/ug01393-1-bsc-international-business-and-finance.md","","","","","","","",""
"University of Essex","BA (Hons)  Art History and Language Studies","BA","https://www.essex.ac.uk/courses/UG01408/1/BA-Art-History-and-Language-Studies","undergraduate/ug01408-1-ba-art-history-and-language-studies.md","undergraduate","{
  ""courseName"": ""BA (Hons)  Art History and Language Studies"",
  ""courseUrlExternal"": ""https://www.essex.ac.uk/courses/UG01408/1/BA-Art-History-and-Language-Studies"",
  ""degreeName"": ""BA"",
  ""level"": """",
  ""studyMode"": """",
  ""award"": """",
  ""intakeInfo"": ""October 2026"",
  ""courseDuration"": ""3 years"",
  ""tuitionFee"": """",
  ""currency"": """",
  ""ieltsMinOverall"": """",
  ""ieltsMinSection"": """"
}","","","","undergraduate/ug01408-1-ba-art-history-and-language-studies.md","","","","","","","",""
"University of Essex","BA (Hons)  Art History with Language Studies","BA","https://www.essex.ac.uk/courses/UG01409/1/BA-Art-History-with-Language-Studies","undergraduate/ug01409-1-ba-art-history-with-language-studies.md","undergraduate","{
  ""courseName"": ""BA (Hons)  Art History with Language Studies"",
  ""courseUrlExternal"": ""https://www.essex.ac.uk/courses/UG01409/1/BA-Art-History-with-Language-Studies"",
  ""degreeName"": ""BA"",
  ""level"": """",
  ""studyMode"": """",
  ""award"": """",
  ""intakeInfo"": ""October 2026"",
  ""courseDuration"": ""3 years"",
  ""tuitionFee"": """",
  ""currency"": """",
  ""ieltsMinOverall"": """",
  ""ieltsMinSection"": """"
}","","","","undergraduate/ug01409-1-ba-art-history-with-language-studies.md","","","","","","","",""
"University of Essex","BA (Hons)  Global Studies and Language Studies","BA","https://www.essex.ac.uk/courses/UG01410/1/BA-Global-Studies-and-Language-Studies","undergraduate/ug01410-1-ba-global-studies-and-language-studies.md","undergraduate","{
  ""courseName"": ""BA (Hons)  Global Studies and Language Studies"",
  ""courseUrlExternal"": ""https://www.essex.ac.uk/courses/UG01410/1/BA-Global-Studies-and-Language-Studies"",
  ""degreeName"": ""BA"",
  ""level"": """",
  ""studyMode"": """",
  ""award"": """",
  ""intakeInfo"": ""October 2026"",
  ""courseDuration"": ""3 years"",
  ""tuitionFee"": """",
  ""currency"": """",
  ""ieltsMinOverall"": """",
  ""ieltsMinSection"": """"
}","","","","undergraduate/ug01410-1-ba-global-studies-and-language-studies.md","","","","","","","",""
"University of Essex","BA (Hons)  Language Studies and Linguistics","BA","https://www.essex.ac.uk/courses/UG01414/1/BA-Language-Studies-and-Linguistics","undergraduate/ug01414-1-ba-language-studies-and-linguistics.md","undergraduate","{
  ""courseName"": ""BA (Hons)  Language Studies and Linguistics"",
  ""courseUrlExternal"": ""https://www.essex.ac.uk/courses/UG01414/1/BA-Language-Studies-and-Linguistics"",
  ""degreeName"": ""BA"",
  ""level"": """",
  ""studyMode"": """",
  ""award"": """",
  ""intakeInfo"": ""October 2026"",
  ""courseDuration"": ""3 years"",
  ""tuitionFee"": """",
  ""currency"": """",
  ""ieltsMinOverall"": """",
  ""ieltsMinSection"": """"
}","","","","undergraduate/ug01414-1-ba-language-studies-and-linguistics.md","","","","","","","",""
"University of Essex","Integrated Master in Science: Biochemistry and Biotechnology","","https://www.essex.ac.uk/courses/UG01417/1/Integrated-Master-in-Science-Biochemistry-and-Biotechnology","undergraduate/ug01417-1-integrated-master-in-science-biochemistry-and-biotechnology.md","undergraduate","{
  ""courseName"": ""Integrated Master in Science: Biochemistry and Biotechnology"",
  ""courseUrlExternal"": ""https://www.essex.ac.uk/courses/UG01417/1/Integrated-Master-in-Science-Biochemistry-and-Biotechnology"",
  ""degreeName"": """",
  ""level"": """",
  ""studyMode"": """",
  ""award"": """",
  ""intakeInfo"": ""October 2026"",
  ""courseDuration"": ""4 years"",
  ""tuitionFee"": """",
  ""currency"": """",
  ""ieltsMinOverall"": """",
  ""ieltsMinSection"": """"
}","","","","undergraduate/ug01417-1-integrated-master-in-science-biochemistry-and-biotechnology.md","","","","","","","",""
"University of Essex","Integrated Master in Science: Tropical Marine Biology","","https://www.essex.ac.uk/courses/UG01419/1/Integrated-Master-in-Science-Tropical-Marine-Biology","undergraduate/ug01419-1-integrated-master-in-science-tropical-marine-biology.md","undergraduate","{
  ""courseName"": ""Integrated Master in Science: Tropical Marine Biology"",
  ""courseUrlExternal"": ""https://www.essex.ac.uk/courses/UG01419/1/Integrated-Master-in-Science-Tropical-Marine-Biology"",
  ""degreeName"": """",
  ""level"": """",
  ""studyMode"": """",
  ""award"": """",
  ""intakeInfo"": ""October 2026"",
  ""courseDuration"": ""4 years"",
  ""tuitionFee"": """",
  ""currency"": """",
  ""ieltsMinOverall"": """",
  ""ieltsMinSection"": """"
}","","","","undergraduate/ug01419-1-integrated-master-in-science-tropical-marine-biology.md","","","","","","","",""
"University of Essex","BA (Hons)  Social Sciences","BA","https://www.essex.ac.uk/courses/UG01420/1/BA-Social-Sciences","undergraduate/ug01420-1-ba-social-sciences.md","undergraduate","{
  ""courseName"": ""BA (Hons)  Social Sciences"",
  ""courseUrlExternal"": ""https://www.essex.ac.uk/courses/UG01420/1/BA-Social-Sciences"",
  ""degreeName"": ""BA"",
  ""level"": """",
  ""studyMode"": """",
  ""award"": """",
  ""intakeInfo"": ""October 2026"",
  ""courseDuration"": ""3 years"",
  ""tuitionFee"": """",
  ""currency"": """",
  ""ieltsMinOverall"": """",
  ""ieltsMinSection"": """"
}","","","","undergraduate/ug01420-1-ba-social-sciences.md","","","","","","","",""
"University of Essex","BA (Hons)  Global Studies and Latin American Studies","BA","https://www.essex.ac.uk/courses/UG01432/1/BA-Global-Studies-and-Latin-American-Studies","undergraduate/ug01432-1-ba-global-studies-and-latin-american-studies.md","undergraduate","{
  ""courseName"": ""BA (Hons)  Global Studies and Latin American Studies"",
  ""courseUrlExternal"": ""https://www.essex.ac.uk/courses/UG01432/1/BA-Global-Studies-and-Latin-American-Studies"",
  ""degreeName"": ""BA"",
  ""level"": """",
  ""studyMode"": """",
  ""award"": """",
  ""intakeInfo"": ""October 2026"",
  ""courseDuration"": ""4 years"",
  ""tuitionFee"": """",
  ""currency"": """",
  ""ieltsMinOverall"": """",
  ""ieltsMinSection"": """"
}","","","","undergraduate/ug01432-1-ba-global-studies-and-latin-american-studies.md","","","","","","","",""
"University of Essex","BA (Hons)  Curating with Politics","BA","https://www.essex.ac.uk/courses/UG01433/1/BA-Curating-with-Politics","undergraduate/ug01433-1-ba-curating-with-politics.md","undergraduate","{
  ""courseName"": ""BA (Hons)  Curating with Politics"",
  ""courseUrlExternal"": ""https://www.essex.ac.uk/courses/UG01433/1/BA-Curating-with-Politics"",
  ""degreeName"": ""BA"",
  ""level"": """",
  ""studyMode"": """",
  ""award"": """",
  ""intakeInfo"": ""October 2026"",
  ""courseDuration"": ""3 years"",
  ""tuitionFee"": """",
  ""currency"": """",
  ""ieltsMinOverall"": """",
  ""ieltsMinSection"": """"
}","","","","undergraduate/ug01433-1-ba-curating-with-politics.md","","","","","","","",""
"University of Essex","BA (Hons)  Curating with History","BA","https://www.essex.ac.uk/courses/UG01434/1/BA-Curating-with-History","undergraduate/ug01434-1-ba-curating-with-history.md","undergraduate","{
  ""courseName"": ""BA (Hons)  Curating with History"",
  ""courseUrlExternal"": ""https://www.essex.ac.uk/courses/UG01434/1/BA-Curating-with-History"",
  ""degreeName"": ""BA"",
  ""level"": """",
  ""studyMode"": """",
  ""award"": """",
  ""intakeInfo"": ""October 2026"",
  ""courseDuration"": ""3 years"",
  ""tuitionFee"": """",
  ""currency"": """",
  ""ieltsMinOverall"": """",
  ""ieltsMinSection"": """"
}","","","","undergraduate/ug01434-1-ba-curating-with-history.md","","","","","","","",""
"University of Essex","BA (Hons)  Art History, Heritage and Museum Studies","BA","https://www.essex.ac.uk/courses/UG01435/1/BA-Art-History-Heritage-and-Museum-Studies","undergraduate/ug01435-1-ba-art-history-heritage-and-museum-studies.md","undergraduate","{
  ""courseName"": ""BA (Hons)  Art History, Heritage and Museum Studies"",
  ""courseUrlExternal"": ""https://www.essex.ac.uk/courses/UG01435/1/BA-Art-History-Heritage-and-Museum-Studies"",
  ""degreeName"": ""BA"",
  ""level"": """",
  ""studyMode"": """",
  ""award"": """",
  ""intakeInfo"": ""October 2026"",
  ""courseDuration"": ""3 years"",
  ""tuitionFee"": """",
  ""currency"": """",
  ""ieltsMinOverall"": """",
  ""ieltsMinSection"": """"
}","","","","undergraduate/ug01435-1-ba-art-history-heritage-and-museum-studies.md","","","","","","","",""
"University of Essex","BA (Hons)  Curating, Heritage and Human Rights","BA","https://www.essex.ac.uk/courses/UG01439/1/BA-Curating-Heritage-and-Human-Rights","undergraduate/ug01439-1-ba-curating-heritage-and-human-rights.md","undergraduate","{
  ""courseName"": ""BA (Hons)  Curating, Heritage and Human Rights"",
  ""courseUrlExternal"": ""https://www.essex.ac.uk/courses/UG01439/1/BA-Curating-Heritage-and-Human-Rights"",
  ""degreeName"": ""BA"",
  ""level"": """",
  ""studyMode"": """",
  ""award"": """",
  ""intakeInfo"": ""October 2026"",
  ""courseDuration"": ""3 years"",
  ""tuitionFee"": """",
  ""currency"": """",
  ""ieltsMinOverall"": """",
  ""ieltsMinSection"": """"
}","","","","undergraduate/ug01439-1-ba-curating-heritage-and-human-rights.md","","","","","","","",""
"University of Essex","BA (Hons)  History and Heritage","BA","https://www.essex.ac.uk/courses/UG01442/1/BA-History-and-Heritage","undergraduate/ug01442-1-ba-history-and-heritage.md","undergraduate","{
  ""courseName"": ""BA (Hons)  History and Heritage"",
  ""courseUrlExternal"": ""https://www.essex.ac.uk/courses/UG01442/1/BA-History-and-Heritage"",
  ""degreeName"": ""BA"",
  ""level"": """",
  ""studyMode"": """",
  ""award"": """",
  ""intakeInfo"": ""October 2026"",
  ""courseDuration"": ""3 years"",
  ""tuitionFee"": """",
  ""currency"": """",
  ""ieltsMinOverall"": """",
  ""ieltsMinSection"": """"
}","","","","undergraduate/ug01442-1-ba-history-and-heritage.md","","","","","","","",""
"University of Essex","BA (Hons)  History and Law","BA","https://www.essex.ac.uk/courses/UG01444/1/BA-History-and-Law","undergraduate/ug01444-1-ba-history-and-law.md","undergraduate","{
  ""courseName"": ""BA (Hons)  History and Law"",
  ""courseUrlExternal"": ""https://www.essex.ac.uk/courses/UG01444/1/BA-History-and-Law"",
  ""degreeName"": ""BA"",
  ""level"": """",
  ""studyMode"": """",
  ""award"": """",
  ""intakeInfo"": ""October 2026"",
  ""courseDuration"": ""3 years"",
  ""tuitionFee"": """",
  ""currency"": """",
  ""ieltsMinOverall"": """",
  ""ieltsMinSection"": """"
}","","","","undergraduate/ug01444-1-ba-history-and-law.md","","","","","","","",""
"University of Essex","BSc (Hons)  Global Sustainability","BSc","https://www.essex.ac.uk/courses/UG01498/1/BSc-Global-Sustainability","undergraduate/ug01498-1-bsc-global-sustainability.md","undergraduate","{
  ""courseName"": ""BSc (Hons)  Global Sustainability"",
  ""courseUrlExternal"": ""https://www.essex.ac.uk/courses/UG01498/1/BSc-Global-Sustainability"",
  ""degreeName"": ""BSc"",
  ""level"": """",
  ""studyMode"": """",
  ""award"": """",
  ""intakeInfo"": ""October 2026"",
  ""courseDuration"": ""3 years"",
  ""tuitionFee"": """",
  ""currency"": """",
  ""ieltsMinOverall"": """",
  ""ieltsMinSection"": """"
}","","","","undergraduate/ug01498-1-bsc-global-sustainability.md","","","","","","","",""
"University of Essex","BSc (Hons)  Artificial Intelligence","BSc","https://www.essex.ac.uk/courses/UG01499/1/BSc-Artificial-Intelligence","undergraduate/ug01499-1-bsc-artificial-intelligence.md","undergraduate","{
  ""courseName"": ""BSc (Hons)  Artificial Intelligence"",
  ""courseUrlExternal"": ""https://www.essex.ac.uk/courses/UG01499/1/BSc-Artificial-Intelligence"",
  ""degreeName"": ""BSc"",
  ""level"": """",
  ""studyMode"": """",
  ""award"": """",
  ""intakeInfo"": ""October 2026"",
  ""courseDuration"": ""3 years"",
  ""tuitionFee"": """",
  ""currency"": """",
  ""ieltsMinOverall"": """",
  ""ieltsMinSection"": """"
}","","","","undergraduate/ug01499-1-bsc-artificial-intelligence.md","","","","","","","",""
"University of Essex","BA (Hons)  Drama and Creative Writing","BA","https://www.essex.ac.uk/courses/UG01501/1/BA-Drama-and-Creative-Writing","undergraduate/ug01501-1-ba-drama-and-creative-writing.md","undergraduate","{
  ""courseName"": ""BA (Hons)  Drama and Creative Writing"",
  ""courseUrlExternal"": ""https://www.essex.ac.uk/courses/UG01501/1/BA-Drama-and-Creative-Writing"",
  ""degreeName"": ""BA"",
  ""level"": """",
  ""studyMode"": """",
  ""award"": """",
  ""intakeInfo"": ""October 2026"",
  ""courseDuration"": ""3 years"",
  ""tuitionFee"": """",
  ""currency"": """",
  ""ieltsMinOverall"": """",
  ""ieltsMinSection"": """"
}","","","","undergraduate/ug01501-1-ba-drama-and-creative-writing.md","","","","","","","",""
"University of Essex","BA (Hons)  Film and Journalism","BA","https://www.essex.ac.uk/courses/UG01502/1/BA-Film-and-Journalism","undergraduate/ug01502-1-ba-film-and-journalism.md","undergraduate","{
  ""courseName"": ""BA (Hons)  Film and Journalism"",
  ""courseUrlExternal"": ""https://www.essex.ac.uk/courses/UG01502/1/BA-Film-and-Journalism"",
  ""degreeName"": ""BA"",
  ""level"": """",
  ""studyMode"": """",
  ""award"": """",
  ""intakeInfo"": ""October 2026"",
  ""courseDuration"": ""3 years"",
  ""tuitionFee"": """",
  ""currency"": """",
  ""ieltsMinOverall"": """",
  ""ieltsMinSection"": """"
}","","","","undergraduate/ug01502-1-ba-film-and-journalism.md","","","","","","","",""
"University of Essex","BSc (Hons)  Business Administration and Supply Chain Management","BSc","https://www.essex.ac.uk/courses/UG01504/1/BSc-Business-Administration-and-Supply-Chain-Management","undergraduate/ug01504-1-bsc-business-administration-and-supply-chain-management.md","undergraduate","{
  ""courseName"": ""BSc (Hons)  Business Administration and Supply Chain Management"",
  ""courseUrlExternal"": ""https://www.essex.ac.uk/courses/UG01504/1/BSc-Business-Administration-and-Supply-Chain-Management"",
  ""degreeName"": ""BSc"",
  ""level"": """",
  ""studyMode"": """",
  ""award"": """",
  ""intakeInfo"": ""October 2026"",
  ""courseDuration"": ""3 years"",
  ""tuitionFee"": """",
  ""currency"": """",
  ""ieltsMinOverall"": """",
  ""ieltsMinSection"": """"
}","","","","undergraduate/ug01504-1-bsc-business-administration-and-supply-chain-management.md","","","","","","","",""
"University of Essex","BA (Hons)  Global Studies with Sustainability","BA","https://www.essex.ac.uk/courses/UG01510/1/BA-Global-Studies-with-Sustainability","undergraduate/ug01510-1-ba-global-studies-with-sustainability.md","undergraduate","{
  ""courseName"": ""BA (Hons)  Global Studies with Sustainability"",
  ""courseUrlExternal"": ""https://www.essex.ac.uk/courses/UG01510/1/BA-Global-Studies-with-Sustainability"",
  ""degreeName"": ""BA"",
  ""level"": """",
  ""studyMode"": """",
  ""award"": """",
  ""intakeInfo"": ""October 2026"",
  ""courseDuration"": ""3 years"",
  ""tuitionFee"": """",
  ""currency"": """",
  ""ieltsMinOverall"": """",
  ""ieltsMinSection"": """"
}","","","","undergraduate/ug01510-1-ba-global-studies-with-sustainability.md","","","","","","","",""
"University of Essex","BA (Hons)  Journalism and Language Studies","BA","https://www.essex.ac.uk/courses/UG01514/1/BA-Journalism-and-Language-Studies","undergraduate/ug01514-1-ba-journalism-and-language-studies.md","undergraduate","{
  ""courseName"": ""BA (Hons)  Journalism and Language Studies"",
  ""courseUrlExternal"": ""https://www.essex.ac.uk/courses/UG01514/1/BA-Journalism-and-Language-Studies"",
  ""degreeName"": ""BA"",
  ""level"": """",
  ""studyMode"": """",
  ""award"": """",
  ""intakeInfo"": ""October 2026"",
  ""courseDuration"": ""3 years"",
  ""tuitionFee"": """",
  ""currency"": """",
  ""ieltsMinOverall"": """",
  ""ieltsMinSection"": """"
}","","","","undergraduate/ug01514-1-ba-journalism-and-language-studies.md","","","","","","","",""
"University of Essex","BA (Hons)  Sociology and Health","BA","https://www.essex.ac.uk/courses/UG01522/1/BA-Sociology-and-Health","undergraduate/ug01522-1-ba-sociology-and-health.md","undergraduate","{
  ""courseName"": ""BA (Hons)  Sociology and Health"",
  ""courseUrlExternal"": ""https://www.essex.ac.uk/courses/UG01522/1/BA-Sociology-and-Health"",
  ""degreeName"": ""BA"",
  ""level"": """",
  ""studyMode"": """",
  ""award"": """",
  ""intakeInfo"": ""October 2027"",
  ""courseDuration"": ""3 years"",
  ""tuitionFee"": """",
  ""currency"": """",
  ""ieltsMinOverall"": """",
  ""ieltsMinSection"": """"
}","","","","undergraduate/ug01522-1-ba-sociology-and-health.md","","","","","","","",""
"University of Essex","BSc (Hons)  Psychology with Sport and Exercise","BSc","https://www.essex.ac.uk/courses/UG01533/1/BSc-Psychology-with-Sport-and-Exercise","undergraduate/ug01533-1-bsc-psychology-with-sport-and-exercise.md","undergraduate","{
  ""courseName"": ""BSc (Hons)  Psychology with Sport and Exercise"",
  ""courseUrlExternal"": ""https://www.essex.ac.uk/courses/UG01533/1/BSc-Psychology-with-Sport-and-Exercise"",
  ""degreeName"": ""BSc"",
  ""level"": """",
  ""studyMode"": """",
  ""award"": """",
  ""intakeInfo"": ""October 2026"",
  ""courseDuration"": ""3 years"",
  ""tuitionFee"": """",
  ""currency"": """",
  ""ieltsMinOverall"": """",
  ""ieltsMinSection"": """"
}","","","","undergraduate/ug01533-1-bsc-psychology-with-sport-and-exercise.md","","","","","","","",""
"University of Essex","Integrated Master in Science: Nursing","","https://www.essex.ac.uk/courses/UG01535/1/Integrated-Master-in-Science-Nursing-Dual-Award-in-Adult-and-Mental-Health","undergraduate/ug01535-1-integrated-master-in-science-nursing-dual-award-in-adult-and-mental-health.md","undergraduate","{
  ""courseName"": ""Integrated Master in Science: Nursing"",
  ""courseUrlExternal"": ""https://www.essex.ac.uk/courses/UG01535/1/Integrated-Master-in-Science-Nursing-Dual-Award-in-Adult-and-Mental-Health"",
  ""degreeName"": """",
  ""level"": """",
  ""studyMode"": """",
  ""award"": """",
  ""intakeInfo"": ""October 2026"",
  ""courseDuration"": ""4 years"",
  ""tuitionFee"": """",
  ""currency"": """",
  ""ieltsMinOverall"": """",
  ""ieltsMinSection"": """"
}","","","","undergraduate/ug01535-1-integrated-master-in-science-nursing-dual-award-in-adult-and-mental-health.md","","","","","","","",""
"University of Essex","BSc (Hons)  Business and Human Resource Management","BSc","https://www.essex.ac.uk/courses/UG01545/1/BSc-Business-and-Human-Resource-Management","undergraduate/ug01545-1-bsc-business-and-human-resource-management.md","undergraduate","{
  ""courseName"": ""BSc (Hons)  Business and Human Resource Management"",
  ""courseUrlExternal"": ""https://www.essex.ac.uk/courses/UG01545/1/BSc-Business-and-Human-Resource-Management"",
  ""degreeName"": ""BSc"",
  ""level"": """",
  ""studyMode"": """",
  ""award"": """",
  ""intakeInfo"": ""October 2026"",
  ""courseDuration"": ""3 years"",
  ""tuitionFee"": """",
  ""currency"": """",
  ""ieltsMinOverall"": """",
  ""ieltsMinSection"": """"
}","","","","undergraduate/ug01545-1-bsc-business-and-human-resource-management.md","","","","","","","",""
"University of Essex","Certificate of HE Health and Social Care","","https://www.essex.ac.uk/courses/UG01559/1/Certificate-of-HE-Health-and-Social-Care","undergraduate/ug01559-1-certificate-of-he-health-and-social-care.md","undergraduate","{
  ""courseName"": ""Certificate of HE Health and Social Care"",
  ""courseUrlExternal"": ""https://www.essex.ac.uk/courses/UG01559/1/Certificate-of-HE-Health-and-Social-Care"",
  ""degreeName"": """",
  ""level"": """",
  ""studyMode"": """",
  ""award"": """",
  ""intakeInfo"": ""October 2026"",
  ""courseDuration"": ""1 year"",
  ""tuitionFee"": """",
  ""currency"": """",
  ""ieltsMinOverall"": """",
  ""ieltsMinSection"": """"
}","","","","undergraduate/ug01559-1-certificate-of-he-health-and-social-care.md","","","","","","","",""
"University of Essex","BA (Hons)  Philosophy, Ethics and Sustainability","BA","https://www.essex.ac.uk/courses/UG01567/1/BA-Philosophy-Ethics-and-Sustainability","undergraduate/ug01567-1-ba-philosophy-ethics-and-sustainability.md","undergraduate","{
  ""courseName"": ""BA (Hons)  Philosophy, Ethics and Sustainability"",
  ""courseUrlExternal"": ""https://www.essex.ac.uk/courses/UG01567/1/BA-Philosophy-Ethics-and-Sustainability"",
  ""degreeName"": ""BA"",
  ""level"": """",
  ""studyMode"": """",
  ""award"": """",
  ""intakeInfo"": ""October 2026"",
  ""courseDuration"": ""3 years"",
  ""tuitionFee"": """",
  ""currency"": """",
  ""ieltsMinOverall"": """",
  ""ieltsMinSection"": """"
}","","","","undergraduate/ug01567-1-ba-philosophy-ethics-and-sustainability.md","","","","","","","",""
"University of Essex","FdA International Tourism Management","","https://www.essex.ac.uk/courses/UG01585/1/FdA-International-Tourism-Management","undergraduate/ug01585-1-fda-international-tourism-management.md","undergraduate","{
  ""courseName"": ""FdA International Tourism Management"",
  ""courseUrlExternal"": ""https://www.essex.ac.uk/courses/UG01585/1/FdA-International-Tourism-Management"",
  ""degreeName"": """",
  ""level"": """",
  ""studyMode"": """",
  ""award"": """",
  ""intakeInfo"": ""October 2026"",
  ""courseDuration"": ""2 years"",
  ""tuitionFee"": """",
  ""currency"": """",
  ""ieltsMinOverall"": """",
  ""ieltsMinSection"": """"
}","","","","undergraduate/ug01585-1-fda-international-tourism-management.md","","","","","","","",""
"University of Essex","BA (Hons)  International Tourism Management","BA","https://www.essex.ac.uk/courses/UG01585/2/BA-International-Tourism-Management","undergraduate/ug01585-2-ba-international-tourism-management.md","undergraduate","{
  ""courseName"": ""BA (Hons)  International Tourism Management"",
  ""courseUrlExternal"": ""https://www.essex.ac.uk/courses/UG01585/2/BA-International-Tourism-Management"",
  ""degreeName"": ""BA"",
  ""level"": """",
  ""studyMode"": """",
  ""award"": """",
  ""intakeInfo"": ""October 2026"",
  ""courseDuration"": ""3 years"",
  ""tuitionFee"": """",
  ""currency"": """",
  ""ieltsMinOverall"": """",
  ""ieltsMinSection"": """"
}","","","","undergraduate/ug01585-2-ba-international-tourism-management.md","","","","","","","",""
"University of Essex","BSc (Hons)  Business and Analytics","BSc","https://www.essex.ac.uk/courses/UG01601/1/BSc-Business-and-Analytics","undergraduate/ug01601-1-bsc-business-and-analytics.md","undergraduate","{
  ""courseName"": ""BSc (Hons)  Business and Analytics"",
  ""courseUrlExternal"": ""https://www.essex.ac.uk/courses/UG01601/1/BSc-Business-and-Analytics"",
  ""degreeName"": ""BSc"",
  ""level"": """",
  ""studyMode"": """",
  ""award"": """",
  ""intakeInfo"": ""October 2026"",
  ""courseDuration"": ""3 years"",
  ""tuitionFee"": """",
  ""currency"": """",
  ""ieltsMinOverall"": """",
  ""ieltsMinSection"": """"
}","","","","undergraduate/ug01601-1-bsc-business-and-analytics.md","","","","","","","",""
"University of Essex","BA (Hons)  Stage Management","BA","https://www.essex.ac.uk/courses/UG01619/1/BA-Stage-Management","undergraduate/ug01619-1-ba-stage-management.md","undergraduate","{
  ""courseName"": ""BA (Hons)  Stage Management"",
  ""courseUrlExternal"": ""https://www.essex.ac.uk/courses/UG01619/1/BA-Stage-Management"",
  ""degreeName"": ""BA"",
  ""level"": """",
  ""studyMode"": """",
  ""award"": """",
  ""intakeInfo"": ""October 2026"",
  ""courseDuration"": ""3 years"",
  ""tuitionFee"": """",
  ""currency"": """",
  ""ieltsMinOverall"": """",
  ""ieltsMinSection"": """"
}","","","","undergraduate/ug01619-1-ba-stage-management.md","","","","","","","",""
"University of Essex","BA (Hons)  Urban Sustainability Studies","BA","https://www.essex.ac.uk/courses/UG01651/1/BA-Urban-Sustainability-Studies","undergraduate/ug01651-1-ba-urban-sustainability-studies.md","undergraduate","{
  ""courseName"": ""BA (Hons)  Urban Sustainability Studies"",
  ""courseUrlExternal"": ""https://www.essex.ac.uk/courses/UG01651/1/BA-Urban-Sustainability-Studies"",
  ""degreeName"": ""BA"",
  ""level"": """",
  ""studyMode"": """",
  ""award"": """",
  ""intakeInfo"": ""October 2026"",
  ""courseDuration"": ""3 years"",
  ""tuitionFee"": """",
  ""currency"": """",
  ""ieltsMinOverall"": """",
  ""ieltsMinSection"": """"
}","","","","undergraduate/ug01651-1-ba-urban-sustainability-studies.md","","","","","","","",""
"University of Essex","BA (Hons)  International Affairs","BA","https://www.essex.ac.uk/courses/UG01657/1/BA-International-Affairs","undergraduate/ug01657-1-ba-international-affairs.md","undergraduate","{
  ""courseName"": ""BA (Hons)  International Affairs"",
  ""courseUrlExternal"": ""https://www.essex.ac.uk/courses/UG01657/1/BA-International-Affairs"",
  ""degreeName"": ""BA"",
  ""level"": """",
  ""studyMode"": """",
  ""award"": """",
  ""intakeInfo"": ""October 2026"",
  ""courseDuration"": ""1 year"",
  ""tuitionFee"": """",
  ""currency"": """",
  ""ieltsMinOverall"": """",
  ""ieltsMinSection"": """"
}","","","","undergraduate/ug01657-1-ba-international-affairs.md","","","","","","","",""
"University of Essex","BA (Hons)  International Affairs and Economics","BA","https://www.essex.ac.uk/courses/UG01658/1/BA-International-Affairs-and-Economics","undergraduate/ug01658-1-ba-international-affairs-and-economics.md","undergraduate","{
  ""courseName"": ""BA (Hons)  International Affairs and Economics"",
  ""courseUrlExternal"": ""https://www.essex.ac.uk/courses/UG01658/1/BA-International-Affairs-and-Economics"",
  ""degreeName"": ""BA"",
  ""level"": """",
  ""studyMode"": """",
  ""award"": """",
  ""intakeInfo"": ""October 2026"",
  ""courseDuration"": ""1 year"",
  ""tuitionFee"": """",
  ""currency"": """",
  ""ieltsMinOverall"": """",
  ""ieltsMinSection"": """"
}","","","","undergraduate/ug01658-1-ba-international-affairs-and-economics.md","","","","","","","",""
"University of Essex","BSc (Hons)  Sport Coaching","BSc","https://www.essex.ac.uk/courses/UG01663/1/BSc-Sport-Coaching","undergraduate/ug01663-1-bsc-sport-coaching.md","undergraduate","{
  ""courseName"": ""BSc (Hons)  Sport Coaching"",
  ""courseUrlExternal"": ""https://www.essex.ac.uk/courses/UG01663/1/BSc-Sport-Coaching"",
  ""degreeName"": ""BSc"",
  ""level"": """",
  ""studyMode"": """",
  ""award"": """",
  ""intakeInfo"": ""October 2026"",
  ""courseDuration"": ""3 years"",
  ""tuitionFee"": """",
  ""currency"": """",
  ""ieltsMinOverall"": """",
  ""ieltsMinSection"": """"
}","","","","undergraduate/ug01663-1-bsc-sport-coaching.md","","","","","","","",""
"University of Essex","FdSc Dental Hygiene","FdSc","https://www.essex.ac.uk/courses/UG01664/1/FdSc-Dental-Hygiene","undergraduate/ug01664-1-fdsc-dental-hygiene.md","undergraduate","{
  ""courseName"": ""FdSc Dental Hygiene"",
  ""courseUrlExternal"": ""https://www.essex.ac.uk/courses/UG01664/1/FdSc-Dental-Hygiene"",
  ""degreeName"": ""FdSc"",
  ""level"": """",
  ""studyMode"": """",
  ""award"": """",
  ""intakeInfo"": ""September 2026"",
  ""courseDuration"": ""2 years"",
  ""tuitionFee"": """",
  ""currency"": """",
  ""ieltsMinOverall"": """",
  ""ieltsMinSection"": """"
}","","","","undergraduate/ug01664-1-fdsc-dental-hygiene.md","","","","","","","",""
"University of Essex","BSc (Hons)  Dental Hygiene and Therapy","BSc","https://www.essex.ac.uk/courses/UG01664/2/BSc-Dental-Hygiene-and-Therapy","undergraduate/ug01664-2-bsc-dental-hygiene-and-therapy.md","undergraduate","{
  ""courseName"": ""BSc (Hons)  Dental Hygiene and Therapy"",
  ""courseUrlExternal"": ""https://www.essex.ac.uk/courses/UG01664/2/BSc-Dental-Hygiene-and-Therapy"",
  ""degreeName"": ""BSc"",
  ""level"": """",
  ""studyMode"": """",
  ""award"": """",
  ""intakeInfo"": ""September 2026"",
  ""courseDuration"": ""3 years"",
  ""tuitionFee"": """",
  ""currency"": """",
  ""ieltsMinOverall"": """",
  ""ieltsMinSection"": """"
}","","","","undergraduate/ug01664-2-bsc-dental-hygiene-and-therapy.md","","","","","","","",""
"University of Essex","Certificate of HE Technical Theatre and Production Arts","","https://www.essex.ac.uk/courses/UG01674/1/Certificate-of-HE-Technical-Theatre-and-Production-Arts","undergraduate/ug01674-1-certificate-of-he-technical-theatre-and-production-arts.md","undergraduate","{
  ""courseName"": ""Certificate of HE Technical Theatre and Production Arts"",
  ""courseUrlExternal"": ""https://www.essex.ac.uk/courses/UG01674/1/Certificate-of-HE-Technical-Theatre-and-Production-Arts"",
  ""degreeName"": """",
  ""level"": """",
  ""studyMode"": """",
  ""award"": """",
  ""intakeInfo"": ""October 2026"",
  ""courseDuration"": ""1 year"",
  ""tuitionFee"": """",
  ""currency"": """",
  ""ieltsMinOverall"": """",
  ""ieltsMinSection"": """"
}","","","","undergraduate/ug01674-1-certificate-of-he-technical-theatre-and-production-arts.md","","","","","","","",""
"University of Essex","BSc (Hons)  Cyber Security","BSc","https://www.essex.ac.uk/courses/UG01677/1/BSc-Cyber-Security","undergraduate/ug01677-1-bsc-cyber-security.md","undergraduate","{
  ""courseName"": ""BSc (Hons)  Cyber Security"",
  ""courseUrlExternal"": ""https://www.essex.ac.uk/courses/UG01677/1/BSc-Cyber-Security"",
  ""degreeName"": ""BSc"",
  ""level"": """",
  ""studyMode"": """",
  ""award"": """",
  ""intakeInfo"": ""October 2026"",
  ""courseDuration"": ""3 years"",
  ""tuitionFee"": """",
  ""currency"": """",
  ""ieltsMinOverall"": """",
  ""ieltsMinSection"": """"
}","","","","undergraduate/ug01677-1-bsc-cyber-security.md","","","","","","","",""
