uniName,programmeName,courseName,minDegreeName,minGpa,higherDegreeName,higherGpa,AcademicRequirementsMetaData,intakeInfo,courseDuration,tuitionFee,currency,initialDeposit,applicationFee,feesMetaData,commission,applicationDeadline,ieltsMinOverall,ieltsMinSection,toeflMinOverall,toeflMinSection,pteMinOverall,pteMinSection,scholarshipName,scholarshipAmount,scholarshipType,scholarshipMetaData,degreeName,courseUrlExternal,Uni_Academic_Requirements,Uni_English_Requirements,Uni_Deposit,Uni_Scholarship,Result,courseScraped,Uni_metadate
University of Essex,Computer Science,International Affairs and Economics,IB,60,,60,"[{""subtitle"": ""Entry requirements"", ""description"": [""To be eligible for most Undergraduate Bachelor degree courses, applicants must have an average of 60% in the best four subjects from Indian high school qualifications."", ""Achieving 70% in English from CBSE or CISCE exempts from additional English tests."", ""Some courses may have higher requirements.""]}, {""subtitle"": ""English Requirement"", ""description"": [""If not exempt, English test scores are needed.""]}]",2026-10-01,12 months,22600,GBP,,0,,0,,,,,,,,,,,,BA,https://www.essex.ac.uk/courses/UG01658/1/BA-International-Affairs-and-Economics?startdate=26-10,,,,,,,
University of Essex,Computer Science,International Affairs,IB,60,,60,"[{""subtitle"": ""Entry requirements"", ""description"": [""To be eligible for most Undergraduate Bachelor degree courses, applicants must have an average of 60% in the best four subjects from Indian high school qualifications."", ""Achieving 70% in English from CBSE or CISCE exempts from additional English tests."", ""Some courses may have higher requirements.""]}, {""subtitle"": ""English Requirement"", ""description"": [""If not exempt, English test scores are needed.""]}]",2026-10-01,12 months,22600,GBP,,0,,0,,,,,,,,,,,,BA,https://www.essex.ac.uk/courses/UG01657/1/BA-International-Affairs?startdate=26-10,,,,,,,
University of Essex,Criminology,History and Criminology,IB,60,,60,"[{""subtitle"": ""Entry requirements"", ""description"": [""To be eligible for most Undergraduate Bachelor degree courses, applicants must have an average of 60% in the best four subjects from Indian high school qualifications."", ""Achieving 70% in English from CBSE or CISCE exempts from additional English tests."", ""Some courses may have higher requirements.""]}, {""subtitle"": ""English Requirement"", ""description"": [""If not exempt, English test scores are needed.""]}]",2026-10-01,36 months,20475,GBP,,0,,0,,,,,,,,,,,,BA,https://www.essex.ac.uk/courses/UG00190/1/BA-History-and-Criminology?startdate=2024/25,,,,,,,
University of Essex,Computer Science,Urban Sustainability Studies,IB,60,,60,"[{""subtitle"": ""Entry requirements"", ""description"": [""To be eligible for most Undergraduate Bachelor degree courses, applicants must have an average of 60% in the best four subjects from Indian high school qualifications."", ""Achieving 70% in English from CBSE or CISCE exempts from additional English tests."", ""Some courses may have higher requirements.""]}, {""subtitle"": ""English Requirement"", ""description"": [""If not exempt, English test scores are needed.""]}]",2026-10-01,36 months,21500,GBP,,0,,0,,,,,,,,,,,,BA,https://www.essex.ac.uk/courses/UG01651/1/BA-Urban-Sustainability-Studies?startdate=26-10,,,,,,,
University of Essex,"Hospitality, Event Management and Tourism",Events Management,IB,60,,60,"[{""subtitle"": ""Entry requirements"", ""description"": [""To be eligible for most Undergraduate Bachelor degree courses, applicants must have an average of 60% in the best four subjects from Indian high school qualifications."", ""Achieving 70% in English from CBSE or CISCE exempts from additional English tests."", ""Some courses may have higher requirements.""]}, {""subtitle"": ""English Requirement"", ""description"": [""If not exempt, English test scores are needed.""]}]",2026-10-01,36 months,21500,GBP,,0,,0,,,,,,,,,,,,BA,https://www.essex.ac.uk/courses/UG01328/2/BA-Events-Management?startdate=24-10&coursecode=N888,,,,,,,
University of Essex,Education,American Studies (United States) with Film,IB,60,,60,"[{""subtitle"": ""Entry requirements"", ""description"": [""To be eligible for most Undergraduate Bachelor degree courses, applicants must have an average of 60% in the best four subjects from Indian high school qualifications."", ""Achieving 70% in English from CBSE or CISCE exempts from additional English tests."", ""Some courses may have higher requirements.""]}, {""subtitle"": ""English Requirement"", ""description"": [""If not exempt, English test scores are needed.""]}]",2026-10-01,36 months,21500,GBP,,0,,0,,,,,,,,,,,,BA,https://www.essex.ac.uk/courses/UG00014/1/BA-American-Studies-United-States?startdate=2024/25,,,,,,,
University of Essex,Criminology,Criminology and American Studies,IB,60,,60,"[{""subtitle"": ""Entry requirements"", ""description"": [""To be eligible for most Undergraduate Bachelor degree courses, applicants must have an average of 60% in the best four subjects from Indian high school qualifications."", ""Achieving 70% in English from CBSE or CISCE exempts from additional English tests."", ""Some courses may have higher requirements.""]}, {""subtitle"": ""English Requirement"", ""description"": [""If not exempt, English test scores are needed.""]}]",2026-10-01,36 months,21500,GBP,,0,,0,,,,,,,,,,,,BA,https://www.essex.ac.uk/courses/UG00090/1/BA-Criminology-and-American-Studies?startdate=2024/25,,,,,,,
University of Essex,Education,Film Studies,IB,60,,60,"[{""subtitle"": ""Entry requirements"", ""description"": [""To be eligible for most Undergraduate Bachelor degree courses, applicants must have an average of 60% in the best four subjects from Indian high school qualifications."", ""Achieving 70% in English from CBSE or CISCE exempts from additional English tests."", ""Some courses may have higher requirements.""]}, {""subtitle"": ""English Requirement"", ""description"": [""If not exempt, English test scores are needed.""]}]",2026-10-01,36 months,21500,GBP,,0,,0,,,,,,,,,,,,BA,https://www.essex.ac.uk/courses/ug00164/1/ba-film-studies,,,,,,,
University of Essex,"Hospitality, Event Management and Tourism",Tourism,IB,60,,60,"[{""subtitle"": ""Entry requirements"", ""description"": [""To be eligible for most Undergraduate Bachelor degree courses, applicants must have an average of 60% in the best four subjects from Indian high school qualifications."", ""Achieving 70% in English from CBSE or CISCE exempts from additional English tests."", ""Some courses may have higher requirements.""]}, {""subtitle"": ""English Requirement"", ""description"": [""If not exempt, English test scores are needed.""]}]",2026-10-01,36 months,21500,GBP,,0,,0,,,,,,,,,,,,BA,https://www.essex.ac.uk/courses/UG01585/2/BA-Tourism,,,,,,,
University of Essex,Computer Science,"Philosophy, Ethics and Sustainability (Including Year Abroad) (3 Years)",IB,60,,60,"[{""subtitle"": ""Entry requirements"", ""description"": [""To be eligible for most Undergraduate Bachelor degree courses, applicants must have an average of 60% in the best four subjects from Indian high school qualifications."", ""Achieving 70% in English from CBSE or CISCE exempts from additional English tests."", ""Some courses may have higher requirements.""]}, {""subtitle"": ""English Requirement"", ""description"": [""If not exempt, English test scores are needed.""]}]",2026-10-01,36 months,21500,GBP,,0,,0,,,,,,,,,,,,BA,https://www.essex.ac.uk/courses/UG01567/1/BA-Philosophy-Ethics-and-Sustainability?coursecode=V5L8,,,,,,,
University of Essex,"Hospitality, Event Management and Tourism",International Tourism Management,IB,60,,60,"[{""subtitle"": ""Entry requirements"", ""description"": [""To be eligible for most Undergraduate Bachelor degree courses, applicants must have an average of 60% in the best four subjects from Indian high school qualifications."", ""Achieving 70% in English from CBSE or CISCE exempts from additional English tests."", ""Some courses may have higher requirements.""]}, {""subtitle"": ""English Requirement"", ""description"": [""If not exempt, English test scores are needed.""]}]",2026-10-01,36 months,21500,GBP,,0,,0,,,,,,,,,,,,BA,https://www.essex.ac.uk/courses/UG01585/2/BA-International-Tourism-Management?_cldee=diblCGeZ9rnkvm3eEf2i9hXYCMxI6STM3HB_Ejvy6T2ZT_c8ACVIB7yRje4WVWfo&recipientid=contact-47d41163c34def11a317002248077aa5-1d84c2c334f0424396e45a327d7d6dea&utm_source=ClickDimensions&utm_medium=email&utm_campaign=Agent%20Comms%2021%2F22&esid=1f8f415d-eed4-ef11-8ee9-6045bd11739b,,,,,,,
University of Essex,Drama and Dance,History and Drama,IB,60,,60,"[{""subtitle"": ""Entry requirements"", ""description"": [""To be eligible for most Undergraduate Bachelor degree courses, applicants must have an average of 60% in the best four subjects from Indian high school qualifications."", ""Achieving 70% in English from CBSE or CISCE exempts from additional English tests."", ""Some courses may have higher requirements.""]}, {""subtitle"": ""English Requirement"", ""description"": [""If not exempt, English test scores are needed.""]}]",2026-10-01,36 months,21500,GBP,,0,,0,,,,,,,,,,,,BA,https://www.essex.ac.uk/courses/UG01445/1/BA-History-and-Drama,,,,,,,
University of Essex,"Hospitality, Event Management and Tourism",International Tourism Management,IB,60,,60,"[{""subtitle"": ""Entry requirements"", ""description"": [""To be eligible for most Undergraduate Bachelor degree courses, applicants must have an average of 60% in the best four subjects from Indian high school qualifications."", ""Achieving 70% in English from CBSE or CISCE exempts from additional English tests."", ""Some courses may have higher requirements.""]}, {""subtitle"": ""English Requirement"", ""description"": [""If not exempt, English test scores are needed.""]}]",2026-10-01,36 months,21500,GBP,,0,,0,,,,,,,,,,,,BA,https://www.essex.ac.uk/courses/UG01585/2/BA-International-Tourism-Management,,,,,,,
University of Essex,Education,Film Studies and Art History,IB,60,,60,"[{""subtitle"": ""Entry requirements"", ""description"": [""To be eligible for most Undergraduate Bachelor degree courses, applicants must have an average of 60% in the best four subjects from Indian high school qualifications."", ""Achieving 70% in English from CBSE or CISCE exempts from additional English tests."", ""Some courses may have higher requirements.""]}, {""subtitle"": ""English Requirement"", ""description"": [""If not exempt, English test scores are needed.""]}]",2026-10-01,36 months,21500,GBP,,0,,0,,,,,,,,,,,,BA,https://www.essex.ac.uk/courses/UG00165/1/BA-Film-Studies-and-Art-History,,,,,,,
University of Essex,Creative Writing,Creative Writing,IB,60,,60,"[{""subtitle"": ""Entry requirements"", ""description"": [""To be eligible for most Undergraduate Bachelor degree courses, applicants must have an average of 60% in the best four subjects from Indian high school qualifications."", ""Achieving 70% in English from CBSE or CISCE exempts from additional English tests."", ""Some courses may have higher requirements.""]}, {""subtitle"": ""English Requirement"", ""description"": [""If not exempt, English test scores are needed.""]}]",2026-10-01,36 months,21500,GBP,,0,,0,,,,,,,,,,,,BA,https://www.essex.ac.uk/courses/UG00088/1/BA-Creative-Writing?startdate=2024/25,,,,,,,
University of Essex,Criminology,Criminology with Counselling Skills,IB,60,,60,"[{""subtitle"": ""Entry requirements"", ""description"": [""To be eligible for most Undergraduate Bachelor degree courses, applicants must have an average of 60% in the best four subjects from Indian high school qualifications."", ""Achieving 70% in English from CBSE or CISCE exempts from additional English tests."", ""Some courses may have higher requirements.""]}, {""subtitle"": ""English Requirement"", ""description"": [""If not exempt, English test scores are needed.""]}]",2026-10-01,36 months,21500,GBP,,0,,0,,,,,,,,,,,,BA,https://www.essex.ac.uk/courses/UG01290/1/BA-Criminology-with-Counselling-Skills?startdate=2024/25,,,,,,,
University of Essex,Criminology,Criminology with Social Psychology,IB,60,,60,"[{""subtitle"": ""Entry requirements"", ""description"": [""To be eligible for most Undergraduate Bachelor degree courses, applicants must have an average of 60% in the best four subjects from Indian high school qualifications."", ""Achieving 70% in English from CBSE or CISCE exempts from additional English tests."", ""Some courses may have higher requirements.""]}, {""subtitle"": ""English Requirement"", ""description"": [""If not exempt, English test scores are needed.""]}]",2026-10-01,36 months,21500,GBP,,0,,0,,,,,,,,,,,,BA,https://www.essex.ac.uk/courses/UG00092/1/BA-Criminology-with-Social-Psychology?startdate=2024/25,,,,,,,
University of Essex,Politics,Curating with Politics,IB,60,,60,"[{""subtitle"": ""Entry requirements"", ""description"": [""To be eligible for most Undergraduate Bachelor degree courses, applicants must have an average of 60% in the best four subjects from Indian high school qualifications."", ""Achieving 70% in English from CBSE or CISCE exempts from additional English tests."", ""Some courses may have higher requirements.""]}, {""subtitle"": ""English Requirement"", ""description"": [""If not exempt, English test scores are needed.""]}]",2026-10-01,36 months,21500,GBP,,0,,0,,,,,,,,,,,,BA,https://www.essex.ac.uk/courses/UG01433/1/BA-Curating-with-Politics?startdate=2024/25,,,,,,,
University of Essex,Drama and Dance,Drama,IB,60,,60,"[{""subtitle"": ""Entry requirements"", ""description"": [""To be eligible for most Undergraduate Bachelor degree courses, applicants must have an average of 60% in the best four subjects from Indian high school qualifications."", ""Achieving 70% in English from CBSE or CISCE exempts from additional English tests."", ""Some courses may have higher requirements.""]}, {""subtitle"": ""English Requirement"", ""description"": [""If not exempt, English test scores are needed.""]}]",2026-10-01,36 months,21500,GBP,,0,,0,,,,,,,,,,,,BA,https://www.essex.ac.uk/courses/UG00097/1/BA-Drama?startdate=2024/25,,,,,,,
University of Essex,Creative Writing,Drama and Creative Writing,IB,60,,60,"[{""subtitle"": ""Entry requirements"", ""description"": [""To be eligible for most Undergraduate Bachelor degree courses, applicants must have an average of 60% in the best four subjects from Indian high school qualifications."", ""Achieving 70% in English from CBSE or CISCE exempts from additional English tests."", ""Some courses may have higher requirements.""]}, {""subtitle"": ""English Requirement"", ""description"": [""If not exempt, English test scores are needed.""]}]",2026-10-01,36 months,21500,GBP,,0,,0,,,,,,,,,,,,BA,https://www.essex.ac.uk/courses/UG01501/1/BA-Drama-and-Creative-Writing?startdate=2024/25,,,,,,,
University of Essex,Drama and Dance,Drama and Literature,IB,60,,60,"[{""subtitle"": ""Entry requirements"", ""description"": [""To be eligible for most Undergraduate Bachelor degree courses, applicants must have an average of 60% in the best four subjects from Indian high school qualifications."", ""Achieving 70% in English from CBSE or CISCE exempts from additional English tests."", ""Some courses may have higher requirements.""]}, {""subtitle"": ""English Requirement"", ""description"": [""If not exempt, English test scores are needed.""]}]",2026-10-01,36 months,21500,GBP,,0,,0,,,,,,,,,,,,BA,https://www.essex.ac.uk/courses/UG00098/1/BA-Drama-and-Literature?startdate=2024/25,,,,,,,
University of Essex,English Literature,English Literature,IB,60,,60,"[{""subtitle"": ""Entry requirements"", ""description"": [""To be eligible for most Undergraduate Bachelor degree courses, applicants must have an average of 60% in the best four subjects from Indian high school qualifications."", ""Achieving 70% in English from CBSE or CISCE exempts from additional English tests."", ""Some courses may have higher requirements.""]}, {""subtitle"": ""English Requirement"", ""description"": [""If not exempt, English test scores are needed.""]}]",2026-10-01,36 months,21500,GBP,,0,,0,,,,,,,,,,,,BA,https://www.essex.ac.uk/courses/ug00139/1/ba-english-literature,,,,,,,
University of Essex,Drama and Dance,Film and Drama,IB,60,,60,"[{""subtitle"": ""Entry requirements"", ""description"": [""To be eligible for most Undergraduate Bachelor degree courses, applicants must have an average of 60% in the best four subjects from Indian high school qualifications."", ""Achieving 70% in English from CBSE or CISCE exempts from additional English tests."", ""Some courses may have higher requirements.""]}, {""subtitle"": ""English Requirement"", ""description"": [""If not exempt, English test scores are needed.""]}]",2026-10-01,36 months,21500,GBP,,0,,0,,,,,,,,,,,,BA,https://www.essex.ac.uk/courses/ug01371/1/ba-film-and-drama,,,,,,,
University of Essex,Film Production,Film and Journalism,IB,60,,60,"[{""subtitle"": ""Entry requirements"", ""description"": [""To be eligible for most Undergraduate Bachelor degree courses, applicants must have an average of 60% in the best four subjects from Indian high school qualifications."", ""Achieving 70% in English from CBSE or CISCE exempts from additional English tests."", ""Some courses may have higher requirements.""]}, {""subtitle"": ""English Requirement"", ""description"": [""If not exempt, English test scores are needed.""]}]",2026-10-01,36 months,21500,GBP,,0,,0,,,,,,,,,,,,BA,https://www.essex.ac.uk/courses/ug01502/1/ba-journalism-and-film,,,,,,,
University of Essex,Education,Film Studies and Literature,IB,60,,60,"[{""subtitle"": ""Entry requirements"", ""description"": [""To be eligible for most Undergraduate Bachelor degree courses, applicants must have an average of 60% in the best four subjects from Indian high school qualifications."", ""Achieving 70% in English from CBSE or CISCE exempts from additional English tests."", ""Some courses may have higher requirements.""]}, {""subtitle"": ""English Requirement"", ""description"": [""If not exempt, English test scores are needed.""]}]",2026-10-01,36 months,21500,GBP,,0,,0,,,,,,,,,,,,BA,https://www.essex.ac.uk/courses/ug00166/1/ba-film-studies-and-literature,,,,,,,
University of Essex,Business and Management,Global Studies with Business Management,IB,60,,60,"[{""subtitle"": ""Entry requirements"", ""description"": [""To be eligible for most Undergraduate Bachelor degree courses, applicants must have an average of 60% in the best four subjects from Indian high school qualifications."", ""Achieving 70% in English from CBSE or CISCE exempts from additional English tests."", ""Some courses may have higher requirements.""]}, {""subtitle"": ""English Requirement"", ""description"": [""If not exempt, English test scores are needed.""]}]",2026-10-01,36 months,21500,GBP,,0,,0,,,,,,,,,,,,BA,https://www.essex.ac.uk/courses/ug01377/1/ba-global-studies-with-business-management,,,,,,,
University of Essex,Education,Global Studies with Politics,IB,60,,60,"[{""subtitle"": ""Entry requirements"", ""description"": [""To be eligible for most Undergraduate Bachelor degree courses, applicants must have an average of 60% in the best four subjects from Indian high school qualifications."", ""Achieving 70% in English from CBSE or CISCE exempts from additional English tests."", ""Some courses may have higher requirements.""]}, {""subtitle"": ""English Requirement"", ""description"": [""If not exempt, English test scores are needed.""]}]",2026-10-01,36 months,21500,GBP,,0,,0,,,,,,,,,,,,BA,https://www.essex.ac.uk/courses/ug01341/1/ba-global-studies-with-politics,,,,,,,
University of Essex,Computer Science,Global Studies with Sustainability,IB,60,,60,"[{""subtitle"": ""Entry requirements"", ""description"": [""To be eligible for most Undergraduate Bachelor degree courses, applicants must have an average of 60% in the best four subjects from Indian high school qualifications."", ""Achieving 70% in English from CBSE or CISCE exempts from additional English tests."", ""Some courses may have higher requirements.""]}, {""subtitle"": ""English Requirement"", ""description"": [""If not exempt, English test scores are needed.""]}]",2026-10-01,36 months,21500,GBP,,0,,0,,,,,,,,,,,,BA,https://www.essex.ac.uk/courses/ug01510/1/ba-global-studies-with-sustainability,,,,,,,
University of Essex,Law,History and Law,IB,60,,60,"[{""subtitle"": ""Entry requirements"", ""description"": [""To be eligible for most Undergraduate Bachelor degree courses, applicants must have an average of 60% in the best four subjects from Indian high school qualifications."", ""Achieving 70% in English from CBSE or CISCE exempts from additional English tests."", ""Some courses may have higher requirements.""]}, {""subtitle"": ""English Requirement"", ""description"": [""If not exempt, English test scores are needed.""]}]",2026-10-01,36 months,21500,GBP,,0,,0,,,,,,,,,,,,BA,https://www.essex.ac.uk/courses/ug01444/1/ba-history-and-law,,,,,,,
University of Essex,Education,History with Film Studies,IB,60,,60,"[{""subtitle"": ""Entry requirements"", ""description"": [""To be eligible for most Undergraduate Bachelor degree courses, applicants must have an average of 60% in the best four subjects from Indian high school qualifications."", ""Achieving 70% in English from CBSE or CISCE exempts from additional English tests."", ""Some courses may have higher requirements.""]}, {""subtitle"": ""English Requirement"", ""description"": [""If not exempt, English test scores are needed.""]}]",2026-10-01,36 months,21500,GBP,,0,,0,,,,,,,,,,,,BA,https://www.essex.ac.uk/courses/ug00203/1/ba-history-with-film-studies,,,,,,,
University of Essex,"Hospitality, Event Management and Tourism",Hospitality Management,IB,60,,60,"[{""subtitle"": ""Entry requirements"", ""description"": [""To be eligible for most Undergraduate Bachelor degree courses, applicants must have an average of 60% in the best four subjects from Indian high school qualifications."", ""Achieving 70% in English from CBSE or CISCE exempts from additional English tests."", ""Some courses may have higher requirements.""]}, {""subtitle"": ""English Requirement"", ""description"": [""If not exempt, English test scores are needed.""]}]",2026-10-01,36 months,21500,GBP,,0,,0,,,,,,,,,,,,BA,https://www.essex.ac.uk/courses/ug01327/2/ba-hospitality-management,,,,,,,
University of Essex,"Hospitality, Event Management and Tourism",Hospitality Management (Year Abroad),IB,60,,60,"[{""subtitle"": ""Entry requirements"", ""description"": [""To be eligible for most Undergraduate Bachelor degree courses, applicants must have an average of 60% in the best four subjects from Indian high school qualifications."", ""Achieving 70% in English from CBSE or CISCE exempts from additional English tests."", ""Some courses may have higher requirements.""]}, {""subtitle"": ""English Requirement"", ""description"": [""If not exempt, English test scores are needed.""]}]",2026-10-01,36 months,21500,GBP,,0,,0,,,,,,,,,,,,BA,https://www.essex.ac.uk/courses/ug01327/2/ba-hospitality-management?coursecode=NA86,,,,,,,
University of Essex,Criminology,Journalism and Criminology,IB,60,,60,"[{""subtitle"": ""Entry requirements"", ""description"": [""To be eligible for most Undergraduate Bachelor degree courses, applicants must have an average of 60% in the best four subjects from Indian high school qualifications."", ""Achieving 70% in English from CBSE or CISCE exempts from additional English tests."", ""Some courses may have higher requirements.""]}, {""subtitle"": ""English Requirement"", ""description"": [""If not exempt, English test scores are needed.""]}]",2026-10-01,36 months,21500,GBP,,0,,0,,,,,,,,,,,,BA,https://www.essex.ac.uk/courses/ug01089/1/ba-journalism-and-criminology,,,,,,,
University of Essex,Criminology,Journalism and Criminology (with Placement Year),IB,60,,60,"[{""subtitle"": ""Entry requirements"", ""description"": [""To be eligible for most Undergraduate Bachelor degree courses, applicants must have an average of 60% in the best four subjects from Indian high school qualifications."", ""Achieving 70% in English from CBSE or CISCE exempts from additional English tests."", ""Some courses may have higher requirements.""]}, {""subtitle"": ""English Requirement"", ""description"": [""If not exempt, English test scores are needed.""]}]",2026-10-01,36 months,21500,GBP,,0,,0,,,,,,,,,,,,BA,https://www.essex.ac.uk/courses/ug01089/1/ba-journalism-and-criminology?coursecode=P551,,,,,,,
University of Essex,Criminology,Journalism and Criminology (with Year Abroad),IB,60,,60,"[{""subtitle"": ""Entry requirements"", ""description"": [""To be eligible for most Undergraduate Bachelor degree courses, applicants must have an average of 60% in the best four subjects from Indian high school qualifications."", ""Achieving 70% in English from CBSE or CISCE exempts from additional English tests."", ""Some courses may have higher requirements.""]}, {""subtitle"": ""English Requirement"", ""description"": [""If not exempt, English test scores are needed.""]}]",2026-10-01,36 months,21500,GBP,,0,,0,,,,,,,,,,,,BA,https://www.essex.ac.uk/courses/ug01089/1/ba-journalism-and-criminology?coursecode=P552,,,,,,,
University of Essex,Education,Journalism and Language Studies,IB,60,,60,"[{""subtitle"": ""Entry requirements"", ""description"": [""To be eligible for most Undergraduate Bachelor degree courses, applicants must have an average of 60% in the best four subjects from Indian high school qualifications."", ""Achieving 70% in English from CBSE or CISCE exempts from additional English tests."", ""Some courses may have higher requirements.""]}, {""subtitle"": ""English Requirement"", ""description"": [""If not exempt, English test scores are needed.""]}]",2026-10-01,36 months,21500,GBP,,0,,0,,,,,,,,,,,,BA,https://www.essex.ac.uk/courses/ug01514/1/ba-journalism-and-language-studies,,,,,,,
University of Essex,Politics,Journalism and Politics,IB,60,,60,"[{""subtitle"": ""Entry requirements"", ""description"": [""To be eligible for most Undergraduate Bachelor degree courses, applicants must have an average of 60% in the best four subjects from Indian high school qualifications."", ""Achieving 70% in English from CBSE or CISCE exempts from additional English tests."", ""Some courses may have higher requirements.""]}, {""subtitle"": ""English Requirement"", ""description"": [""If not exempt, English test scores are needed.""]}]",2026-10-01,36 months,21500,GBP,,0,,0,,,,,,,,,,,,BA,https://www.essex.ac.uk/courses/ug01100/1/ba-journalism-and-politics,,,,,,,
University of Essex,Creative Writing,Literature and Creative Writing,IB,60,,60,"[{""subtitle"": ""Entry requirements"", ""description"": [""To be eligible for most Undergraduate Bachelor degree courses, applicants must have an average of 60% in the best four subjects from Indian high school qualifications."", ""Achieving 70% in English from CBSE or CISCE exempts from additional English tests."", ""Some courses may have higher requirements.""]}, {""subtitle"": ""English Requirement"", ""description"": [""If not exempt, English test scores are needed.""]}]",2026-10-01,36 months,21500,GBP,,0,,0,,,,,,,,,,,,BA,https://www.essex.ac.uk/courses/UG01055/1/BA-Literature-and-Creative-Writing?startdate=2024/25,,,,,,,
University of Essex,International Relations,Modern History and International Relations,IB,60,,60,"[{""subtitle"": ""Entry requirements"", ""description"": [""To be eligible for most Undergraduate Bachelor degree courses, applicants must have an average of 60% in the best four subjects from Indian high school qualifications."", ""Achieving 70% in English from CBSE or CISCE exempts from additional English tests."", ""Some courses may have higher requirements.""]}, {""subtitle"": ""English Requirement"", ""description"": [""If not exempt, English test scores are needed.""]}]",2026-10-01,36 months,21500,GBP,,0,,0,,,,,,,,,,,,BA,https://www.essex.ac.uk/courses/ug00292/1/ba-modern-history-and-international-relations,,,,,,,
University of Essex,Politics,Modern History and Politics,IB,60,,60,"[{""subtitle"": ""Entry requirements"", ""description"": [""To be eligible for most Undergraduate Bachelor degree courses, applicants must have an average of 60% in the best four subjects from Indian high school qualifications."", ""Achieving 70% in English from CBSE or CISCE exempts from additional English tests."", ""Some courses may have higher requirements.""]}, {""subtitle"": ""English Requirement"", ""description"": [""If not exempt, English test scores are needed.""]}]",2026-10-01,36 months,21500,GBP,,0,,0,,,,,,,,,,,,BA,https://www.essex.ac.uk/courses/ug00293/1/ba-modern-history-and-politics,,,,,,,
University of Essex,Philosophy,Philosophy and History,IB,60,,60,"[{""subtitle"": ""Entry requirements"", ""description"": [""To be eligible for most Undergraduate Bachelor degree courses, applicants must have an average of 60% in the best four subjects from Indian high school qualifications."", ""Achieving 70% in English from CBSE or CISCE exempts from additional English tests."", ""Some courses may have higher requirements.""]}, {""subtitle"": ""English Requirement"", ""description"": [""If not exempt, English test scores are needed.""]}]",2026-10-01,36 months,21500,GBP,,0,,0,,,,,,,,,,,,BA,https://www.essex.ac.uk/courses/ug00325/1/ba-philosophy-and-history,,,,,,,
University of Essex,Law,Philosophy and Law,IB,60,,60,"[{""subtitle"": ""Entry requirements"", ""description"": [""To be eligible for most Undergraduate Bachelor degree courses, applicants must have an average of 60% in the best four subjects from Indian high school qualifications."", ""Achieving 70% in English from CBSE or CISCE exempts from additional English tests."", ""Some courses may have higher requirements.""]}, {""subtitle"": ""English Requirement"", ""description"": [""If not exempt, English test scores are needed.""]}]",2026-10-01,36 months,21500,GBP,,0,,0,,,,,,,,,,,,BA,https://www.essex.ac.uk/courses/ug00326/1/ba-philosophy-and-law,,,,,,,
University of Essex,Philosophy,Philosophy and Politics,IB,60,,60,"[{""subtitle"": ""Entry requirements"", ""description"": [""To be eligible for most Undergraduate Bachelor degree courses, applicants must have an average of 60% in the best four subjects from Indian high school qualifications."", ""Achieving 70% in English from CBSE or CISCE exempts from additional English tests."", ""Some courses may have higher requirements.""]}, {""subtitle"": ""English Requirement"", ""description"": [""If not exempt, English test scores are needed.""]}]",2026-10-01,36 months,21500,GBP,,0,,0,,,,,,,,,,,,BA,https://www.essex.ac.uk/courses/ug00330/1/ba-philosophy-and-politics,,,,,,,
University of Essex,Psychology,Psychodynamic Practice,IB,60,,60,"[{""subtitle"": ""Entry requirements"", ""description"": [""To be eligible for most Undergraduate Bachelor degree courses, applicants must have an average of 60% in the best four subjects from Indian high school qualifications."", ""Achieving 70% in English from CBSE or CISCE exempts from additional English tests."", ""Some courses may have higher requirements.""]}, {""subtitle"": ""English Requirement"", ""description"": [""If not exempt, English test scores are needed.""]}]",2026-10-01,36 months,21500,GBP,,0,,0,,,,,,,,,,,,BA,https://www.essex.ac.uk/courses/ug01028/1/ba-psychodynamic-practice,,,,,,,
University of Essex,Education,Psychosocial and Psychoanalytic Studies,IB,60,,60,"[{""subtitle"": ""Entry requirements"", ""description"": [""To be eligible for most Undergraduate Bachelor degree courses, applicants must have an average of 60% in the best four subjects from Indian high school qualifications."", ""Achieving 70% in English from CBSE or CISCE exempts from additional English tests."", ""Some courses may have higher requirements.""]}, {""subtitle"": ""English Requirement"", ""description"": [""If not exempt, English test scores are needed.""]}]",2026-10-01,36 months,21500,GBP,,0,,0,,,,,,,,,,,,BA,https://www.essex.ac.uk/courses/ug01035/1/ba-psychosocial-and-psychoanalytic-studies,,,,,,,
University of Essex,Criminology,Sociology and Criminology,IB,60,,60,"[{""subtitle"": ""Entry requirements"", ""description"": [""To be eligible for most Undergraduate Bachelor degree courses, applicants must have an average of 60% in the best four subjects from Indian high school qualifications."", ""Achieving 70% in English from CBSE or CISCE exempts from additional English tests."", ""Some courses may have higher requirements.""]}, {""subtitle"": ""English Requirement"", ""description"": [""If not exempt, English test scores are needed.""]}]",2026-10-01,36 months,21500,GBP,,0,,0,,,,,,,,,,,,BA,https://www.essex.ac.uk/courses/ug00379/1/ba-sociology-and-criminology,,,,,,,
University of Essex,Health Professions,Sociology and Health,IB,60,,60,"[{""subtitle"": ""Entry requirements"", ""description"": [""To be eligible for most Undergraduate Bachelor degree courses, applicants must have an average of 60% in the best four subjects from Indian high school qualifications."", ""Achieving 70% in English from CBSE or CISCE exempts from additional English tests."", ""Some courses may have higher requirements.""]}, {""subtitle"": ""English Requirement"", ""description"": [""If not exempt, English test scores are needed.""]}]",2026-10-01,36 months,21500,GBP,,0,,0,,,,,,,,,,,,BA,https://www.essex.ac.uk/courses/UG01522/1/BA-Sociology-and-Health?startdate=2024/25,,,,,,,
University of Essex,Psychology,Sociology with Social Psychology,IB,60,,60,"[{""subtitle"": ""Entry requirements"", ""description"": [""To be eligible for most Undergraduate Bachelor degree courses, applicants must have an average of 60% in the best four subjects from Indian high school qualifications."", ""Achieving 70% in English from CBSE or CISCE exempts from additional English tests."", ""Some courses may have higher requirements.""]}, {""subtitle"": ""English Requirement"", ""description"": [""If not exempt, English test scores are needed.""]}]",2026-10-01,36 months,21500,GBP,,0,,0,,,,,,,,,,,,BA,https://www.essex.ac.uk/courses/ug00372/1/ba-sociology-with-social-psychology,,,,,,,
University of Essex,Film Production,Creative Producing (Theatre and Short Film),IB,60,,60,"[{""subtitle"": ""Entry requirements"", ""description"": [""To be eligible for most Undergraduate Bachelor degree courses, applicants must have an average of 60% in the best four subjects from Indian high school qualifications."", ""Achieving 70% in English from CBSE or CISCE exempts from additional English tests."", ""Some courses may have higher requirements.""]}, {""subtitle"": ""English Requirement"", ""description"": [""If not exempt, English test scores are needed.""]}]",2026-10-01,36 months,22600,GBP,,0,,0,,,,,,,,,,,,BA,https://www.essex.ac.uk/courses/UG01119/1/BA-Creative-Producing-Theatre-and-Short-Film?startdate=2024/25,,,,,,,
University of Essex,Economics,Economics,IB,60,,60,"[{""subtitle"": ""Entry requirements"", ""description"": [""To be eligible for most Undergraduate Bachelor degree courses, applicants must have an average of 60% in the best four subjects from Indian high school qualifications."", ""Achieving 70% in English from CBSE or CISCE exempts from additional English tests."", ""Some courses may have higher requirements.""]}, {""subtitle"": ""English Requirement"", ""description"": [""If not exempt, English test scores are needed.""]}]",2026-10-01,36 months,22600,GBP,,0,,0,,,,,,,,,,,,BA,https://www.essex.ac.uk/courses/UG00103/1/BA-Economics?startdate=2024/25,,,,,,,
University of Essex,Accounting and Finance,Financial Economics,IB,60,,60,"[{""subtitle"": ""Entry requirements"", ""description"": [""To be eligible for most Undergraduate Bachelor degree courses, applicants must have an average of 60% in the best four subjects from Indian high school qualifications."", ""Achieving 70% in English from CBSE or CISCE exempts from additional English tests."", ""Some courses may have higher requirements.""]}, {""subtitle"": ""English Requirement"", ""description"": [""If not exempt, English test scores are needed.""]}]",2026-10-01,36 months,22600,GBP,,0,,0,,,,,,,,,,,,BA,https://www.essex.ac.uk/courses/ug00172/1/ba-financial-economics,,,,,,,
University of Essex,Accounting and Finance,Financial Economics and Accounting,IB,60,,60,"[{""subtitle"": ""Entry requirements"", ""description"": [""To be eligible for most Undergraduate Bachelor degree courses, applicants must have an average of 60% in the best four subjects from Indian high school qualifications."", ""Achieving 70% in English from CBSE or CISCE exempts from additional English tests."", ""Some courses may have higher requirements.""]}, {""subtitle"": ""English Requirement"", ""description"": [""If not exempt, English test scores are needed.""]}]",2026-10-01,36 months,22600,GBP,,0,,0,,,,,,,,,,,,BA,https://www.essex.ac.uk/courses/UG01018/1/BA-Financial-Economics-and-Accounting?startdate=2024/25,,,,,,,
University of Essex,International Relations,International Relations,IB,60,,60,"[{""subtitle"": ""Entry requirements"", ""description"": [""To be eligible for most Undergraduate Bachelor degree courses, applicants must have an average of 60% in the best four subjects from Indian high school qualifications."", ""Achieving 70% in English from CBSE or CISCE exempts from additional English tests."", ""Some courses may have higher requirements.""]}, {""subtitle"": ""English Requirement"", ""description"": [""If not exempt, English test scores are needed.""]}]",2026-10-01,36 months,22600,GBP,,0,,0,,,,,,,,,,,,BA,https://www.essex.ac.uk/courses/ug00221/1/ba-international-relations,,,,,,,
University of Essex,Economics,Management Economics (3 Years),IB,60,,60,"[{""subtitle"": ""Entry requirements"", ""description"": [""To be eligible for most Undergraduate Bachelor degree courses, applicants must have an average of 60% in the best four subjects from Indian high school qualifications."", ""Achieving 70% in English from CBSE or CISCE exempts from additional English tests."", ""Some courses may have higher requirements.""]}, {""subtitle"": ""English Requirement"", ""description"": [""If not exempt, English test scores are needed.""]}]",2026-10-01,36 months,22600,GBP,,0,,0,,,,,,,,,,,,BA,https://www.essex.ac.uk/courses/UG00258/1/BA-Management-Economics,,,,,,,
University of Essex,Economics,"Philosophy, Politics and Economics",IB,60,,60,"[{""subtitle"": ""Entry requirements"", ""description"": [""To be eligible for most Undergraduate Bachelor degree courses, applicants must have an average of 60% in the best four subjects from Indian high school qualifications."", ""Achieving 70% in English from CBSE or CISCE exempts from additional English tests."", ""Some courses may have higher requirements.""]}, {""subtitle"": ""English Requirement"", ""description"": [""If not exempt, English test scores are needed.""]}]",2026-10-01,36 months,22600,GBP,,0,,0,,,,,,,,,,,,BA,https://www.essex.ac.uk/courses/ug00334/1/ba-philosophy-politics-and-economics,,,,,,,
University of Essex,Politics,Politics,IB,60,,60,"[{""subtitle"": ""Entry requirements"", ""description"": [""To be eligible for most Undergraduate Bachelor degree courses, applicants must have an average of 60% in the best four subjects from Indian high school qualifications."", ""Achieving 70% in English from CBSE or CISCE exempts from additional English tests."", ""Some courses may have higher requirements.""]}, {""subtitle"": ""English Requirement"", ""description"": [""If not exempt, English test scores are needed.""]}]",2026-10-01,36 months,22600,GBP,,0,,0,,,,,,,,,,,,BA,https://www.essex.ac.uk/courses/ug00343/1/ba-politics,,,,,,,
University of Essex,International Relations,Politics and International Relations,IB,60,,60,"[{""subtitle"": ""Entry requirements"", ""description"": [""To be eligible for most Undergraduate Bachelor degree courses, applicants must have an average of 60% in the best four subjects from Indian high school qualifications."", ""Achieving 70% in English from CBSE or CISCE exempts from additional English tests."", ""Some courses may have higher requirements.""]}, {""subtitle"": ""English Requirement"", ""description"": [""If not exempt, English test scores are needed.""]}]",2026-10-01,36 months,22600,GBP,,0,,0,,,,,,,,,,,,BA,https://www.essex.ac.uk/courses/ug01124/1/ba-politics-and-international-relations,,,,,,,
University of Essex,Psychology,Psychology,IB,60,,60,"[{""subtitle"": ""Entry requirements"", ""description"": [""To be eligible for most Undergraduate Bachelor degree courses, applicants must have an average of 60% in the best four subjects from Indian high school qualifications."", ""Achieving 70% in English from CBSE or CISCE exempts from additional English tests."", ""Some courses may have higher requirements.""]}, {""subtitle"": ""English Requirement"", ""description"": [""If not exempt, English test scores are needed.""]}]",2026-10-01,36 months,24360,GBP,,0,,0,,,,,,,,,,,,BA,https://www.essex.ac.uk/courses/ug00361/1/ba-psychology,,,,,,,
University of Essex,Business and Management,Latin American Studies with Business Management,IB,60,,60,"[{""subtitle"": ""Entry requirements"", ""description"": [""To be eligible for most Undergraduate Bachelor degree courses, applicants must have an average of 60% in the best four subjects from Indian high school qualifications."", ""Achieving 70% in English from CBSE or CISCE exempts from additional English tests."", ""Some courses may have higher requirements.""]}, {""subtitle"": ""English Requirement"", ""description"": [""If not exempt, English test scores are needed.""]}]",2026-10-01,48 months,21500,GBP,,0,,0,,,,,,,,,,,,BA,https://www.essex.ac.uk/courses/UG00232/1/BA-Latin-American-Studies-with-Business-Management,,,,,,,
University of Essex,Criminology,Criminology (with Year Abroad),IB,60,,60,"[{""subtitle"": ""Entry requirements"", ""description"": [""To be eligible for most Undergraduate Bachelor degree courses, applicants must have an average of 60% in the best four subjects from Indian high school qualifications."", ""Achieving 70% in English from CBSE or CISCE exempts from additional English tests."", ""Some courses may have higher requirements.""]}, {""subtitle"": ""English Requirement"", ""description"": [""If not exempt, English test scores are needed.""]}]",2026-10-01,48 months,21500,GBP,,0,,0,,,,,,,,,,,,BA,https://www.essex.ac.uk/courses/UG00089/1/BA-Criminology,,,,,,,
University of Essex,Creative Writing,Film and Creative Writing (with Year Abroad),IB,60,,60,"[{""subtitle"": ""Entry requirements"", ""description"": [""To be eligible for most Undergraduate Bachelor degree courses, applicants must have an average of 60% in the best four subjects from Indian high school qualifications."", ""Achieving 70% in English from CBSE or CISCE exempts from additional English tests."", ""Some courses may have higher requirements.""]}, {""subtitle"": ""English Requirement"", ""description"": [""If not exempt, English test scores are needed.""]}]",2026-10-01,48 months,21500,GBP,,0,,0,,,,,,,,,,,,BA,https://www.essex.ac.uk/courses/ug00162/1/ba-film-and-creative-writing,,,,,,,
University of Essex,Creative Writing,Literature and Creative Writing (with Year Abroad),IB,60,,60,"[{""subtitle"": ""Entry requirements"", ""description"": [""To be eligible for most Undergraduate Bachelor degree courses, applicants must have an average of 60% in the best four subjects from Indian high school qualifications."", ""Achieving 70% in English from CBSE or CISCE exempts from additional English tests."", ""Some courses may have higher requirements.""]}, {""subtitle"": ""English Requirement"", ""description"": [""If not exempt, English test scores are needed.""]}]",2026-10-01,48 months,21500,GBP,,0,,0,,,,,,,,,,,,BA,https://www.essex.ac.uk/courses/ug01055/1/ba-literature-and-creative-writing?coursecode=QW31,,,,,,,
University of Essex,Business and Management,Philosophy with Business Management (with Year Abroad),IB,60,,60,"[{""subtitle"": ""Entry requirements"", ""description"": [""To be eligible for most Undergraduate Bachelor degree courses, applicants must have an average of 60% in the best four subjects from Indian high school qualifications."", ""Achieving 70% in English from CBSE or CISCE exempts from additional English tests."", ""Some courses may have higher requirements.""]}, {""subtitle"": ""English Requirement"", ""description"": [""If not exempt, English test scores are needed.""]}]",2026-10-01,48 months,21500,GBP,,0,,0,,,,,,,,,,,,BA,https://www.essex.ac.uk/courses/ug01376/1/ba-philosophy-with-business-management,,,,,,,
University of Essex,Psychology,Psychodynamic Practice (with Placement Year),IB,60,,60,"[{""subtitle"": ""Entry requirements"", ""description"": [""To be eligible for most Undergraduate Bachelor degree courses, applicants must have an average of 60% in the best four subjects from Indian high school qualifications."", ""Achieving 70% in English from CBSE or CISCE exempts from additional English tests."", ""Some courses may have higher requirements.""]}, {""subtitle"": ""English Requirement"", ""description"": [""If not exempt, English test scores are needed.""]}]",2026-10-01,48 months,21500,GBP,,0,,0,,,,,,,,,,,,BA,https://www.essex.ac.uk/courses/ug01028/2/ba-psychodynamic-practice,,,,,,,
University of Essex,Psychology,Sociology with Social Psychology (with Year Abroad),IB,60,,60,"[{""subtitle"": ""Entry requirements"", ""description"": [""To be eligible for most Undergraduate Bachelor degree courses, applicants must have an average of 60% in the best four subjects from Indian high school qualifications."", ""Achieving 70% in English from CBSE or CISCE exempts from additional English tests."", ""Some courses may have higher requirements.""]}, {""subtitle"": ""English Requirement"", ""description"": [""If not exempt, English test scores are needed.""]}]",2026-10-01,48 months,21500,GBP,,0,,0,,,,,,,,,,,,BA,https://www.essex.ac.uk/courses/UG00372/1/BA-Sociology-with-Social-Psychology?coursecode=CLV3,,,,,,,
University of Essex,"Hospitality, Event Management and Tourism",International Tourism Management (including Year Abroad),IB,60,,60,"[{""subtitle"": ""Entry requirements"", ""description"": [""To be eligible for most Undergraduate Bachelor degree courses, applicants must have an average of 60% in the best four subjects from Indian high school qualifications."", ""Achieving 70% in English from CBSE or CISCE exempts from additional English tests."", ""Some courses may have higher requirements.""]}, {""subtitle"": ""English Requirement"", ""description"": [""If not exempt, English test scores are needed.""]}]",2026-10-01,48 months,21500,GBP,,0,,0,,,,,,,,,,,,BA,https://www.essex.ac.uk/courses/UG01585/2/BA-Tourism?coursecode=N803,,,,,,,
University of Essex,Criminology,Criminology with Criminal Law (with Year Abroad),IB,60,,60,"[{""subtitle"": ""Entry requirements"", ""description"": [""To be eligible for most Undergraduate Bachelor degree courses, applicants must have an average of 60% in the best four subjects from Indian high school qualifications."", ""Achieving 70% in English from CBSE or CISCE exempts from additional English tests."", ""Some courses may have higher requirements.""]}, {""subtitle"": ""English Requirement"", ""description"": [""If not exempt, English test scores are needed.""]}]",2026-10-01,48 months,21500,GBP,,0,,0,,,,,,,,,,,,BA,https://www.essex.ac.uk/courses/UG01291/1/BA-Criminology-with-Criminal-Law,,,,,,,
University of Essex,Computer Science,"Philosophy, Ethics and Sustainability (Including Year Abroad) (with Placement Year)",IB,60,,60,"[{""subtitle"": ""Entry requirements"", ""description"": [""To be eligible for most Undergraduate Bachelor degree courses, applicants must have an average of 60% in the best four subjects from Indian high school qualifications."", ""Achieving 70% in English from CBSE or CISCE exempts from additional English tests."", ""Some courses may have higher requirements.""]}, {""subtitle"": ""English Requirement"", ""description"": [""If not exempt, English test scores are needed.""]}]",2026-10-01,48 months,21500,GBP,,0,,0,,,,,,,,,,,,BA,https://www.essex.ac.uk/courses/UG01567/1/BA-Philosophy-Ethics-and-Sustainability?coursecode=V5L7,,,,,,,
University of Essex,Politics,Politics (Including Foundation Year),IB,60,,60,"[{""subtitle"": ""Entry requirements"", ""description"": [""To be eligible for most Undergraduate Bachelor degree courses, applicants must have an average of 60% in the best four subjects from Indian high school qualifications."", ""Achieving 70% in English from CBSE or CISCE exempts from additional English tests."", ""Some courses may have higher requirements.""]}, {""subtitle"": ""English Requirement"", ""description"": [""If not exempt, English test scores are needed.""]}]",2026-10-01,48 months,21500,GBP,,0,,0,,,,,,,,,,,,BA,https://www.essex.ac.uk/courses/UG00343/2/BA-Politics,,,,,,,
University of Essex,Drama and Dance,History and Drama (with Placement),IB,60,,60,"[{""subtitle"": ""Entry requirements"", ""description"": [""To be eligible for most Undergraduate Bachelor degree courses, applicants must have an average of 60% in the best four subjects from Indian high school qualifications."", ""Achieving 70% in English from CBSE or CISCE exempts from additional English tests."", ""Some courses may have higher requirements.""]}, {""subtitle"": ""English Requirement"", ""description"": [""If not exempt, English test scores are needed.""]}]",2026-10-01,48 months,21500,GBP,,0,,0,,,,,,,,,,,,BA,https://www.essex.ac.uk/courses/UG01445/1/BA-History-and-Drama?coursecode=V116,,,,,,,
University of Essex,Drama and Dance,History and Drama (Year Abroad),IB,60,,60,"[{""subtitle"": ""Entry requirements"", ""description"": [""To be eligible for most Undergraduate Bachelor degree courses, applicants must have an average of 60% in the best four subjects from Indian high school qualifications."", ""Achieving 70% in English from CBSE or CISCE exempts from additional English tests."", ""Some courses may have higher requirements.""]}, {""subtitle"": ""English Requirement"", ""description"": [""If not exempt, English test scores are needed.""]}]",2026-10-01,48 months,21500,GBP,,0,,0,,,,,,,,,,,,BA,https://www.essex.ac.uk/courses/UG01445/1/BA-History-and-Drama?coursecode=V117,,,,,,,
University of Essex,"Hospitality, Event Management and Tourism",International Tourism Management (Year Abroad),IB,60,,60,"[{""subtitle"": ""Entry requirements"", ""description"": [""To be eligible for most Undergraduate Bachelor degree courses, applicants must have an average of 60% in the best four subjects from Indian high school qualifications."", ""Achieving 70% in English from CBSE or CISCE exempts from additional English tests."", ""Some courses may have higher requirements.""]}, {""subtitle"": ""English Requirement"", ""description"": [""If not exempt, English test scores are needed.""]}]",2026-10-01,48 months,21500,GBP,,0,,0,,,,,,,,,,,,BA,https://www.essex.ac.uk/courses/UG01585/2/BA-International-Tourism-Management?coursecode=N803,,,,,,,
University of Essex,Education,Film Studies and Art History (with Placement),IB,60,,60,"[{""subtitle"": ""Entry requirements"", ""description"": [""To be eligible for most Undergraduate Bachelor degree courses, applicants must have an average of 60% in the best four subjects from Indian high school qualifications."", ""Achieving 70% in English from CBSE or CISCE exempts from additional English tests."", ""Some courses may have higher requirements.""]}, {""subtitle"": ""English Requirement"", ""description"": [""If not exempt, English test scores are needed.""]}]",2026-10-01,48 months,21500,GBP,,0,,0,,,,,,,,,,,,BA,https://www.essex.ac.uk/courses/UG00165/1/BA-Film-Studies-and-Art-History?coursecode=VW37,,,,,,,
University of Essex,Education,Film Studies and Art History (Year Abroad),IB,60,,60,"[{""subtitle"": ""Entry requirements"", ""description"": [""To be eligible for most Undergraduate Bachelor degree courses, applicants must have an average of 60% in the best four subjects from Indian high school qualifications."", ""Achieving 70% in English from CBSE or CISCE exempts from additional English tests."", ""Some courses may have higher requirements.""]}, {""subtitle"": ""English Requirement"", ""description"": [""If not exempt, English test scores are needed.""]}]",2026-10-01,48 months,21500,GBP,,0,,0,,,,,,,,,,,,BA,https://www.essex.ac.uk/courses/UG00165/1/BA-Film-Studies-and-Art-History?coursecode=PV33,,,,,,,
University of Essex,Criminology,Criminology with Counselling Skills (with Year Abroad),IB,60,,60,"[{""subtitle"": ""Entry requirements"", ""description"": [""To be eligible for most Undergraduate Bachelor degree courses, applicants must have an average of 60% in the best four subjects from Indian high school qualifications."", ""Achieving 70% in English from CBSE or CISCE exempts from additional English tests."", ""Some courses may have higher requirements.""]}, {""subtitle"": ""English Requirement"", ""description"": [""If not exempt, English test scores are needed.""]}]",2026-10-01,48 months,21500,GBP,,0,,0,,,,,,,,,,,,BA,https://www.essex.ac.uk/courses/UG01290/1/BA-Criminology-with-Counselling-Skills?coursecode=L334,,,,,,,
University of Essex,Criminology,Criminology with Counselling Skills (with Placement Year),IB,60,,60,"[{""subtitle"": ""Entry requirements"", ""description"": [""To be eligible for most Undergraduate Bachelor degree courses, applicants must have an average of 60% in the best four subjects from Indian high school qualifications."", ""Achieving 70% in English from CBSE or CISCE exempts from additional English tests."", ""Some courses may have higher requirements.""]}, {""subtitle"": ""English Requirement"", ""description"": [""If not exempt, English test scores are needed.""]}]",2026-10-01,48 months,21500,GBP,,0,,0,,,,,,,,,,,,BA,https://www.essex.ac.uk/courses/UG01290/1/BA-Criminology-with-Counselling-Skills?coursecode=L335,,,,,,,
University of Essex,Law,History and Law (with Placement Year),IB,60,,60,"[{""subtitle"": ""Entry requirements"", ""description"": [""To be eligible for most Undergraduate Bachelor degree courses, applicants must have an average of 60% in the best four subjects from Indian high school qualifications."", ""Achieving 70% in English from CBSE or CISCE exempts from additional English tests."", ""Some courses may have higher requirements.""]}, {""subtitle"": ""English Requirement"", ""description"": [""If not exempt, English test scores are needed.""]}]",2026-10-01,48 months,21500,GBP,,0,,0,,,,,,,,,,,,BA,https://www.essex.ac.uk/courses/ug01444/1/ba-history-and-law?coursecode=VM12,,,,,,,
University of Essex,Law,History and Law (with Year Abroad),IB,60,,60,"[{""subtitle"": ""Entry requirements"", ""description"": [""To be eligible for most Undergraduate Bachelor degree courses, applicants must have an average of 60% in the best four subjects from Indian high school qualifications."", ""Achieving 70% in English from CBSE or CISCE exempts from additional English tests."", ""Some courses may have higher requirements.""]}, {""subtitle"": ""English Requirement"", ""description"": [""If not exempt, English test scores are needed.""]}]",2026-10-01,48 months,21500,GBP,,0,,0,,,,,,,,,,,,BA,https://www.essex.ac.uk/courses/ug01444/1/ba-history-and-law?coursecode=VM13,,,,,,,
University of Essex,Education,History with Film Studies (with Placement Year),IB,60,,60,"[{""subtitle"": ""Entry requirements"", ""description"": [""To be eligible for most Undergraduate Bachelor degree courses, applicants must have an average of 60% in the best four subjects from Indian high school qualifications."", ""Achieving 70% in English from CBSE or CISCE exempts from additional English tests."", ""Some courses may have higher requirements.""]}, {""subtitle"": ""English Requirement"", ""description"": [""If not exempt, English test scores are needed.""]}]",2026-10-01,48 months,21500,GBP,,0,,0,,,,,,,,,,,,BA,https://www.essex.ac.uk/courses/UG00203/1/BA-History-with-Film-Studies?coursecode=V1W7,,,,,,,
University of Essex,Education,History with Film Studies (with Year Abroad),IB,60,,60,"[{""subtitle"": ""Entry requirements"", ""description"": [""To be eligible for most Undergraduate Bachelor degree courses, applicants must have an average of 60% in the best four subjects from Indian high school qualifications."", ""Achieving 70% in English from CBSE or CISCE exempts from additional English tests."", ""Some courses may have higher requirements.""]}, {""subtitle"": ""English Requirement"", ""description"": [""If not exempt, English test scores are needed.""]}]",2026-10-01,48 months,21500,GBP,,0,,0,,,,,,,,,,,,BA,https://www.essex.ac.uk/courses/UG00203/1/BA-History-with-Film-Studies?coursecode=V1WP,,,,,,,
University of Essex,International Relations,International Relations and Modern Languages,IB,60,,60,"[{""subtitle"": ""Entry requirements"", ""description"": [""To be eligible for most Undergraduate Bachelor degree courses, applicants must have an average of 60% in the best four subjects from Indian high school qualifications."", ""Achieving 70% in English from CBSE or CISCE exempts from additional English tests."", ""Some courses may have higher requirements.""]}, {""subtitle"": ""English Requirement"", ""description"": [""If not exempt, English test scores are needed.""]}]",2026-10-01,48 months,21500,GBP,,0,,0,,,,,,,,,,,,BA,https://www.essex.ac.uk/courses/ug00222/1/ba-international-relations-and-modern-languages,,,,,,,
University of Essex,Politics,Journalism and Politics (with Placement Year),IB,60,,60,"[{""subtitle"": ""Entry requirements"", ""description"": [""To be eligible for most Undergraduate Bachelor degree courses, applicants must have an average of 60% in the best four subjects from Indian high school qualifications."", ""Achieving 70% in English from CBSE or CISCE exempts from additional English tests."", ""Some courses may have higher requirements.""]}, {""subtitle"": ""English Requirement"", ""description"": [""If not exempt, English test scores are needed.""]}]",2026-10-01,48 months,21500,GBP,,0,,0,,,,,,,,,,,,BA,https://www.essex.ac.uk/courses/ug01100/1/ba-journalism-and-politics?coursecode=P581,,,,,,,
University of Essex,Politics,Journalism and Politics (with Year Abroad),IB,60,,60,"[{""subtitle"": ""Entry requirements"", ""description"": [""To be eligible for most Undergraduate Bachelor degree courses, applicants must have an average of 60% in the best four subjects from Indian high school qualifications."", ""Achieving 70% in English from CBSE or CISCE exempts from additional English tests."", ""Some courses may have higher requirements.""]}, {""subtitle"": ""English Requirement"", ""description"": [""If not exempt, English test scores are needed.""]}]",2026-10-01,48 months,21500,GBP,,0,,0,,,,,,,,,,,,BA,https://www.essex.ac.uk/courses/ug01100/1/ba-journalism-and-politics?coursecode=P582,,,,,,,
University of Essex,Creative Writing,Literature and Creative Writing (with Placement Year),IB,60,,60,"[{""subtitle"": ""Entry requirements"", ""description"": [""To be eligible for most Undergraduate Bachelor degree courses, applicants must have an average of 60% in the best four subjects from Indian high school qualifications."", ""Achieving 70% in English from CBSE or CISCE exempts from additional English tests."", ""Some courses may have higher requirements.""]}, {""subtitle"": ""English Requirement"", ""description"": [""If not exempt, English test scores are needed.""]}]",2026-10-01,48 months,21500,GBP,,0,,0,,,,,,,,,,,,BA,https://www.essex.ac.uk/courses/ug01055/1/ba-literature-and-creative-writing,,,,,,,
University of Essex,International Relations,Modern History and International Relations (with Placement Year),IB,60,,60,"[{""subtitle"": ""Entry requirements"", ""description"": [""To be eligible for most Undergraduate Bachelor degree courses, applicants must have an average of 60% in the best four subjects from Indian high school qualifications."", ""Achieving 70% in English from CBSE or CISCE exempts from additional English tests."", ""Some courses may have higher requirements.""]}, {""subtitle"": ""English Requirement"", ""description"": [""If not exempt, English test scores are needed.""]}]",2026-10-01,48 months,21500,GBP,,0,,0,,,,,,,,,,,,BA,https://www.essex.ac.uk/courses/ug00292/1/ba-modern-history-and-international-relations?coursecode=VL14,,,,,,,
University of Essex,International Relations,Modern History and International Relations (with Year Abroad),IB,60,,60,"[{""subtitle"": ""Entry requirements"", ""description"": [""To be eligible for most Undergraduate Bachelor degree courses, applicants must have an average of 60% in the best four subjects from Indian high school qualifications."", ""Achieving 70% in English from CBSE or CISCE exempts from additional English tests."", ""Some courses may have higher requirements.""]}, {""subtitle"": ""English Requirement"", ""description"": [""If not exempt, English test scores are needed.""]}]",2026-10-01,48 months,21500,GBP,,0,,0,,,,,,,,,,,,BA,https://www.essex.ac.uk/courses/ug00292/1/ba-modern-history-and-international-relations?coursecode=VL1F,,,,,,,
University of Essex,Politics,Modern History and Politics (with Placement Year),IB,60,,60,"[{""subtitle"": ""Entry requirements"", ""description"": [""To be eligible for most Undergraduate Bachelor degree courses, applicants must have an average of 60% in the best four subjects from Indian high school qualifications."", ""Achieving 70% in English from CBSE or CISCE exempts from additional English tests."", ""Some courses may have higher requirements.""]}, {""subtitle"": ""English Requirement"", ""description"": [""If not exempt, English test scores are needed.""]}]",2026-10-01,48 months,21500,GBP,,0,,0,,,,,,,,,,,,BA,https://www.essex.ac.uk/courses/UG00293/1/BA-Modern-History-and-Politics?coursecode=LV22,,,,,,,
University of Essex,Politics,Modern History and Politics (with Year Abroad),IB,60,,60,"[{""subtitle"": ""Entry requirements"", ""description"": [""To be eligible for most Undergraduate Bachelor degree courses, applicants must have an average of 60% in the best four subjects from Indian high school qualifications."", ""Achieving 70% in English from CBSE or CISCE exempts from additional English tests."", ""Some courses may have higher requirements.""]}, {""subtitle"": ""English Requirement"", ""description"": [""If not exempt, English test scores are needed.""]}]",2026-10-01,48 months,21500,GBP,,0,,0,,,,,,,,,,,,BA,https://www.essex.ac.uk/courses/UG00293/1/BA-Modern-History-and-Politics?coursecode=LV2C,,,,,,,
University of Essex,Languages and Linguistics,Modern Languages and Linguistics,IB,60,,60,"[{""subtitle"": ""Entry requirements"", ""description"": [""To be eligible for most Undergraduate Bachelor degree courses, applicants must have an average of 60% in the best four subjects from Indian high school qualifications."", ""Achieving 70% in English from CBSE or CISCE exempts from additional English tests."", ""Some courses may have higher requirements.""]}, {""subtitle"": ""English Requirement"", ""description"": [""If not exempt, English test scores are needed.""]}]",2026-10-01,48 months,21500,GBP,,0,,0,,,,,,,,,,,,BA,https://www.essex.ac.uk/courses/ug00296/1/ba-modern-languages-and-linguistics,,,,,,,
University of Essex,Philosophy,Philosophy and History (with Placement Year),IB,60,,60,"[{""subtitle"": ""Entry requirements"", ""description"": [""To be eligible for most Undergraduate Bachelor degree courses, applicants must have an average of 60% in the best four subjects from Indian high school qualifications."", ""Achieving 70% in English from CBSE or CISCE exempts from additional English tests."", ""Some courses may have higher requirements.""]}, {""subtitle"": ""English Requirement"", ""description"": [""If not exempt, English test scores are needed.""]}]",2026-10-01,48 months,21500,GBP,,0,,0,,,,,,,,,,,,BA,https://www.essex.ac.uk/courses/ug00325/1/ba-philosophy-and-history?coursecode=VV16,,,,,,,
University of Essex,Philosophy,Philosophy and History (with Year Abroad),IB,60,,60,"[{""subtitle"": ""Entry requirements"", ""description"": [""To be eligible for most Undergraduate Bachelor degree courses, applicants must have an average of 60% in the best four subjects from Indian high school qualifications."", ""Achieving 70% in English from CBSE or CISCE exempts from additional English tests."", ""Some courses may have higher requirements.""]}, {""subtitle"": ""English Requirement"", ""description"": [""If not exempt, English test scores are needed.""]}]",2026-10-01,48 months,21500,GBP,,0,,0,,,,,,,,,,,,BA,https://www.essex.ac.uk/courses/ug00325/1/ba-philosophy-and-history?coursecode=VV5C,,,,,,,
University of Essex,Law,Philosophy and Law (with Placement Year),IB,60,,60,"[{""subtitle"": ""Entry requirements"", ""description"": [""To be eligible for most Undergraduate Bachelor degree courses, applicants must have an average of 60% in the best four subjects from Indian high school qualifications."", ""Achieving 70% in English from CBSE or CISCE exempts from additional English tests."", ""Some courses may have higher requirements.""]}, {""subtitle"": ""English Requirement"", ""description"": [""If not exempt, English test scores are needed.""]}]",2026-10-01,48 months,21500,GBP,,0,,0,,,,,,,,,,,,BA,https://www.essex.ac.uk/courses/UG00326/1/BA-Philosophy-and-Law?coursecode=MVC6,,,,,,,
University of Essex,Law,Philosophy and Law (with Year Abroad),IB,60,,60,"[{""subtitle"": ""Entry requirements"", ""description"": [""To be eligible for most Undergraduate Bachelor degree courses, applicants must have an average of 60% in the best four subjects from Indian high school qualifications."", ""Achieving 70% in English from CBSE or CISCE exempts from additional English tests."", ""Some courses may have higher requirements.""]}, {""subtitle"": ""English Requirement"", ""description"": [""If not exempt, English test scores are needed.""]}]",2026-10-01,48 months,21500,GBP,,0,,0,,,,,,,,,,,,BA,https://www.essex.ac.uk/courses/UG00326/1/BA-Philosophy-and-Law?coursecode=VM51,,,,,,,
University of Essex,Philosophy,Philosophy and Politics (with Placement Year),IB,60,,60,"[{""subtitle"": ""Entry requirements"", ""description"": [""To be eligible for most Undergraduate Bachelor degree courses, applicants must have an average of 60% in the best four subjects from Indian high school qualifications."", ""Achieving 70% in English from CBSE or CISCE exempts from additional English tests."", ""Some courses may have higher requirements.""]}, {""subtitle"": ""English Requirement"", ""description"": [""If not exempt, English test scores are needed.""]}]",2026-10-01,48 months,21500,GBP,,0,,0,,,,,,,,,,,,BA,https://www.essex.ac.uk/courses/ug00330/1/ba-philosophy-and-politics?coursecode=LV26,,,,,,,
University of Essex,Philosophy,Philosophy and Politics (with Year Abroad),IB,60,,60,"[{""subtitle"": ""Entry requirements"", ""description"": [""To be eligible for most Undergraduate Bachelor degree courses, applicants must have an average of 60% in the best four subjects from Indian high school qualifications."", ""Achieving 70% in English from CBSE or CISCE exempts from additional English tests."", ""Some courses may have higher requirements.""]}, {""subtitle"": ""English Requirement"", ""description"": [""If not exempt, English test scores are needed.""]}]",2026-10-01,48 months,21500,GBP,,0,,0,,,,,,,,,,,,BA,https://www.essex.ac.uk/courses/ug00330/1/ba-philosophy-and-politics?coursecode=LV2M,,,,,,,
University of Essex,Business and Management,Philosophy with Business Management (with Placement Year),IB,60,,60,"[{""subtitle"": ""Entry requirements"", ""description"": [""To be eligible for most Undergraduate Bachelor degree courses, applicants must have an average of 60% in the best four subjects from Indian high school qualifications."", ""Achieving 70% in English from CBSE or CISCE exempts from additional English tests."", ""Some courses may have higher requirements.""]}, {""subtitle"": ""English Requirement"", ""description"": [""If not exempt, English test scores are needed.""]}]",2026-10-01,48 months,21500,GBP,,0,,0,,,,,,,,,,,,BA,https://www.essex.ac.uk/courses/ug01376/1/ba-philosophy-with-business-management?coursecode=VV22,,,,,,,
University of Essex,Psychology,Psychodynamic Practice (with Year Abroad),IB,60,,60,"[{""subtitle"": ""Entry requirements"", ""description"": [""To be eligible for most Undergraduate Bachelor degree courses, applicants must have an average of 60% in the best four subjects from Indian high school qualifications."", ""Achieving 70% in English from CBSE or CISCE exempts from additional English tests."", ""Some courses may have higher requirements.""]}, {""subtitle"": ""English Requirement"", ""description"": [""If not exempt, English test scores are needed.""]}]",2026-10-01,48 months,21500,GBP,,0,,0,,,,,,,,,,,,BA,https://www.essex.ac.uk/courses/UG01028/1/BA-Psychodynamic-Practice?coursecode=C849,,,,,,,
University of Essex,Education,Psychosocial and Psychoanalytic Studies (with Placement Year),IB,60,,60,"[{""subtitle"": ""Entry requirements"", ""description"": [""To be eligible for most Undergraduate Bachelor degree courses, applicants must have an average of 60% in the best four subjects from Indian high school qualifications."", ""Achieving 70% in English from CBSE or CISCE exempts from additional English tests."", ""Some courses may have higher requirements.""]}, {""subtitle"": ""English Requirement"", ""description"": [""If not exempt, English test scores are needed.""]}]",2026-10-01,48 months,21500,GBP,,0,,0,,,,,,,,,,,,BA,https://www.essex.ac.uk/courses/UG01035/1/BA-Psychosocial-and-Psychoanalytic-Studies?coursecode=C89A,,,,,,,
University of Essex,Education,Psychosocial and Psychoanalytic Studies (with Year Abroad),IB,60,,60,"[{""subtitle"": ""Entry requirements"", ""description"": [""To be eligible for most Undergraduate Bachelor degree courses, applicants must have an average of 60% in the best four subjects from Indian high school qualifications."", ""Achieving 70% in English from CBSE or CISCE exempts from additional English tests."", ""Some courses may have higher requirements.""]}, {""subtitle"": ""English Requirement"", ""description"": [""If not exempt, English test scores are needed.""]}]",2026-10-01,48 months,21500,GBP,,0,,0,,,,,,,,,,,,BA,https://www.essex.ac.uk/courses/UG01035/1/BA-Psychosocial-and-Psychoanalytic-Studies?coursecode=C89B,,,,,,,
University of Essex,Criminology,Sociology and Criminology (with Year Abroad),IB,60,,60,"[{""subtitle"": ""Entry requirements"", ""description"": [""To be eligible for most Undergraduate Bachelor degree courses, applicants must have an average of 60% in the best four subjects from Indian high school qualifications."", ""Achieving 70% in English from CBSE or CISCE exempts from additional English tests."", ""Some courses may have higher requirements.""]}, {""subtitle"": ""English Requirement"", ""description"": [""If not exempt, English test scores are needed.""]}]",2026-10-01,48 months,21500,GBP,,0,,0,,,,,,,,,,,,BA,https://www.essex.ac.uk/courses/ug00379/1/ba-sociology-and-criminology?coursecode=LMH9,,,,,,,
University of Essex,Psychology,Sociology with Social Psychology (with Placement Year),IB,60,,60,"[{""subtitle"": ""Entry requirements"", ""description"": [""To be eligible for most Undergraduate Bachelor degree courses, applicants must have an average of 60% in the best four subjects from Indian high school qualifications."", ""Achieving 70% in English from CBSE or CISCE exempts from additional English tests."", ""Some courses may have higher requirements.""]}, {""subtitle"": ""English Requirement"", ""description"": [""If not exempt, English test scores are needed.""]}]",2026-10-01,48 months,21500,GBP,,0,,0,,,,,,,,,,,,BA,https://www.essex.ac.uk/courses/UG00372/1/BA-Sociology-with-Social-Psychology?coursecode=CL93,,,,,,,
University of Essex,Business and Management,Business Economics (with Placement Year),IB,60,,60,"[{""subtitle"": ""Entry requirements"", ""description"": [""To be eligible for most Undergraduate Bachelor degree courses, applicants must have an average of 60% in the best four subjects from Indian high school qualifications."", ""Achieving 70% in English from CBSE or CISCE exempts from additional English tests."", ""Some courses may have higher requirements.""]}, {""subtitle"": ""English Requirement"", ""description"": [""If not exempt, English test scores are needed.""]}]",2026-10-01,48 months,22600,GBP,,0,,0,,,,,,,,,,,,BA,https://www.essex.ac.uk/courses/ug01297/1/ba-business-economics,,,,,,,
University of Essex,Business and Management,Business Management with a Modern Language,IB,60,,60,"[{""subtitle"": ""Entry requirements"", ""description"": [""To be eligible for most Undergraduate Bachelor degree courses, applicants must have an average of 60% in the best four subjects from Indian high school qualifications."", ""Achieving 70% in English from CBSE or CISCE exempts from additional English tests."", ""Some courses may have higher requirements.""]}, {""subtitle"": ""English Requirement"", ""description"": [""If not exempt, English test scores are needed.""]}]",2026-10-01,48 months,22600,GBP,,0,,0,,,,,,,,,,,,BA,https://www.essex.ac.uk/courses/UG00047/1/BA-Business-Management-with-a-Modern-Language?startdate=2024/25,,,,,,,
University of Essex,Business and Management,Business Management and Modern Languages,IB,60,,60,"[{""subtitle"": ""Entry requirements"", ""description"": [""To be eligible for most Undergraduate Bachelor degree courses, applicants must have an average of 60% in the best four subjects from Indian high school qualifications."", ""Achieving 70% in English from CBSE or CISCE exempts from additional English tests."", ""Some courses may have higher requirements.""]}, {""subtitle"": ""English Requirement"", ""description"": [""If not exempt, English test scores are needed.""]}]",2026-10-01,48 months,22600,GBP,,0,,0,,,,,,,,,,,,BA,https://www.essex.ac.uk/courses/UG00046/1/BA-Business-Management-and-Modern-Languages?startdate=2024/25,,,,,,,
University of Essex,International Relations,International Relations (with Placement Year),IB,60,,60,"[{""subtitle"": ""Entry requirements"", ""description"": [""To be eligible for most Undergraduate Bachelor degree courses, applicants must have an average of 60% in the best four subjects from Indian high school qualifications."", ""Achieving 70% in English from CBSE or CISCE exempts from additional English tests."", ""Some courses may have higher requirements.""]}, {""subtitle"": ""English Requirement"", ""description"": [""If not exempt, English test scores are needed.""]}]",2026-10-01,48 months,22600,GBP,,0,,0,,,,,,,,,,,,BA,https://www.essex.ac.uk/courses/ug00221/1/ba-international-relations?coursecode=L260,,,,,,,
University of Essex,International Relations,International Relations (with Year Abroad),IB,60,,60,"[{""subtitle"": ""Entry requirements"", ""description"": [""To be eligible for most Undergraduate Bachelor degree courses, applicants must have an average of 60% in the best four subjects from Indian high school qualifications."", ""Achieving 70% in English from CBSE or CISCE exempts from additional English tests."", ""Some courses may have higher requirements.""]}, {""subtitle"": ""English Requirement"", ""description"": [""If not exempt, English test scores are needed.""]}]",2026-10-01,48 months,22600,GBP,,0,,0,,,,,,,,,,,,BA,https://www.essex.ac.uk/courses/ug00221/1/ba-international-relations?coursecode=L259,,,,,,,
University of Essex,Economics,Management Economics (with Placement Year) (4 Years),IB,60,,60,"[{""subtitle"": ""Entry requirements"", ""description"": [""To be eligible for most Undergraduate Bachelor degree courses, applicants must have an average of 60% in the best four subjects from Indian high school qualifications."", ""Achieving 70% in English from CBSE or CISCE exempts from additional English tests."", ""Some courses may have higher requirements.""]}, {""subtitle"": ""English Requirement"", ""description"": [""If not exempt, English test scores are needed.""]}]",2026-10-01,48 months,22600,GBP,,0,,0,,,,,,,,,,,,BA,https://www.essex.ac.uk/courses/UG00258/1/BA-Management-Economics?coursecode=9L11,,,,,,,
University of Essex,Economics,Management Economics (with Year Abroad) (4 Years),IB,60,,60,"[{""subtitle"": ""Entry requirements"", ""description"": [""To be eligible for most Undergraduate Bachelor degree courses, applicants must have an average of 60% in the best four subjects from Indian high school qualifications."", ""Achieving 70% in English from CBSE or CISCE exempts from additional English tests."", ""Some courses may have higher requirements.""]}, {""subtitle"": ""English Requirement"", ""description"": [""If not exempt, English test scores are needed.""]}]",2026-10-01,48 months,22600,GBP,,0,,0,,,,,,,,,,,,BA,https://www.essex.ac.uk/courses/UG00258/1/BA-Management-Economics?coursecode=L192,,,,,,,
University of Essex,Economics,"Philosophy, Politics and Economics (with Placement Year)",IB,60,,60,"[{""subtitle"": ""Entry requirements"", ""description"": [""To be eligible for most Undergraduate Bachelor degree courses, applicants must have an average of 60% in the best four subjects from Indian high school qualifications."", ""Achieving 70% in English from CBSE or CISCE exempts from additional English tests."", ""Some courses may have higher requirements.""]}, {""subtitle"": ""English Requirement"", ""description"": [""If not exempt, English test scores are needed.""]}]",2026-10-01,48 months,22600,GBP,,0,,0,,,,,,,,,,,,BA,https://www.essex.ac.uk/courses/ug00334/1/ba-philosophy-politics-and-economics?coursecode=L0V1,,,,,,,
University of Essex,Economics,"Philosophy, Politics and Economics (with Year Abroad)",IB,60,,60,"[{""subtitle"": ""Entry requirements"", ""description"": [""To be eligible for most Undergraduate Bachelor degree courses, applicants must have an average of 60% in the best four subjects from Indian high school qualifications."", ""Achieving 70% in English from CBSE or CISCE exempts from additional English tests."", ""Some courses may have higher requirements.""]}, {""subtitle"": ""English Requirement"", ""description"": [""If not exempt, English test scores are needed.""]}]",2026-10-01,48 months,22600,GBP,,0,,0,,,,,,,,,,,,BA,https://www.essex.ac.uk/courses/ug00334/1/ba-philosophy-politics-and-economics?coursecode=L0VA,,,,,,,
University of Essex,Politics,Politics (with Year Abroad),IB,60,,60,"[{""subtitle"": ""Entry requirements"", ""description"": [""To be eligible for most Undergraduate Bachelor degree courses, applicants must have an average of 60% in the best four subjects from Indian high school qualifications."", ""Achieving 70% in English from CBSE or CISCE exempts from additional English tests."", ""Some courses may have higher requirements.""]}, {""subtitle"": ""English Requirement"", ""description"": [""If not exempt, English test scores are needed.""]}]",2026-10-01,48 months,22600,GBP,,0,,0,,,,,,,,,,,,BA,https://www.essex.ac.uk/courses/ug00343/1/ba-politics?coursecode=L201,,,,,,,
University of Essex,International Relations,Politics and International Relations (with Placement Year),IB,60,,60,"[{""subtitle"": ""Entry requirements"", ""description"": [""To be eligible for most Undergraduate Bachelor degree courses, applicants must have an average of 60% in the best four subjects from Indian high school qualifications."", ""Achieving 70% in English from CBSE or CISCE exempts from additional English tests."", ""Some courses may have higher requirements.""]}, {""subtitle"": ""English Requirement"", ""description"": [""If not exempt, English test scores are needed.""]}]",2026-10-01,48 months,22600,GBP,,0,,0,,,,,,,,,,,,BA,https://www.essex.ac.uk/courses/UG01124/1/BA-Politics-and-International-Relations?coursecode=L227,,,,,,,
University of Essex,International Relations,Politics and International Relations (with Year Abroad),IB,60,,60,"[{""subtitle"": ""Entry requirements"", ""description"": [""To be eligible for most Undergraduate Bachelor degree courses, applicants must have an average of 60% in the best four subjects from Indian high school qualifications."", ""Achieving 70% in English from CBSE or CISCE exempts from additional English tests."", ""Some courses may have higher requirements.""]}, {""subtitle"": ""English Requirement"", ""description"": [""If not exempt, English test scores are needed.""]}]",2026-10-01,48 months,22600,GBP,,0,,0,,,,,,,,,,,,BA,https://www.essex.ac.uk/courses/UG01124/1/BA-Politics-and-International-Relations?coursecode=L226,,,,,,,
University of Essex,Psychology,Psychology (with Placement Year),IB,60,,60,"[{""subtitle"": ""Entry requirements"", ""description"": [""To be eligible for most Undergraduate Bachelor degree courses, applicants must have an average of 60% in the best four subjects from Indian high school qualifications."", ""Achieving 70% in English from CBSE or CISCE exempts from additional English tests."", ""Some courses may have higher requirements.""]}, {""subtitle"": ""English Requirement"", ""description"": [""If not exempt, English test scores are needed.""]}]",2026-10-01,48 months,24360,GBP,,0,,0,,,,,,,,,,,,BA,https://www.essex.ac.uk/courses/UG00361/1/BA-Psychology?coursecode=C810,,,,,,,
University of Essex,Psychology,Psychology (with Year Abroad),IB,60,,60,"[{""subtitle"": ""Entry requirements"", ""description"": [""To be eligible for most Undergraduate Bachelor degree courses, applicants must have an average of 60% in the best four subjects from Indian high school qualifications."", ""Achieving 70% in English from CBSE or CISCE exempts from additional English tests."", ""Some courses may have higher requirements.""]}, {""subtitle"": ""English Requirement"", ""description"": [""If not exempt, English test scores are needed.""]}]",2026-10-01,48 months,24360,GBP,,0,,0,,,,,,,,,,,,BA,https://www.essex.ac.uk/courses/UG00361/1/BA-Psychology?coursecode=C801,,,,,,,
University of Essex,"Hospitality, Event Management and Tourism",Events Management with Hospitality (9 Months),IB,60,,60,"[{""subtitle"": ""Entry requirements"", ""description"": [""To be eligible for most Undergraduate Bachelor degree courses, applicants must have an average of 60% in the best four subjects from Indian high school qualifications."", ""Achieving 70% in English from CBSE or CISCE exempts from additional English tests."", ""Some courses may have higher requirements.""]}, {""subtitle"": ""English Requirement"", ""description"": [""If not exempt, English test scores are needed.""]}]",2026-01-01,9 months,20475,GBP,,0,,0,,,,,,,,,,,,BA,https://www.essex.ac.uk/courses/ug01113/2/ba-events-management-with-hospitality?_cldee=diblCGeZ9rnkvm3eEf2i9hXYCMxI6STM3HB_Ejvy6T2ZT_c8ACVIB7yRje4WVWfo&recipientid=contact-47d41163c34def11a317002248077aa5-1d84c2c334f0424396e45a327d7d6dea&utm_source=ClickDimensions&utm_medium=email&utm_campaign=Agent%20Comms%2021/22&esid=1f8f415d-eed4-ef11-8ee9-6045bd11739b&startdate=25-01,,,,,,,
University of Essex,Hotel Management,Hotel Management,IB,60,,60,"[{""subtitle"": ""Entry requirements"", ""description"": [""To be eligible for most Undergraduate Bachelor degree courses, applicants must have an average of 60% in the best four subjects from Indian high school qualifications."", ""Achieving 70% in English from CBSE or CISCE exempts from additional English tests."", ""Some courses may have higher requirements.""]}, {""subtitle"": ""English Requirement"", ""description"": [""If not exempt, English test scores are needed.""]}]",2026-01-01,9 months,21500,GBP,,0,,0,,,,,,,,,,,,BA,https://www.essex.ac.uk/courses/ug00206/2/ba-hotel-management,,,,,,,
University of Essex,Business and Management,Business Administration,IB,60,,60,"[{""subtitle"": ""Entry requirements"", ""description"": [""To be eligible for most Undergraduate Bachelor degree courses, applicants must have an average of 60% in the best four subjects from Indian high school qualifications."", ""Achieving 70% in English from CBSE or CISCE exempts from additional English tests."", ""Some courses may have higher requirements.""]}, {""subtitle"": ""English Requirement"", ""description"": [""If not exempt, English test scores are needed.""]}]",2026-10-01,36 months,22600,GBP,,0,,0,,,,,,,,,,,,BBA,https://www.essex.ac.uk/courses/ug00043/1/bba-business-administration,,,,,,,
University of Essex,Computer Science,Computers with Electronics,IB,60,,60,"[{""subtitle"": ""Entry requirements"", ""description"": [""To be eligible for most Undergraduate Bachelor degree courses, applicants must have an average of 60% in the best four subjects from Indian high school qualifications."", ""Achieving 70% in English from CBSE or CISCE exempts from additional English tests."", ""Some courses may have higher requirements.""]}, {""subtitle"": ""English Requirement"", ""description"": [""If not exempt, English test scores are needed.""]}]",2026-10-01,36 months,23850,GBP,,0,,0,,,,,,,,,,,,BEng,https://www.essex.ac.uk/courses/UG00080/1/BEng-Computers-with-Electronics?startdate=2024/25,,,,,,,
University of Essex,General Engineering,Communications Engineering,IB,60,,60,"[{""subtitle"": ""Entry requirements"", ""description"": [""To be eligible for most Undergraduate Bachelor degree courses, applicants must have an average of 60% in the best four subjects from Indian high school qualifications."", ""Achieving 70% in English from CBSE or CISCE exempts from additional English tests."", ""Some courses may have higher requirements.""]}, {""subtitle"": ""English Requirement"", ""description"": [""If not exempt, English test scores are needed.""]}]",2026-10-01,36 months,25050,GBP,,0,,0,,,,,,,,,,,,BEng,https://www.essex.ac.uk/courses/UG00409/1/BEng-Communications-Engineering?startdate=2024/25,,,,,,,
University of Essex,Computer Science,Computer Systems Engineering,IB,60,,60,"[{""subtitle"": ""Entry requirements"", ""description"": [""To be eligible for most Undergraduate Bachelor degree courses, applicants must have an average of 60% in the best four subjects from Indian high school qualifications."", ""Achieving 70% in English from CBSE or CISCE exempts from additional English tests."", ""Some courses may have higher requirements.""]}, {""subtitle"": ""English Requirement"", ""description"": [""If not exempt, English test scores are needed.""]}]",2026-10-01,36 months,25050,GBP,,0,,0,,,,,,,,,,,,BEng,https://www.essex.ac.uk/courses/UG00076/1/BEng-Computer-Systems-Engineering?startdate=2024/25,,,,,,,
University of Essex,Electrical Engineering,Electronic Engineering,IB,60,,60,"[{""subtitle"": ""Entry requirements"", ""description"": [""To be eligible for most Undergraduate Bachelor degree courses, applicants must have an average of 60% in the best four subjects from Indian high school qualifications."", ""Achieving 70% in English from CBSE or CISCE exempts from additional English tests."", ""Some courses may have higher requirements.""]}, {""subtitle"": ""English Requirement"", ""description"": [""If not exempt, English test scores are needed.""]}]",2026-10-01,36 months,25050,GBP,,0,,0,,,,,,,,,,,,BEng,https://www.essex.ac.uk/courses/ug00117/1/beng-electronic-engineering,,,,,,,
University of Essex,General Engineering,Neural Engineering with Psychology,IB,60,,60,"[{""subtitle"": ""Entry requirements"", ""description"": [""To be eligible for most Undergraduate Bachelor degree courses, applicants must have an average of 60% in the best four subjects from Indian high school qualifications."", ""Achieving 70% in English from CBSE or CISCE exempts from additional English tests."", ""Some courses may have higher requirements.""]}, {""subtitle"": ""English Requirement"", ""description"": [""If not exempt, English test scores are needed.""]}]",2026-10-01,36 months,25050,GBP,,0,,0,,,,,,,,,,,,BEng,https://www.essex.ac.uk/courses/ug01361/1/beng-neural-engineering-with-psychology,,,,,,,
University of Essex,General Engineering,Robotic Engineering,IB,60,,60,"[{""subtitle"": ""Entry requirements"", ""description"": [""To be eligible for most Undergraduate Bachelor degree courses, applicants must have an average of 60% in the best four subjects from Indian high school qualifications."", ""Achieving 70% in English from CBSE or CISCE exempts from additional English tests."", ""Some courses may have higher requirements.""]}, {""subtitle"": ""English Requirement"", ""description"": [""If not exempt, English test scores are needed.""]}]",2026-10-01,36 months,25050,GBP,,0,,0,,,,,,,,,,,,BEng,https://www.essex.ac.uk/courses/ug01061/1/beng-robotic-engineering,,,,,,,
University of Essex,Electrical Engineering,Electronic Engineering (with Foundation Year),IB,60,,60,"[{""subtitle"": ""Entry requirements"", ""description"": [""To be eligible for most Undergraduate Bachelor degree courses, applicants must have an average of 60% in the best four subjects from Indian high school qualifications."", ""Achieving 70% in English from CBSE or CISCE exempts from additional English tests."", ""Some courses may have higher requirements.""]}, {""subtitle"": ""English Requirement"", ""description"": [""If not exempt, English test scores are needed.""]}]",2026-10-01,48 months,21500,GBP,,0,,0,,,,,,,,,,,,BEng,https://www.essex.ac.uk/courses/UG00117/3/BEng-Electronic-Engineering,,,,,,,
University of Essex,General Engineering,Neural Engineering with Psychology (with Placement Year),IB,60,,60,"[{""subtitle"": ""Entry requirements"", ""description"": [""To be eligible for most Undergraduate Bachelor degree courses, applicants must have an average of 60% in the best four subjects from Indian high school qualifications."", ""Achieving 70% in English from CBSE or CISCE exempts from additional English tests."", ""Some courses may have higher requirements.""]}, {""subtitle"": ""English Requirement"", ""description"": [""If not exempt, English test scores are needed.""]}]",2026-10-01,48 months,25050,GBP,,0,,0,,,,,,,,,,,,BEng,https://www.essex.ac.uk/courses/ug01361/1/beng-neural-engineering-with-psychology?coursecode=H170,,,,,,,
University of Essex,General Engineering,Neural Engineering with Psychology (with Year Abroad),IB,60,,60,"[{""subtitle"": ""Entry requirements"", ""description"": [""To be eligible for most Undergraduate Bachelor degree courses, applicants must have an average of 60% in the best four subjects from Indian high school qualifications."", ""Achieving 70% in English from CBSE or CISCE exempts from additional English tests."", ""Some courses may have higher requirements.""]}, {""subtitle"": ""English Requirement"", ""description"": [""If not exempt, English test scores are needed.""]}]",2026-10-01,48 months,25050,GBP,,0,,0,,,,,,,,,,,,BEng,https://www.essex.ac.uk/courses/ug01361/1/beng-neural-engineering-with-psychology?coursecode=H171,,,,,,,
University of Essex,General Engineering,Robotic Engineering (with Placement Year),IB,60,,60,"[{""subtitle"": ""Entry requirements"", ""description"": [""To be eligible for most Undergraduate Bachelor degree courses, applicants must have an average of 60% in the best four subjects from Indian high school qualifications."", ""Achieving 70% in English from CBSE or CISCE exempts from additional English tests."", ""Some courses may have higher requirements.""]}, {""subtitle"": ""English Requirement"", ""description"": [""If not exempt, English test scores are needed.""]}]",2026-10-01,48 months,25050,GBP,,0,,0,,,,,,,,,,,,BEng,https://www.essex.ac.uk/courses/ug01061/1/beng-robotic-engineering?coursecode=H617,,,,,,,
University of Essex,General Engineering,Robotic Engineering (with Year Abroad),IB,60,,60,"[{""subtitle"": ""Entry requirements"", ""description"": [""To be eligible for most Undergraduate Bachelor degree courses, applicants must have an average of 60% in the best four subjects from Indian high school qualifications."", ""Achieving 70% in English from CBSE or CISCE exempts from additional English tests."", ""Some courses may have higher requirements.""]}, {""subtitle"": ""English Requirement"", ""description"": [""If not exempt, English test scores are needed.""]}]",2026-10-01,48 months,25050,GBP,,0,,0,,,,,,,,,,,,BEng,https://www.essex.ac.uk/courses/ug01061/1/beng-robotic-engineering?coursecode=H616,,,,,,,
University of Essex,Health Professions,Oral Health Science,IB,60,,60,"[{""subtitle"": ""Entry requirements"", ""description"": [""To be eligible for most Undergraduate Bachelor degree courses, applicants must have an average of 60% in the best four subjects from Indian high school qualifications."", ""Achieving 70% in English from CBSE or CISCE exempts from additional English tests."", ""Some courses may have higher requirements.""]}, {""subtitle"": ""English Requirement"", ""description"": [""If not exempt, English test scores are needed.""]}]",2026-01-01,12 months,30275,GBP,,0,,0,,,,,,,,,,,,BSc,https://www.essex.ac.uk/courses/ug00320/2/bsc-oral-health-science,,,,,,,
University of Essex,Health Professions,Oral Health Science (Colchester Campus),IB,60,,60,"[{""subtitle"": ""Entry requirements"", ""description"": [""To be eligible for most Undergraduate Bachelor degree courses, applicants must have an average of 60% in the best four subjects from Indian high school qualifications."", ""Achieving 70% in English from CBSE or CISCE exempts from additional English tests."", ""Some courses may have higher requirements.""]}, {""subtitle"": ""English Requirement"", ""description"": [""If not exempt, English test scores are needed.""]}]",2026-01-01,12 months,30275,GBP,,0,,0,,,,,,,,,,,,BSc,https://www.essex.ac.uk/courses/UG00320/2/BSc-Oral-Health-Science?campus=Colchester%20Campus,,,,,,,
University of Essex,Computer Science,Computational Linguistics,IB,60,,60,"[{""subtitle"": ""Entry requirements"", ""description"": [""To be eligible for most Undergraduate Bachelor degree courses, applicants must have an average of 60% in the best four subjects from Indian high school qualifications."", ""Achieving 70% in English from CBSE or CISCE exempts from additional English tests."", ""Some courses may have higher requirements.""]}, {""subtitle"": ""English Requirement"", ""description"": [""If not exempt, English test scores are needed.""]}]",2026-10-01,36 months,21500,GBP,,0,,0,,,,,,,,,,,,BSc,https://www.essex.ac.uk/courses/UG01385/3/BSc-Computational-Linguistics?startdate=26-10&coursecode=Q120,,,,,,,
University of Essex,Management,Management and Marketing,IB,60,,60,"[{""subtitle"": ""Entry requirements"", ""description"": [""To be eligible for most Undergraduate Bachelor degree courses, applicants must have an average of 60% in the best four subjects from Indian high school qualifications."", ""Achieving 70% in English from CBSE or CISCE exempts from additional English tests."", ""Some courses may have higher requirements.""]}, {""subtitle"": ""English Requirement"", ""description"": [""If not exempt, English test scores are needed.""]}]",2026-10-01,36 months,21525,GBP,,0,,0,,,,,,,,,,,,BSc,https://www.essex.ac.uk/courses/ug00256/1/bsc-management-and-marketing,,,,,,,
University of Essex,Business and Management,Business and Analytics,IB,60,,60,"[{""subtitle"": ""Entry requirements"", ""description"": [""To be eligible for most Undergraduate Bachelor degree courses, applicants must have an average of 60% in the best four subjects from Indian high school qualifications."", ""Achieving 70% in English from CBSE or CISCE exempts from additional English tests."", ""Some courses may have higher requirements.""]}, {""subtitle"": ""English Requirement"", ""description"": [""If not exempt, English test scores are needed.""]}]",2026-10-01,36 months,22600,GBP,,0,,0,,,,,,,,,,,,BSc,https://www.essex.ac.uk/courses/UG01601/1/BSc-Business-and-Analytics?startdate=26-10&coursecode=N130,,,,,,,
University of Essex,Sports Science,Sport Coaching,IB,60,,60,"[{""subtitle"": ""Entry requirements"", ""description"": [""To be eligible for most Undergraduate Bachelor degree courses, applicants must have an average of 60% in the best four subjects from Indian high school qualifications."", ""Achieving 70% in English from CBSE or CISCE exempts from additional English tests."", ""Some courses may have higher requirements.""]}, {""subtitle"": ""English Requirement"", ""description"": [""If not exempt, English test scores are needed.""]}]",2026-10-01,36 months,22600,GBP,,0,,0,,,,,,,,,,,,BSc,https://www.essex.ac.uk/courses/UG01663/1/BSc-Sport-Coaching,,,,,,,
University of Essex,Computer Science,Artificial Intelligence,IB,60,,60,"[{""subtitle"": ""Entry requirements"", ""description"": [""To be eligible for most Undergraduate Bachelor degree courses, applicants must have an average of 60% in the best four subjects from Indian high school qualifications."", ""Achieving 70% in English from CBSE or CISCE exempts from additional English tests."", ""Some courses may have higher requirements.""]}, {""subtitle"": ""English Requirement"", ""description"": [""If not exempt, English test scores are needed.""]}]",2026-10-01,36 months,25050,GBP,,0,,0,,,,,,,,,,,,BSc,https://www.essex.ac.uk/courses/ug01499/1/bsc-artificial-intelligence,,,,,,,
University of Essex,Dentistry,Dental Hygiene and Therapy (Colchester Campus),IB,60,,60,"[{""subtitle"": ""Entry requirements"", ""description"": [""To be eligible for most Undergraduate Bachelor degree courses, applicants must have an average of 60% in the best four subjects from Indian high school qualifications."", ""Achieving 70% in English from CBSE or CISCE exempts from additional English tests."", ""Some courses may have higher requirements.""]}, {""subtitle"": ""English Requirement"", ""description"": [""If not exempt, English test scores are needed.""]}]",2026-10-01,36 months,31750,GBP,,0,,0,,,,,,,,,,,,BSc,https://www.essex.ac.uk/courses/UG01664/2/BSc-Dental-Hygiene-and-Therapy,,,,,,,
University of Essex,Dentistry,Dental Hygiene and Therapy (Southend Campus),IB,60,,60,"[{""subtitle"": ""Entry requirements"", ""description"": [""To be eligible for most Undergraduate Bachelor degree courses, applicants must have an average of 60% in the best four subjects from Indian high school qualifications."", ""Achieving 70% in English from CBSE or CISCE exempts from additional English tests."", ""Some courses may have higher requirements.""]}, {""subtitle"": ""English Requirement"", ""description"": [""If not exempt, English test scores are needed.""]}]",2026-10-01,36 months,31750,GBP,,0,,0,,,,,,,,,,,,BSc,https://www.essex.ac.uk/courses/UG01664/2/BSc-Dental-Hygiene-and-Therapy?campus=Southend%20Campus,,,,,,,
University of Essex,Computer Science,Global Sustainability,IB,60,,60,"[{""subtitle"": ""Entry requirements"", ""description"": [""To be eligible for most Undergraduate Bachelor degree courses, applicants must have an average of 60% in the best four subjects from Indian high school qualifications."", ""Achieving 70% in English from CBSE or CISCE exempts from additional English tests."", ""Some courses may have higher requirements.""]}, {""subtitle"": ""English Requirement"", ""description"": [""If not exempt, English test scores are needed.""]}]",2026-10-01,36 months,24360,GBP,,0,,0,,,,,,,,,,,,BSc,https://www.essex.ac.uk/courses/ug01498/1/bsc-global-sustainability,,,,,,,
University of Essex,Business and Management,Business Management,IB,60,,60,"[{""subtitle"": ""Entry requirements"", ""description"": [""To be eligible for most Undergraduate Bachelor degree courses, applicants must have an average of 60% in the best four subjects from Indian high school qualifications."", ""Achieving 70% in English from CBSE or CISCE exempts from additional English tests."", ""Some courses may have higher requirements.""]}, {""subtitle"": ""English Requirement"", ""description"": [""If not exempt, English test scores are needed.""]}]",2026-10-01,36 months,22600,GBP,,0,,0,,,,,,,,,,,,BSc,https://www.essex.ac.uk/courses/UG00045/1/BSc-Business-Management?startdate=2024/25,,,,,,,
University of Essex,Management,Marketing Management,IB,60,,60,"[{""subtitle"": ""Entry requirements"", ""description"": [""To be eligible for most Undergraduate Bachelor degree courses, applicants must have an average of 60% in the best four subjects from Indian high school qualifications."", ""Achieving 70% in English from CBSE or CISCE exempts from additional English tests."", ""Some courses may have higher requirements.""]}, {""subtitle"": ""English Requirement"", ""description"": [""If not exempt, English test scores are needed.""]}]",2026-10-01,36 months,22600,GBP,,0,,0,,,,,,,,,,,,BSc,https://www.essex.ac.uk/courses/UG00256/1/BSc-Marketing-Management,,,,,,,
University of Essex,Accounting and Finance,Accounting,IB,60,,60,"[{""subtitle"": ""Entry requirements"", ""description"": [""To be eligible for most Undergraduate Bachelor degree courses, applicants must have an average of 60% in the best four subjects from Indian high school qualifications."", ""Achieving 70% in English from CBSE or CISCE exempts from additional English tests."", ""Some courses may have higher requirements.""]}, {""subtitle"": ""English Requirement"", ""description"": [""If not exempt, English test scores are needed.""]}]",2026-10-01,36 months,22600,GBP,,0,,0,,,,,,,,,,,,BSc,https://www.essex.ac.uk/courses/ug00001/1/bsc-accounting,,,,,,,
University of Essex,Accounting and Finance,Accounting and Finance,IB,60,,60,"[{""subtitle"": ""Entry requirements"", ""description"": [""To be eligible for most Undergraduate Bachelor degree courses, applicants must have an average of 60% in the best four subjects from Indian high school qualifications."", ""Achieving 70% in English from CBSE or CISCE exempts from additional English tests."", ""Some courses may have higher requirements.""]}, {""subtitle"": ""English Requirement"", ""description"": [""If not exempt, English test scores are needed.""]}]",2026-10-01,36 months,22600,GBP,,0,,0,,,,,,,,,,,,BSc,https://www.essex.ac.uk/courses/ug00002/1/bsc-accounting-and-finance,,,,,,,
University of Essex,Accounting and Finance,Banking and Finance,IB,60,,60,"[{""subtitle"": ""Entry requirements"", ""description"": [""To be eligible for most Undergraduate Bachelor degree courses, applicants must have an average of 60% in the best four subjects from Indian high school qualifications."", ""Achieving 70% in English from CBSE or CISCE exempts from additional English tests."", ""Some courses may have higher requirements.""]}, {""subtitle"": ""English Requirement"", ""description"": [""If not exempt, English test scores are needed.""]}]",2026-10-01,36 months,22600,GBP,,0,,0,,,,,,,,,,,,BSc,https://www.essex.ac.uk/courses/ug00030/1/bsc-banking-and-finance,,,,,,,
University of Essex,Business and Management,Business Administration and Supply Chain Management,IB,60,,60,"[{""subtitle"": ""Entry requirements"", ""description"": [""To be eligible for most Undergraduate Bachelor degree courses, applicants must have an average of 60% in the best four subjects from Indian high school qualifications."", ""Achieving 70% in English from CBSE or CISCE exempts from additional English tests."", ""Some courses may have higher requirements.""]}, {""subtitle"": ""English Requirement"", ""description"": [""If not exempt, English test scores are needed.""]}]",2026-10-01,36 months,22600,GBP,,0,,0,,,,,,,,,,,,BSc,https://www.essex.ac.uk/courses/ug01504/1/bsc-business-administration-and-supply-chain-management,,,,,,,
University of Essex,Business and Management,Business and Human Resource Management,IB,60,,60,"[{""subtitle"": ""Entry requirements"", ""description"": [""To be eligible for most Undergraduate Bachelor degree courses, applicants must have an average of 60% in the best four subjects from Indian high school qualifications."", ""Achieving 70% in English from CBSE or CISCE exempts from additional English tests."", ""Some courses may have higher requirements.""]}, {""subtitle"": ""English Requirement"", ""description"": [""If not exempt, English test scores are needed.""]}]",2026-10-01,36 months,22600,GBP,,0,,0,,,,,,,,,,,,BSc,https://www.essex.ac.uk/courses/ug01545/1/bsc-business-and-human-resource-management,,,,,,,
University of Essex,Computer Science,Data Science and Analytics,IB,60,,60,"[{""subtitle"": ""Entry requirements"", ""description"": [""To be eligible for most Undergraduate Bachelor degree courses, applicants must have an average of 60% in the best four subjects from Indian high school qualifications."", ""Achieving 70% in English from CBSE or CISCE exempts from additional English tests."", ""Some courses may have higher requirements.""]}, {""subtitle"": ""English Requirement"", ""description"": [""If not exempt, English test scores are needed.""]}]",2026-10-01,36 months,22600,GBP,,0,,0,,,,,,,,,,,,BSc,https://www.essex.ac.uk/courses/UG01034/1/BSc-Data-Science-and-Analytics?startdate=2024/25,,,,,,,
University of Essex,Economics,Economics (3 Years),IB,60,,60,"[{""subtitle"": ""Entry requirements"", ""description"": [""To be eligible for most Undergraduate Bachelor degree courses, applicants must have an average of 60% in the best four subjects from Indian high school qualifications."", ""Achieving 70% in English from CBSE or CISCE exempts from additional English tests."", ""Some courses may have higher requirements.""]}, {""subtitle"": ""English Requirement"", ""description"": [""If not exempt, English test scores are needed.""]}]",2026-10-01,36 months,22600,GBP,,0,,0,,,,,,,,,,,,BSc,https://www.essex.ac.uk/courses/UG00103/3/BSc-Economics?startdate=2024/25,,,,,,,
University of Essex,Economics,Economics and Mathematics,IB,60,,60,"[{""subtitle"": ""Entry requirements"", ""description"": [""To be eligible for most Undergraduate Bachelor degree courses, applicants must have an average of 60% in the best four subjects from Indian high school qualifications."", ""Achieving 70% in English from CBSE or CISCE exempts from additional English tests."", ""Some courses may have higher requirements.""]}, {""subtitle"": ""English Requirement"", ""description"": [""If not exempt, English test scores are needed.""]}]",2026-10-01,36 months,22600,GBP,,0,,0,,,,,,,,,,,,BSc,https://www.essex.ac.uk/courses/UG00105/1/BSc-Economics-and-Mathematics?coursecode=LG11,,,,,,,
University of Essex,Economics,Economics and Politics,IB,60,,60,"[{""subtitle"": ""Entry requirements"", ""description"": [""To be eligible for most Undergraduate Bachelor degree courses, applicants must have an average of 60% in the best four subjects from Indian high school qualifications."", ""Achieving 70% in English from CBSE or CISCE exempts from additional English tests."", ""Some courses may have higher requirements.""]}, {""subtitle"": ""English Requirement"", ""description"": [""If not exempt, English test scores are needed.""]}]",2026-10-01,36 months,22600,GBP,,0,,0,,,,,,,,,,,,BSc,https://www.essex.ac.uk/courses/UG00106/1/BSc-Economics-and-Politics?startdate=2024/25,,,,,,,
University of Essex,Computer Science,Economics with Data Science,IB,60,,60,"[{""subtitle"": ""Entry requirements"", ""description"": [""To be eligible for most Undergraduate Bachelor degree courses, applicants must have an average of 60% in the best four subjects from Indian high school qualifications."", ""Achieving 70% in English from CBSE or CISCE exempts from additional English tests."", ""Some courses may have higher requirements.""]}, {""subtitle"": ""English Requirement"", ""description"": [""If not exempt, English test scores are needed.""]}]",2026-10-01,36 months,22600,GBP,,0,,0,,,,,,,,,,,,BSc,https://www.essex.ac.uk/courses/UG01265/1/BSc-Economics-with-Data-Science?startdate=2024/25,,,,,,,
University of Essex,Accounting and Finance,Finance,IB,60,,60,"[{""subtitle"": ""Entry requirements"", ""description"": [""To be eligible for most Undergraduate Bachelor degree courses, applicants must have an average of 60% in the best four subjects from Indian high school qualifications."", ""Achieving 70% in English from CBSE or CISCE exempts from additional English tests."", ""Some courses may have higher requirements.""]}, {""subtitle"": ""English Requirement"", ""description"": [""If not exempt, English test scores are needed.""]}]",2026-10-01,36 months,22600,GBP,,0,,0,,,,,,,,,,,,BSc,https://www.essex.ac.uk/courses/ug00167/1/bsc-finance,,,,,,,
University of Essex,Accounting and Finance,Finance and Management,IB,60,,60,"[{""subtitle"": ""Entry requirements"", ""description"": [""To be eligible for most Undergraduate Bachelor degree courses, applicants must have an average of 60% in the best four subjects from Indian high school qualifications."", ""Achieving 70% in English from CBSE or CISCE exempts from additional English tests."", ""Some courses may have higher requirements.""]}, {""subtitle"": ""English Requirement"", ""description"": [""If not exempt, English test scores are needed.""]}]",2026-10-01,36 months,22600,GBP,,0,,0,,,,,,,,,,,,BSc,https://www.essex.ac.uk/courses/ug01275/1/bsc-finance-and-management,,,,,,,
University of Essex,Accounting and Finance,Finance and Mathematics,IB,60,,60,"[{""subtitle"": ""Entry requirements"", ""description"": [""To be eligible for most Undergraduate Bachelor degree courses, applicants must have an average of 60% in the best four subjects from Indian high school qualifications."", ""Achieving 70% in English from CBSE or CISCE exempts from additional English tests."", ""Some courses may have higher requirements.""]}, {""subtitle"": ""English Requirement"", ""description"": [""If not exempt, English test scores are needed.""]}]",2026-10-01,36 months,22600,GBP,,0,,0,,,,,,,,,,,,BSc,https://www.essex.ac.uk/courses/ug00168/1/bsc-finance-and-mathematics,,,,,,,
University of Essex,Accounting and Finance,Financial Economics (3 Years),IB,60,,60,"[{""subtitle"": ""Entry requirements"", ""description"": [""To be eligible for most Undergraduate Bachelor degree courses, applicants must have an average of 60% in the best four subjects from Indian high school qualifications."", ""Achieving 70% in English from CBSE or CISCE exempts from additional English tests."", ""Some courses may have higher requirements.""]}, {""subtitle"": ""English Requirement"", ""description"": [""If not exempt, English test scores are needed.""]}]",2026-10-01,36 months,22600,GBP,,0,,0,,,,,,,,,,,,BSc,https://www.essex.ac.uk/courses/ug00172/3/bsc-financial-economics,,,,,,,
University of Essex,Business and Management,International Business and Entrepreneurship,IB,60,,60,"[{""subtitle"": ""Entry requirements"", ""description"": [""To be eligible for most Undergraduate Bachelor degree courses, applicants must have an average of 60% in the best four subjects from Indian high school qualifications."", ""Achieving 70% in English from CBSE or CISCE exempts from additional English tests."", ""Some courses may have higher requirements.""]}, {""subtitle"": ""English Requirement"", ""description"": [""If not exempt, English test scores are needed.""]}]",2026-10-01,36 months,22600,GBP,,0,,0,,,,,,,,,,,,BSc,https://www.essex.ac.uk/courses/ug00216/1/bsc-international-business-and-entrepreneurship,,,,,,,
University of Essex,Accounting and Finance,International Business and Finance,IB,60,,60,"[{""subtitle"": ""Entry requirements"", ""description"": [""To be eligible for most Undergraduate Bachelor degree courses, applicants must have an average of 60% in the best four subjects from Indian high school qualifications."", ""Achieving 70% in English from CBSE or CISCE exempts from additional English tests."", ""Some courses may have higher requirements.""]}, {""subtitle"": ""English Requirement"", ""description"": [""If not exempt, English test scores are needed.""]}]",2026-10-01,36 months,22600,GBP,,0,,0,,,,,,,,,,,,BSc,https://www.essex.ac.uk/courses/ug01393/1/bsc-international-business-and-finance,,,,,,,
University of Essex,Economics,Management Economics,IB,60,,60,"[{""subtitle"": ""Entry requirements"", ""description"": [""To be eligible for most Undergraduate Bachelor degree courses, applicants must have an average of 60% in the best four subjects from Indian high school qualifications."", ""Achieving 70% in English from CBSE or CISCE exempts from additional English tests."", ""Some courses may have higher requirements.""]}, {""subtitle"": ""English Requirement"", ""description"": [""If not exempt, English test scores are needed.""]}]",2026-10-01,36 months,22600,GBP,,0,,0,,,,,,,,,,,,BSc,https://www.essex.ac.uk/courses/UG00258/3/BSc-Management-Economics?coursecode=L109,,,,,,,
University of Essex,Marketing,Marketing,IB,60,,60,"[{""subtitle"": ""Entry requirements"", ""description"": [""To be eligible for most Undergraduate Bachelor degree courses, applicants must have an average of 60% in the best four subjects from Indian high school qualifications."", ""Achieving 70% in English from CBSE or CISCE exempts from additional English tests."", ""Some courses may have higher requirements.""]}, {""subtitle"": ""English Requirement"", ""description"": [""If not exempt, English test scores are needed.""]}]",2026-10-01,36 months,22600,GBP,,0,,0,,,,,,,,,,,,BSc,https://www.essex.ac.uk/courses/ug00264/1/bsc-marketing,,,,,,,
University of Essex,Mathematics,Mathematics,IB,60,,60,"[{""subtitle"": ""Entry requirements"", ""description"": [""To be eligible for most Undergraduate Bachelor degree courses, applicants must have an average of 60% in the best four subjects from Indian high school qualifications."", ""Achieving 70% in English from CBSE or CISCE exempts from additional English tests."", ""Some courses may have higher requirements.""]}, {""subtitle"": ""English Requirement"", ""description"": [""If not exempt, English test scores are needed.""]}]",2026-10-01,36 months,22600,GBP,,0,,0,,,,,,,,,,,,BSc,https://www.essex.ac.uk/courses/ug00269/1/bsc-mathematics,,,,,,,
University of Essex,Computer Science,Mathematics with Computing,IB,60,,60,"[{""subtitle"": ""Entry requirements"", ""description"": [""To be eligible for most Undergraduate Bachelor degree courses, applicants must have an average of 60% in the best four subjects from Indian high school qualifications."", ""Achieving 70% in English from CBSE or CISCE exempts from additional English tests."", ""Some courses may have higher requirements.""]}, {""subtitle"": ""English Requirement"", ""description"": [""If not exempt, English test scores are needed.""]}]",2026-10-01,36 months,22600,GBP,,0,,0,,,,,,,,,,,,BSc,https://www.essex.ac.uk/courses/ug00282/1/bsc-mathematics-with-computing,,,,,,,
University of Essex,Mathematics,Mathematics with Physics,IB,60,,60,"[{""subtitle"": ""Entry requirements"", ""description"": [""To be eligible for most Undergraduate Bachelor degree courses, applicants must have an average of 60% in the best four subjects from Indian high school qualifications."", ""Achieving 70% in English from CBSE or CISCE exempts from additional English tests."", ""Some courses may have higher requirements.""]}, {""subtitle"": ""English Requirement"", ""description"": [""If not exempt, English test scores are needed.""]}]",2026-10-01,36 months,22600,GBP,,0,,0,,,,,,,,,,,,BSc,https://www.essex.ac.uk/courses/ug00285/1/bsc-mathematics-with-physics,,,,,,,
University of Essex,Other,Physiotherapy,IB,60,,60,"[{""subtitle"": ""Entry requirements"", ""description"": [""To be eligible for most Undergraduate Bachelor degree courses, applicants must have an average of 60% in the best four subjects from Indian high school qualifications."", ""Achieving 70% in English from CBSE or CISCE exempts from additional English tests."", ""Some courses may have higher requirements.""]}, {""subtitle"": ""English Requirement"", ""description"": [""If not exempt, English test scores are needed.""]}]",2026-10-01,36 months,22600,GBP,,0,,0,,,,,,,,,,,,BSc,https://www.essex.ac.uk/courses/ug00339/2/bsc-physiotherapy,,,,,,,
University of Essex,International Relations,Politics and International Relations (3 Years),IB,60,,60,"[{""subtitle"": ""Entry requirements"", ""description"": [""To be eligible for most Undergraduate Bachelor degree courses, applicants must have an average of 60% in the best four subjects from Indian high school qualifications."", ""Achieving 70% in English from CBSE or CISCE exempts from additional English tests."", ""Some courses may have higher requirements.""]}, {""subtitle"": ""English Requirement"", ""description"": [""If not exempt, English test scores are needed.""]}]",2026-10-01,36 months,22600,GBP,,0,,0,,,,,,,,,,,,BSc,https://www.essex.ac.uk/courses/ug01124/2/bsc-politics-and-international-relations,,,,,,,
University of Essex,Psychology,Sport and Exercise Psychology,IB,60,,60,"[{""subtitle"": ""Entry requirements"", ""description"": [""To be eligible for most Undergraduate Bachelor degree courses, applicants must have an average of 60% in the best four subjects from Indian high school qualifications."", ""Achieving 70% in English from CBSE or CISCE exempts from additional English tests."", ""Some courses may have higher requirements.""]}, {""subtitle"": ""English Requirement"", ""description"": [""If not exempt, English test scores are needed.""]}]",2026-10-01,36 months,22600,GBP,,0,,0,,,,,,,,,,,,BSc,https://www.essex.ac.uk/courses/ug01533/1/bsc-sport-and-exercise-psychology,,,,,,,
University of Essex,Sports Science,Sports and Exercise Science,IB,60,,60,"[{""subtitle"": ""Entry requirements"", ""description"": [""To be eligible for most Undergraduate Bachelor degree courses, applicants must have an average of 60% in the best four subjects from Indian high school qualifications."", ""Achieving 70% in English from CBSE or CISCE exempts from additional English tests."", ""Some courses may have higher requirements.""]}, {""subtitle"": ""English Requirement"", ""description"": [""If not exempt, English test scores are needed.""]}]",2026-10-01,36 months,22600,GBP,,0,,0,,,,,,,,,,,,BSc,https://www.essex.ac.uk/courses/ug00399/1/bsc-sports-and-exercise-science,,,,,,,
University of Essex,Sports Science,Sports Performance and Coaching,IB,60,,60,"[{""subtitle"": ""Entry requirements"", ""description"": [""To be eligible for most Undergraduate Bachelor degree courses, applicants must have an average of 60% in the best four subjects from Indian high school qualifications."", ""Achieving 70% in English from CBSE or CISCE exempts from additional English tests."", ""Some courses may have higher requirements.""]}, {""subtitle"": ""English Requirement"", ""description"": [""If not exempt, English test scores are needed.""]}]",2026-10-01,36 months,22600,GBP,,0,,0,,,,,,,,,,,,BSc,https://www.essex.ac.uk/courses/UG01057/1/BSc-Sports-Performance-and-Coaching?startdate=2024/25,,,,,,,
University of Essex,Sports Science,Sports Therapy,IB,60,,60,"[{""subtitle"": ""Entry requirements"", ""description"": [""To be eligible for most Undergraduate Bachelor degree courses, applicants must have an average of 60% in the best four subjects from Indian high school qualifications."", ""Achieving 70% in English from CBSE or CISCE exempts from additional English tests."", ""Some courses may have higher requirements.""]}, {""subtitle"": ""English Requirement"", ""description"": [""If not exempt, English test scores are needed.""]}]",2026-10-01,36 months,22600,GBP,,0,,0,,,,,,,,,,,,BSc,https://www.essex.ac.uk/courses/ug00403/1/bsc-sports-therapy,,,,,,,
University of Essex,Computer Science,Computer Games,IB,60,,60,"[{""subtitle"": ""Entry requirements"", ""description"": [""To be eligible for most Undergraduate Bachelor degree courses, applicants must have an average of 60% in the best four subjects from Indian high school qualifications."", ""Achieving 70% in English from CBSE or CISCE exempts from additional English tests."", ""Some courses may have higher requirements.""]}, {""subtitle"": ""English Requirement"", ""description"": [""If not exempt, English test scores are needed.""]}]",2026-10-01,36 months,25050,GBP,,0,,0,,,,,,,,,,,,BSc,https://www.essex.ac.uk/courses/UG00066/1/BSc-Computer-Games?startdate=2024/25,,,,,,,
University of Essex,Biology,Microbiology,IB,60,,60,"[{""subtitle"": ""Entry requirements"", ""description"": [""To be eligible for most Undergraduate Bachelor degree courses, applicants must have an average of 60% in the best four subjects from Indian high school qualifications."", ""Achieving 70% in English from CBSE or CISCE exempts from additional English tests."", ""Some courses may have higher requirements.""]}, {""subtitle"": ""English Requirement"", ""description"": [""If not exempt, English test scores are needed.""]}]",2026-10-01,36 months,24360,GBP,,0,,0,,,,,,,,,,,,BSc,https://www.essex.ac.uk/courses/UG01570/1/BSc-Microbiology,,,,,,,
University of Essex,Biology,Ecology and Environmental Biology,IB,60,,60,"[{""subtitle"": ""Entry requirements"", ""description"": [""To be eligible for most Undergraduate Bachelor degree courses, applicants must have an average of 60% in the best four subjects from Indian high school qualifications."", ""Achieving 70% in English from CBSE or CISCE exempts from additional English tests."", ""Some courses may have higher requirements.""]}, {""subtitle"": ""English Requirement"", ""description"": [""If not exempt, English test scores are needed.""]}]",2026-10-01,36 months,24360,GBP,,0,,0,,,,,,,,,,,,BSc,https://www.essex.ac.uk/courses/UG00102/1/BSc-Ecology-and-Environmental-Biology?startdate=2024/25,,,,,,,
University of Essex,Biology,Human Biology,IB,60,,60,"[{""subtitle"": ""Entry requirements"", ""description"": [""To be eligible for most Undergraduate Bachelor degree courses, applicants must have an average of 60% in the best four subjects from Indian high school qualifications."", ""Achieving 70% in English from CBSE or CISCE exempts from additional English tests."", ""Some courses may have higher requirements.""]}, {""subtitle"": ""English Requirement"", ""description"": [""If not exempt, English test scores are needed.""]}]",2026-10-01,36 months,24360,GBP,,0,,0,,,,,,,,,,,,BSc,https://www.essex.ac.uk/courses/ug01340/1/bsc-human-biology,,,,,,,
University of Essex,Biology,Marine Biology,IB,60,,60,"[{""subtitle"": ""Entry requirements"", ""description"": [""To be eligible for most Undergraduate Bachelor degree courses, applicants must have an average of 60% in the best four subjects from Indian high school qualifications."", ""Achieving 70% in English from CBSE or CISCE exempts from additional English tests."", ""Some courses may have higher requirements.""]}, {""subtitle"": ""English Requirement"", ""description"": [""If not exempt, English test scores are needed.""]}]",2026-10-01,36 months,24360,GBP,,0,,0,,,,,,,,,,,,BSc,https://www.essex.ac.uk/courses/ug00263/1/bsc-marine-biology,,,,,,,
University of Essex,Nursing,Nursing (Adult),IB,60,,60,"[{""subtitle"": ""Entry requirements"", ""description"": [""To be eligible for most Undergraduate Bachelor degree courses, applicants must have an average of 60% in the best four subjects from Indian high school qualifications."", ""Achieving 70% in English from CBSE or CISCE exempts from additional English tests."", ""Some courses may have higher requirements.""]}, {""subtitle"": ""English Requirement"", ""description"": [""If not exempt, English test scores are needed.""]}]",2026-10-01,36 months,24360,GBP,,0,,0,,,,,,,,,,,,BSc,https://www.essex.ac.uk/courses/UG00315/1/BSc-Nursing-Adult,,,,,,,
University of Essex,Health Professions,Nursing (Mental Health),IB,60,,60,"[{""subtitle"": ""Entry requirements"", ""description"": [""To be eligible for most Undergraduate Bachelor degree courses, applicants must have an average of 60% in the best four subjects from Indian high school qualifications."", ""Achieving 70% in English from CBSE or CISCE exempts from additional English tests."", ""Some courses may have higher requirements.""]}, {""subtitle"": ""English Requirement"", ""description"": [""If not exempt, English test scores are needed.""]}]",2026-10-01,36 months,24360,GBP,,0,,0,,,,,,,,,,,,BSc,https://www.essex.ac.uk/courses/ug00316/1/bsc-nursing-mental-health,,,,,,,
University of Essex,Health Professions,Nursing (Mental Health) (Colchester Campus),IB,60,,60,"[{""subtitle"": ""Entry requirements"", ""description"": [""To be eligible for most Undergraduate Bachelor degree courses, applicants must have an average of 60% in the best four subjects from Indian high school qualifications."", ""Achieving 70% in English from CBSE or CISCE exempts from additional English tests."", ""Some courses may have higher requirements.""]}, {""subtitle"": ""English Requirement"", ""description"": [""If not exempt, English test scores are needed.""]}]",2026-10-01,36 months,24360,GBP,,0,,0,,,,,,,,,,,,BSc,https://www.essex.ac.uk/courses/UG00316/1/BSc-Nursing-Mental-Health?campus=Colchester%20Campus,,,,,,,
University of Essex,Psychology,Psychology (3 Years),IB,60,,60,"[{""subtitle"": ""Entry requirements"", ""description"": [""To be eligible for most Undergraduate Bachelor degree courses, applicants must have an average of 60% in the best four subjects from Indian high school qualifications."", ""Achieving 70% in English from CBSE or CISCE exempts from additional English tests."", ""Some courses may have higher requirements.""]}, {""subtitle"": ""English Requirement"", ""description"": [""If not exempt, English test scores are needed.""]}]",2026-10-01,36 months,24360,GBP,,0,,0,,,,,,,,,,,,BSc,https://www.essex.ac.uk/courses/ug00361/2/bsc-psychology,,,,,,,
University of Essex,Psychology,Psychology with Cognitive Neuroscience,IB,60,,60,"[{""subtitle"": ""Entry requirements"", ""description"": [""To be eligible for most Undergraduate Bachelor degree courses, applicants must have an average of 60% in the best four subjects from Indian high school qualifications."", ""Achieving 70% in English from CBSE or CISCE exempts from additional English tests."", ""Some courses may have higher requirements.""]}, {""subtitle"": ""English Requirement"", ""description"": [""If not exempt, English test scores are needed.""]}]",2026-10-01,36 months,24360,GBP,,0,,0,,,,,,,,,,,,BSc,https://www.essex.ac.uk/courses/ug00362/1/bsc-psychology-with-cognitive-neuroscience,,,,,,,
University of Essex,Economics,Psychology with Economics,IB,60,,60,"[{""subtitle"": ""Entry requirements"", ""description"": [""To be eligible for most Undergraduate Bachelor degree courses, applicants must have an average of 60% in the best four subjects from Indian high school qualifications."", ""Achieving 70% in English from CBSE or CISCE exempts from additional English tests."", ""Some courses may have higher requirements.""]}, {""subtitle"": ""English Requirement"", ""description"": [""If not exempt, English test scores are needed.""]}]",2026-10-01,36 months,24360,GBP,,0,,0,,,,,,,,,,,,BSc,https://www.essex.ac.uk/courses/ug01300/1/bsc-psychology-with-economics,,,,,,,
University of Essex,Computer Science,Computer Science,IB,60,,60,"[{""subtitle"": ""Entry requirements"", ""description"": [""To be eligible for most Undergraduate Bachelor degree courses, applicants must have an average of 60% in the best four subjects from Indian high school qualifications."", ""Achieving 70% in English from CBSE or CISCE exempts from additional English tests."", ""Some courses may have higher requirements.""]}, {""subtitle"": ""English Requirement"", ""description"": [""If not exempt, English test scores are needed.""]}]",2026-10-01,36 months,25050,GBP,,0,,0,,,,,,,,,,,,BSc,https://www.essex.ac.uk/courses/UG00069/1/BSc-Computer-Science,,,,,,,
University of Essex,Computer Science,Computational Linguistics (with Placement Year),IB,60,,60,"[{""subtitle"": ""Entry requirements"", ""description"": [""To be eligible for most Undergraduate Bachelor degree courses, applicants must have an average of 60% in the best four subjects from Indian high school qualifications."", ""Achieving 70% in English from CBSE or CISCE exempts from additional English tests."", ""Some courses may have higher requirements.""]}, {""subtitle"": ""English Requirement"", ""description"": [""If not exempt, English test scores are needed.""]}]",2026-10-01,48 months,21500,GBP,,0,,0,,,,,,,,,,,,BSc,https://www.essex.ac.uk/courses/UG01385/3/BSc-Computational-Linguistics?startdate=26-10&coursecode=Q122,,,,,,,
University of Essex,Computer Science,Computational Linguistics (with Year Abroad),IB,60,,60,"[{""subtitle"": ""Entry requirements"", ""description"": [""To be eligible for most Undergraduate Bachelor degree courses, applicants must have an average of 60% in the best four subjects from Indian high school qualifications."", ""Achieving 70% in English from CBSE or CISCE exempts from additional English tests."", ""Some courses may have higher requirements.""]}, {""subtitle"": ""English Requirement"", ""description"": [""If not exempt, English test scores are needed.""]}]",2026-10-01,48 months,21500,GBP,,0,,0,,,,,,,,,,,,BSc,https://www.essex.ac.uk/courses/UG01385/3/BSc-Computational-Linguistics?startdate=26-10&coursecode=Q123,,,,,,,
University of Essex,Management,Management and Marketing (with Year Abroad),IB,60,,60,"[{""subtitle"": ""Entry requirements"", ""description"": [""To be eligible for most Undergraduate Bachelor degree courses, applicants must have an average of 60% in the best four subjects from Indian high school qualifications."", ""Achieving 70% in English from CBSE or CISCE exempts from additional English tests."", ""Some courses may have higher requirements.""]}, {""subtitle"": ""English Requirement"", ""description"": [""If not exempt, English test scores are needed.""]}]",2026-10-01,48 months,21525,GBP,,0,,0,,,,,,,,,,,,BSc,https://www.essex.ac.uk/courses/ug00256/1/bsc-management-and-marketing?coursecode=NNF5,,,,,,,
University of Essex,Business and Management,Business and Analytics (with Placement Year),IB,60,,60,"[{""subtitle"": ""Entry requirements"", ""description"": [""To be eligible for most Undergraduate Bachelor degree courses, applicants must have an average of 60% in the best four subjects from Indian high school qualifications."", ""Achieving 70% in English from CBSE or CISCE exempts from additional English tests."", ""Some courses may have higher requirements.""]}, {""subtitle"": ""English Requirement"", ""description"": [""If not exempt, English test scores are needed.""]}]",2026-10-01,48 months,22600,GBP,,0,,0,,,,,,,,,,,,BSc,https://www.essex.ac.uk/courses/UG01601/1/BSc-Business-and-Analytics?startdate=26-10&coursecode=N131,,,,,,,
University of Essex,Business and Management,Business and Analytics (with Year Abroad),IB,60,,60,"[{""subtitle"": ""Entry requirements"", ""description"": [""To be eligible for most Undergraduate Bachelor degree courses, applicants must have an average of 60% in the best four subjects from Indian high school qualifications."", ""Achieving 70% in English from CBSE or CISCE exempts from additional English tests."", ""Some courses may have higher requirements.""]}, {""subtitle"": ""English Requirement"", ""description"": [""If not exempt, English test scores are needed.""]}]",2026-10-01,48 months,22600,GBP,,0,,0,,,,,,,,,,,,BSc,https://www.essex.ac.uk/courses/UG01601/1/BSc-Business-and-Analytics?startdate=26-10&coursecode=N132,,,,,,,
University of Essex,Sports Science,Sport Coaching (with Placement Year),IB,60,,60,"[{""subtitle"": ""Entry requirements"", ""description"": [""To be eligible for most Undergraduate Bachelor degree courses, applicants must have an average of 60% in the best four subjects from Indian high school qualifications."", ""Achieving 70% in English from CBSE or CISCE exempts from additional English tests."", ""Some courses may have higher requirements.""]}, {""subtitle"": ""English Requirement"", ""description"": [""If not exempt, English test scores are needed.""]}]",2026-10-01,48 months,22600,GBP,,0,,0,,,,,,,,,,,,BSc,https://www.essex.ac.uk/courses/UG01663/1/BSc-Sport-Coaching?coursecode=C613,,,,,,,
University of Essex,Sports Science,Sport Coaching (with Year Abroad),IB,60,,60,"[{""subtitle"": ""Entry requirements"", ""description"": [""To be eligible for most Undergraduate Bachelor degree courses, applicants must have an average of 60% in the best four subjects from Indian high school qualifications."", ""Achieving 70% in English from CBSE or CISCE exempts from additional English tests."", ""Some courses may have higher requirements.""]}, {""subtitle"": ""English Requirement"", ""description"": [""If not exempt, English test scores are needed.""]}]",2026-10-01,48 months,22600,GBP,,0,,0,,,,,,,,,,,,BSc,https://www.essex.ac.uk/courses/UG01663/1/BSc-Sport-Coaching?coursecode=C615,,,,,,,
University of Essex,Health Professions,Healthcare Management (online),IB,60,,60,"[{""subtitle"": ""Entry requirements"", ""description"": [""To be eligible for most Undergraduate Bachelor degree courses, applicants must have an average of 60% in the best four subjects from Indian high school qualifications."", ""Achieving 70% in English from CBSE or CISCE exempts from additional English tests."", ""Some courses may have higher requirements.""]}, {""subtitle"": ""English Requirement"", ""description"": [""If not exempt, English test scores are needed.""]}]",2026-10-01,48 months,20987,GBP,,0,,0,,,,,,,,,,,,BSc,https://online.essex.ac.uk/courses/bsc-hons-healthcare-management/,,,,,,,
University of Essex,Computer Science,Global Sustainability (with Placement Year),IB,60,,60,"[{""subtitle"": ""Entry requirements"", ""description"": [""To be eligible for most Undergraduate Bachelor degree courses, applicants must have an average of 60% in the best four subjects from Indian high school qualifications."", ""Achieving 70% in English from CBSE or CISCE exempts from additional English tests."", ""Some courses may have higher requirements.""]}, {""subtitle"": ""English Requirement"", ""description"": [""If not exempt, English test scores are needed.""]}]",2026-10-01,48 months,24360,GBP,,0,,0,,,,,,,,,,,,BSc,https://www.essex.ac.uk/courses/ug01498/2/bsc-global-sustainability,,,,,,,
University of Essex,Computer Science,Sociology with Data Science (with Placement Year),IB,60,,60,"[{""subtitle"": ""Entry requirements"", ""description"": [""To be eligible for most Undergraduate Bachelor degree courses, applicants must have an average of 60% in the best four subjects from Indian high school qualifications."", ""Achieving 70% in English from CBSE or CISCE exempts from additional English tests."", ""Some courses may have higher requirements.""]}, {""subtitle"": ""English Requirement"", ""description"": [""If not exempt, English test scores are needed.""]}]",2026-10-01,48 months,21500,GBP,,0,,0,,,,,,,,,,,,BSc,https://www.essex.ac.uk/courses/ug01336/1/bsc-sociology-with-data-science,,,,,,,
University of Essex,Business and Management,Business Management (Including Foundation Year),IB,60,,60,"[{""subtitle"": ""Entry requirements"", ""description"": [""To be eligible for most Undergraduate Bachelor degree courses, applicants must have an average of 60% in the best four subjects from Indian high school qualifications."", ""Achieving 70% in English from CBSE or CISCE exempts from additional English tests."", ""Some courses may have higher requirements.""]}, {""subtitle"": ""English Requirement"", ""description"": [""If not exempt, English test scores are needed.""]}]",2026-10-01,48 months,21500,GBP,,0,,0,,,,,,,,,,,,BSc,https://www.essex.ac.uk/courses/UG00045/2/BSc-Business-Management,,,,,,,
University of Essex,Computer Science,Computer Games (with Foundation Year),IB,60,,60,"[{""subtitle"": ""Entry requirements"", ""description"": [""To be eligible for most Undergraduate Bachelor degree courses, applicants must have an average of 60% in the best four subjects from Indian high school qualifications."", ""Achieving 70% in English from CBSE or CISCE exempts from additional English tests."", ""Some courses may have higher requirements.""]}, {""subtitle"": ""English Requirement"", ""description"": [""If not exempt, English test scores are needed.""]}]",2026-10-01,48 months,21500,GBP,,0,,0,,,,,,,,,,,,BSc,https://www.essex.ac.uk/courses/ug00066/2/bsc-computer-games,,,,,,,
University of Essex,Mathematics,Mathematics (with Foundation Year),IB,60,,60,"[{""subtitle"": ""Entry requirements"", ""description"": [""To be eligible for most Undergraduate Bachelor degree courses, applicants must have an average of 60% in the best four subjects from Indian high school qualifications."", ""Achieving 70% in English from CBSE or CISCE exempts from additional English tests."", ""Some courses may have higher requirements.""]}, {""subtitle"": ""English Requirement"", ""description"": [""If not exempt, English test scores are needed.""]}]",2026-10-01,48 months,21500,GBP,,0,,0,,,,,,,,,,,,BSc,https://www.essex.ac.uk/courses/ug00269/2/bsc-mathematics,,,,,,,
University of Essex,Computer Science,Sociology with Data Science (with Year Abroad),IB,60,,60,"[{""subtitle"": ""Entry requirements"", ""description"": [""To be eligible for most Undergraduate Bachelor degree courses, applicants must have an average of 60% in the best four subjects from Indian high school qualifications."", ""Achieving 70% in English from CBSE or CISCE exempts from additional English tests."", ""Some courses may have higher requirements.""]}, {""subtitle"": ""English Requirement"", ""description"": [""If not exempt, English test scores are needed.""]}]",2026-10-01,48 months,21500,GBP,,0,,0,,,,,,,,,,,,BSc,https://www.essex.ac.uk/courses/ug01336/1/bsc-sociology-with-data-science?coursecode=L311,,,,,,,
University of Essex,Economics,Economics and Mathematics (with Year Abroad),IB,60,,60,"[{""subtitle"": ""Entry requirements"", ""description"": [""To be eligible for most Undergraduate Bachelor degree courses, applicants must have an average of 60% in the best four subjects from Indian high school qualifications."", ""Achieving 70% in English from CBSE or CISCE exempts from additional English tests."", ""Some courses may have higher requirements.""]}, {""subtitle"": ""English Requirement"", ""description"": [""If not exempt, English test scores are needed.""]}]",2026-10-01,48 months,22600,GBP,,0,,0,,,,,,,,,,,,BSc,https://www.essex.ac.uk/courses/UG00105/1/BSc-Economics-and-Mathematics?coursecode=LG1C,,,,,,,
University of Essex,Management,Marketing Management (with Placement),IB,60,,60,"[{""subtitle"": ""Entry requirements"", ""description"": [""To be eligible for most Undergraduate Bachelor degree courses, applicants must have an average of 60% in the best four subjects from Indian high school qualifications."", ""Achieving 70% in English from CBSE or CISCE exempts from additional English tests."", ""Some courses may have higher requirements.""]}, {""subtitle"": ""English Requirement"", ""description"": [""If not exempt, English test scores are needed.""]}]",2026-10-01,48 months,22600,GBP,,0,,0,,,,,,,,,,,,BSc,https://www.essex.ac.uk/courses/UG00256/1/BSc-Marketing-Management?coursecode=NN2M,,,,,,,
University of Essex,Management,Marketing Management (Year Abroad),IB,60,,60,"[{""subtitle"": ""Entry requirements"", ""description"": [""To be eligible for most Undergraduate Bachelor degree courses, applicants must have an average of 60% in the best four subjects from Indian high school qualifications."", ""Achieving 70% in English from CBSE or CISCE exempts from additional English tests."", ""Some courses may have higher requirements.""]}, {""subtitle"": ""English Requirement"", ""description"": [""If not exempt, English test scores are needed.""]}]",2026-10-01,48 months,22600,GBP,,0,,0,,,,,,,,,,,,BSc,https://www.essex.ac.uk/courses/UG00256/1/BSc-Marketing-Management?coursecode=NNF5,,,,,,,
University of Essex,Economics,Economics and Mathematics (with Placement Year),IB,60,,60,"[{""subtitle"": ""Entry requirements"", ""description"": [""To be eligible for most Undergraduate Bachelor degree courses, applicants must have an average of 60% in the best four subjects from Indian high school qualifications."", ""Achieving 70% in English from CBSE or CISCE exempts from additional English tests."", ""Some courses may have higher requirements.""]}, {""subtitle"": ""English Requirement"", ""description"": [""If not exempt, English test scores are needed.""]}]",2026-10-01,48 months,22600,GBP,,0,,0,,,,,,,,,,,,BSc,https://www.essex.ac.uk/courses/UG00105/1/BSc-Economics-and-Mathematics?coursecode=L1G2,,,,,,,
University of Essex,Business and Management,International Business and Entrepreneurship (with Placement Year),IB,60,,60,"[{""subtitle"": ""Entry requirements"", ""description"": [""To be eligible for most Undergraduate Bachelor degree courses, applicants must have an average of 60% in the best four subjects from Indian high school qualifications."", ""Achieving 70% in English from CBSE or CISCE exempts from additional English tests."", ""Some courses may have higher requirements.""]}, {""subtitle"": ""English Requirement"", ""description"": [""If not exempt, English test scores are needed.""]}]",2026-10-01,48 months,22600,GBP,,0,,0,,,,,,,,,,,,BSc,https://www.essex.ac.uk/courses/ug00216/1/bsc-international-business-and-entrepreneurship?coursecode=N123,,,,,,,
University of Essex,Business and Management,International Business and Entrepreneurship (with Year Aroad),IB,60,,60,"[{""subtitle"": ""Entry requirements"", ""description"": [""To be eligible for most Undergraduate Bachelor degree courses, applicants must have an average of 60% in the best four subjects from Indian high school qualifications."", ""Achieving 70% in English from CBSE or CISCE exempts from additional English tests."", ""Some courses may have higher requirements.""]}, {""subtitle"": ""English Requirement"", ""description"": [""If not exempt, English test scores are needed.""]}]",2026-10-01,48 months,22600,GBP,,0,,0,,,,,,,,,,,,BSc,https://www.essex.ac.uk/courses/ug00216/1/bsc-international-business-and-entrepreneurship?coursecode=N121,,,,,,,
University of Essex,Accounting and Finance,International Business and Finance (with Placement Year),IB,60,,60,"[{""subtitle"": ""Entry requirements"", ""description"": [""To be eligible for most Undergraduate Bachelor degree courses, applicants must have an average of 60% in the best four subjects from Indian high school qualifications."", ""Achieving 70% in English from CBSE or CISCE exempts from additional English tests."", ""Some courses may have higher requirements.""]}, {""subtitle"": ""English Requirement"", ""description"": [""If not exempt, English test scores are needed.""]}]",2026-10-01,48 months,22600,GBP,,0,,0,,,,,,,,,,,,BSc,https://www.essex.ac.uk/courses/ug01393/1/bsc-international-business-and-finance?coursecode=N356,,,,,,,
University of Essex,Accounting and Finance,International Business and Finance (with Year Abroad),IB,60,,60,"[{""subtitle"": ""Entry requirements"", ""description"": [""To be eligible for most Undergraduate Bachelor degree courses, applicants must have an average of 60% in the best four subjects from Indian high school qualifications."", ""Achieving 70% in English from CBSE or CISCE exempts from additional English tests."", ""Some courses may have higher requirements.""]}, {""subtitle"": ""English Requirement"", ""description"": [""If not exempt, English test scores are needed.""]}]",2026-10-01,48 months,22600,GBP,,0,,0,,,,,,,,,,,,BSc,https://www.essex.ac.uk/courses/ug01393/1/bsc-international-business-and-finance?coursecode=N357,,,,,,,
University of Essex,Economics,Management Economics (with Placement Year),IB,60,,60,"[{""subtitle"": ""Entry requirements"", ""description"": [""To be eligible for most Undergraduate Bachelor degree courses, applicants must have an average of 60% in the best four subjects from Indian high school qualifications."", ""Achieving 70% in English from CBSE or CISCE exempts from additional English tests."", ""Some courses may have higher requirements.""]}, {""subtitle"": ""English Requirement"", ""description"": [""If not exempt, English test scores are needed.""]}]",2026-10-01,48 months,22600,GBP,,0,,0,,,,,,,,,,,,BSc,https://www.essex.ac.uk/courses/ug00258/3/bsc-management-economics?coursecode=5M00,,,,,,,
University of Essex,Economics,Management Economics (with Year Abroad),IB,60,,60,"[{""subtitle"": ""Entry requirements"", ""description"": [""To be eligible for most Undergraduate Bachelor degree courses, applicants must have an average of 60% in the best four subjects from Indian high school qualifications."", ""Achieving 70% in English from CBSE or CISCE exempts from additional English tests."", ""Some courses may have higher requirements.""]}, {""subtitle"": ""English Requirement"", ""description"": [""If not exempt, English test scores are needed.""]}]",2026-10-01,48 months,22600,GBP,,0,,0,,,,,,,,,,,,BSc,https://www.essex.ac.uk/courses/ug00258/3/bsc-management-economics?coursecode=L193,,,,,,,
University of Essex,Marketing,Marketing (with Placement Year),IB,60,,60,"[{""subtitle"": ""Entry requirements"", ""description"": [""To be eligible for most Undergraduate Bachelor degree courses, applicants must have an average of 60% in the best four subjects from Indian high school qualifications."", ""Achieving 70% in English from CBSE or CISCE exempts from additional English tests."", ""Some courses may have higher requirements.""]}, {""subtitle"": ""English Requirement"", ""description"": [""If not exempt, English test scores are needed.""]}]",2026-10-01,48 months,22600,GBP,,0,,0,,,,,,,,,,,,BSc,https://www.essex.ac.uk/courses/ug00264/1/bsc-marketing?coursecode=N504,,,,,,,
University of Essex,Marketing,Marketing (with Year Abroad),IB,60,,60,"[{""subtitle"": ""Entry requirements"", ""description"": [""To be eligible for most Undergraduate Bachelor degree courses, applicants must have an average of 60% in the best four subjects from Indian high school qualifications."", ""Achieving 70% in English from CBSE or CISCE exempts from additional English tests."", ""Some courses may have higher requirements.""]}, {""subtitle"": ""English Requirement"", ""description"": [""If not exempt, English test scores are needed.""]}]",2026-10-01,48 months,22600,GBP,,0,,0,,,,,,,,,,,,BSc,https://www.essex.ac.uk/courses/ug00264/1/bsc-marketing?coursecode=N502,,,,,,,
University of Essex,Mathematics,Mathematics (with Placement Year),IB,60,,60,"[{""subtitle"": ""Entry requirements"", ""description"": [""To be eligible for most Undergraduate Bachelor degree courses, applicants must have an average of 60% in the best four subjects from Indian high school qualifications."", ""Achieving 70% in English from CBSE or CISCE exempts from additional English tests."", ""Some courses may have higher requirements.""]}, {""subtitle"": ""English Requirement"", ""description"": [""If not exempt, English test scores are needed.""]}]",2026-10-01,48 months,22600,GBP,,0,,0,,,,,,,,,,,,BSc,https://www.essex.ac.uk/courses/ug00269/1/bsc-mathematics?coursecode=G103,,,,,,,
University of Essex,Mathematics,Mathematics (with Year Abroad),IB,60,,60,"[{""subtitle"": ""Entry requirements"", ""description"": [""To be eligible for most Undergraduate Bachelor degree courses, applicants must have an average of 60% in the best four subjects from Indian high school qualifications."", ""Achieving 70% in English from CBSE or CISCE exempts from additional English tests."", ""Some courses may have higher requirements.""]}, {""subtitle"": ""English Requirement"", ""description"": [""If not exempt, English test scores are needed.""]}]",2026-10-01,48 months,22600,GBP,,0,,0,,,,,,,,,,,,BSc,https://www.essex.ac.uk/courses/ug00269/1/bsc-mathematics?coursecode=G102,,,,,,,
University of Essex,Computer Science,Mathematics with Computing (with Placement Year),IB,60,,60,"[{""subtitle"": ""Entry requirements"", ""description"": [""To be eligible for most Undergraduate Bachelor degree courses, applicants must have an average of 60% in the best four subjects from Indian high school qualifications."", ""Achieving 70% in English from CBSE or CISCE exempts from additional English tests."", ""Some courses may have higher requirements.""]}, {""subtitle"": ""English Requirement"", ""description"": [""If not exempt, English test scores are needed.""]}]",2026-10-01,48 months,22600,GBP,,0,,0,,,,,,,,,,,,BSc,https://www.essex.ac.uk/courses/ug00282/1/bsc-mathematics-with-computing?coursecode=G1IK,,,,,,,
University of Essex,Computer Science,Mathematics with Computing (with Year Abroad),IB,60,,60,"[{""subtitle"": ""Entry requirements"", ""description"": [""To be eligible for most Undergraduate Bachelor degree courses, applicants must have an average of 60% in the best four subjects from Indian high school qualifications."", ""Achieving 70% in English from CBSE or CISCE exempts from additional English tests."", ""Some courses may have higher requirements.""]}, {""subtitle"": ""English Requirement"", ""description"": [""If not exempt, English test scores are needed.""]}]",2026-10-01,48 months,22600,GBP,,0,,0,,,,,,,,,,,,BSc,https://www.essex.ac.uk/courses/ug00282/1/bsc-mathematics-with-computing?coursecode=G1G4,,,,,,,
University of Essex,Mathematics,Mathematics with Physics (with Placement Year),IB,60,,60,"[{""subtitle"": ""Entry requirements"", ""description"": [""To be eligible for most Undergraduate Bachelor degree courses, applicants must have an average of 60% in the best four subjects from Indian high school qualifications."", ""Achieving 70% in English from CBSE or CISCE exempts from additional English tests."", ""Some courses may have higher requirements.""]}, {""subtitle"": ""English Requirement"", ""description"": [""If not exempt, English test scores are needed.""]}]",2026-10-01,48 months,22600,GBP,,0,,0,,,,,,,,,,,,BSc,https://www.essex.ac.uk/courses/ug00285/1/bsc-mathematics-with-physics?coursecode=G1F4,,,,,,,
University of Essex,Mathematics,Mathematics with Physics (with Year Abroad),IB,60,,60,"[{""subtitle"": ""Entry requirements"", ""description"": [""To be eligible for most Undergraduate Bachelor degree courses, applicants must have an average of 60% in the best four subjects from Indian high school qualifications."", ""Achieving 70% in English from CBSE or CISCE exempts from additional English tests."", ""Some courses may have higher requirements.""]}, {""subtitle"": ""English Requirement"", ""description"": [""If not exempt, English test scores are needed.""]}]",2026-10-01,48 months,22600,GBP,,0,,0,,,,,,,,,,,,BSc,https://www.essex.ac.uk/courses/ug00285/1/bsc-mathematics-with-physics?coursecode=GCF3,,,,,,,
University of Essex,International Relations,Politics and International Relations (Including Placement Year) (4 Years),IB,60,,60,"[{""subtitle"": ""Entry requirements"", ""description"": [""To be eligible for most Undergraduate Bachelor degree courses, applicants must have an average of 60% in the best four subjects from Indian high school qualifications."", ""Achieving 70% in English from CBSE or CISCE exempts from additional English tests."", ""Some courses may have higher requirements.""]}, {""subtitle"": ""English Requirement"", ""description"": [""If not exempt, English test scores are needed.""]}]",2026-10-01,48 months,22600,GBP,,0,,0,,,,,,,,,,,,BSc,https://www.essex.ac.uk/courses/UG01124/2/BSc-Politics-and-International-Relations?coursecode=L224,,,,,,,
University of Essex,International Relations,Politics and International Relations (Including Year Abroad) (4 Years),IB,60,,60,"[{""subtitle"": ""Entry requirements"", ""description"": [""To be eligible for most Undergraduate Bachelor degree courses, applicants must have an average of 60% in the best four subjects from Indian high school qualifications."", ""Achieving 70% in English from CBSE or CISCE exempts from additional English tests."", ""Some courses may have higher requirements.""]}, {""subtitle"": ""English Requirement"", ""description"": [""If not exempt, English test scores are needed.""]}]",2026-10-01,48 months,22600,GBP,,0,,0,,,,,,,,,,,,BSc,https://www.essex.ac.uk/courses/UG01124/2/BSc-Politics-and-International-Relations?coursecode=L223,,,,,,,
University of Essex,Psychology,Sport and Exercise Psychology (with Placement Year),IB,60,,60,"[{""subtitle"": ""Entry requirements"", ""description"": [""To be eligible for most Undergraduate Bachelor degree courses, applicants must have an average of 60% in the best four subjects from Indian high school qualifications."", ""Achieving 70% in English from CBSE or CISCE exempts from additional English tests."", ""Some courses may have higher requirements.""]}, {""subtitle"": ""English Requirement"", ""description"": [""If not exempt, English test scores are needed.""]}]",2026-10-01,48 months,22600,GBP,,0,,0,,,,,,,,,,,,BSc,https://www.essex.ac.uk/courses/UG01533/1/BSc-Sport-and-Exercise-Psychology?coursecode=C682,,,,,,,
University of Essex,Psychology,Sport and Exercise Psychology (with Year Abroad),IB,60,,60,"[{""subtitle"": ""Entry requirements"", ""description"": [""To be eligible for most Undergraduate Bachelor degree courses, applicants must have an average of 60% in the best four subjects from Indian high school qualifications."", ""Achieving 70% in English from CBSE or CISCE exempts from additional English tests."", ""Some courses may have higher requirements.""]}, {""subtitle"": ""English Requirement"", ""description"": [""If not exempt, English test scores are needed.""]}]",2026-10-01,48 months,22600,GBP,,0,,0,,,,,,,,,,,,BSc,https://www.essex.ac.uk/courses/UG01533/1/BSc-Sport-and-Exercise-Psychology?coursecode=C681,,,,,,,
University of Essex,Sports Science,Sports and Exercise Science (with Placement Year),IB,60,,60,"[{""subtitle"": ""Entry requirements"", ""description"": [""To be eligible for most Undergraduate Bachelor degree courses, applicants must have an average of 60% in the best four subjects from Indian high school qualifications."", ""Achieving 70% in English from CBSE or CISCE exempts from additional English tests."", ""Some courses may have higher requirements.""]}, {""subtitle"": ""English Requirement"", ""description"": [""If not exempt, English test scores are needed.""]}]",2026-10-01,48 months,22600,GBP,,0,,0,,,,,,,,,,,,BSc,https://www.essex.ac.uk/courses/UG00399/1/BSc-Sports-and-Exercise-Science?coursecode=C606,,,,,,,
University of Essex,Sports Science,Sports and Exercise Science (with Year Abroad),IB,60,,60,"[{""subtitle"": ""Entry requirements"", ""description"": [""To be eligible for most Undergraduate Bachelor degree courses, applicants must have an average of 60% in the best four subjects from Indian high school qualifications."", ""Achieving 70% in English from CBSE or CISCE exempts from additional English tests."", ""Some courses may have higher requirements.""]}, {""subtitle"": ""English Requirement"", ""description"": [""If not exempt, English test scores are needed.""]}]",2026-10-01,48 months,22600,GBP,,0,,0,,,,,,,,,,,,BSc,https://www.essex.ac.uk/courses/UG00399/1/BSc-Sports-and-Exercise-Science?coursecode=C602,,,,,,,
University of Essex,Sports Science,Sports Performance and Coaching (with Placement Year),IB,60,,60,"[{""subtitle"": ""Entry requirements"", ""description"": [""To be eligible for most Undergraduate Bachelor degree courses, applicants must have an average of 60% in the best four subjects from Indian high school qualifications."", ""Achieving 70% in English from CBSE or CISCE exempts from additional English tests."", ""Some courses may have higher requirements.""]}, {""subtitle"": ""English Requirement"", ""description"": [""If not exempt, English test scores are needed.""]}]",2026-10-01,48 months,22600,GBP,,0,,0,,,,,,,,,,,,BSc,https://www.essex.ac.uk/courses/UG01057/1/BSc-Sports-Performance-and-Coaching?coursecode=C609,,,,,,,
University of Essex,Sports Science,Sports Performance and Coaching (with Year Abroad),IB,60,,60,"[{""subtitle"": ""Entry requirements"", ""description"": [""To be eligible for most Undergraduate Bachelor degree courses, applicants must have an average of 60% in the best four subjects from Indian high school qualifications."", ""Achieving 70% in English from CBSE or CISCE exempts from additional English tests."", ""Some courses may have higher requirements.""]}, {""subtitle"": ""English Requirement"", ""description"": [""If not exempt, English test scores are needed.""]}]",2026-10-01,48 months,22600,GBP,,0,,0,,,,,,,,,,,,BSc,https://www.essex.ac.uk/courses/UG01057/1/BSc-Sports-Performance-and-Coaching?coursecode=C608,,,,,,,
University of Essex,Sports Science,Sports Therapy (with Placement Year),IB,60,,60,"[{""subtitle"": ""Entry requirements"", ""description"": [""To be eligible for most Undergraduate Bachelor degree courses, applicants must have an average of 60% in the best four subjects from Indian high school qualifications."", ""Achieving 70% in English from CBSE or CISCE exempts from additional English tests."", ""Some courses may have higher requirements.""]}, {""subtitle"": ""English Requirement"", ""description"": [""If not exempt, English test scores are needed.""]}]",2026-10-01,48 months,22600,GBP,,0,,0,,,,,,,,,,,,BSc,https://www.essex.ac.uk/courses/UG00403/1/BSc-Sports-Therapy?coursecode=C604,,,,,,,
University of Essex,Sports Science,Sports Therapy (with Year Abroad),IB,60,,60,"[{""subtitle"": ""Entry requirements"", ""description"": [""To be eligible for most Undergraduate Bachelor degree courses, applicants must have an average of 60% in the best four subjects from Indian high school qualifications."", ""Achieving 70% in English from CBSE or CISCE exempts from additional English tests."", ""Some courses may have higher requirements.""]}, {""subtitle"": ""English Requirement"", ""description"": [""If not exempt, English test scores are needed.""]}]",2026-10-01,48 months,22600,GBP,,0,,0,,,,,,,,,,,,BSc,https://www.essex.ac.uk/courses/UG00403/1/BSc-Sports-Therapy?coursecode=C605,,,,,,,
University of Essex,Chemistry,Biochemistry (with Year Abroad),IB,60,,60,"[{""subtitle"": ""Entry requirements"", ""description"": [""To be eligible for most Undergraduate Bachelor degree courses, applicants must have an average of 60% in the best four subjects from Indian high school qualifications."", ""Achieving 70% in English from CBSE or CISCE exempts from additional English tests."", ""Some courses may have higher requirements.""]}, {""subtitle"": ""English Requirement"", ""description"": [""If not exempt, English test scores are needed.""]}]",2026-10-01,48 months,24360,GBP,,0,,0,,,,,,,,,,,,BSc,https://www.essex.ac.uk/courses/ug00033/1/bsc-biochemistry,,,,,,,
University of Essex,Biology,Marine Biology (with Year Abroad),IB,60,,60,"[{""subtitle"": ""Entry requirements"", ""description"": [""To be eligible for most Undergraduate Bachelor degree courses, applicants must have an average of 60% in the best four subjects from Indian high school qualifications."", ""Achieving 70% in English from CBSE or CISCE exempts from additional English tests."", ""Some courses may have higher requirements.""]}, {""subtitle"": ""English Requirement"", ""description"": [""If not exempt, English test scores are needed.""]}]",2026-10-01,48 months,24360,GBP,,0,,0,,,,,,,,,,,,BSc,https://www.essex.ac.uk/courses/ug00263/1/bsc-marine-biology?coursecode=CC60,,,,,,,
University of Essex,Computer Science,Computer Science (with Placement Year),IB,60,,60,"[{""subtitle"": ""Entry requirements"", ""description"": [""To be eligible for most Undergraduate Bachelor degree courses, applicants must have an average of 60% in the best four subjects from Indian high school qualifications."", ""Achieving 70% in English from CBSE or CISCE exempts from additional English tests."", ""Some courses may have higher requirements.""]}, {""subtitle"": ""English Requirement"", ""description"": [""If not exempt, English test scores are needed.""]}]",2026-10-01,48 months,25050,GBP,,0,,0,,,,,,,,,,,,BSc,https://www.essex.ac.uk/courses/UG00069/1/BSc-Computer-Science?startdate=2024/25,,,,,,,
University of Essex,Nursing,Nursing (Adult) (with Year Abroad) (Colchester Campus),IB,60,,60,"[{""subtitle"": ""Entry requirements"", ""description"": [""To be eligible for most Undergraduate Bachelor degree courses, applicants must have an average of 60% in the best four subjects from Indian high school qualifications."", ""Achieving 70% in English from CBSE or CISCE exempts from additional English tests."", ""Some courses may have higher requirements.""]}, {""subtitle"": ""English Requirement"", ""description"": [""If not exempt, English test scores are needed.""]}]",2026-10-01,48 months,24360,GBP,,0,,0,,,,,,,,,,,,BSc,https://www.essex.ac.uk/courses/UG00315/2/BSc-Nursing-Adult?campus=Colchester%20Campus,,,,,,,
University of Essex,Nursing,Nursing (Adult) (with Year Abroad),IB,60,,60,"[{""subtitle"": ""Entry requirements"", ""description"": [""To be eligible for most Undergraduate Bachelor degree courses, applicants must have an average of 60% in the best four subjects from Indian high school qualifications."", ""Achieving 70% in English from CBSE or CISCE exempts from additional English tests."", ""Some courses may have higher requirements.""]}, {""subtitle"": ""English Requirement"", ""description"": [""If not exempt, English test scores are needed.""]}]",2026-10-01,48 months,24360,GBP,,0,,0,,,,,,,,,,,,BSc,https://www.essex.ac.uk/courses/UG00315/2/BSc-Nursing-Adult,,,,,,,
University of Essex,Biology,Microbiology (with Placement Year),IB,60,,60,"[{""subtitle"": ""Entry requirements"", ""description"": [""To be eligible for most Undergraduate Bachelor degree courses, applicants must have an average of 60% in the best four subjects from Indian high school qualifications."", ""Achieving 70% in English from CBSE or CISCE exempts from additional English tests."", ""Some courses may have higher requirements.""]}, {""subtitle"": ""English Requirement"", ""description"": [""If not exempt, English test scores are needed.""]}]",2026-10-01,48 months,24360,GBP,,0,,0,,,,,,,,,,,,BSc,https://www.essex.ac.uk/courses/UG01570/1/BSc-Microbiology?coursecode=C558,,,,,,,
University of Essex,Biology,Microbiology (with Year Abroad),IB,60,,60,"[{""subtitle"": ""Entry requirements"", ""description"": [""To be eligible for most Undergraduate Bachelor degree courses, applicants must have an average of 60% in the best four subjects from Indian high school qualifications."", ""Achieving 70% in English from CBSE or CISCE exempts from additional English tests."", ""Some courses may have higher requirements.""]}, {""subtitle"": ""English Requirement"", ""description"": [""If not exempt, English test scores are needed.""]}]",2026-10-01,48 months,24360,GBP,,0,,0,,,,,,,,,,,,BSc,https://www.essex.ac.uk/courses/UG01570/1/BSc-Microbiology?coursecode=C557,,,,,,,
University of Essex,Biology,Human Biology (with Placement Year),IB,60,,60,"[{""subtitle"": ""Entry requirements"", ""description"": [""To be eligible for most Undergraduate Bachelor degree courses, applicants must have an average of 60% in the best four subjects from Indian high school qualifications."", ""Achieving 70% in English from CBSE or CISCE exempts from additional English tests."", ""Some courses may have higher requirements.""]}, {""subtitle"": ""English Requirement"", ""description"": [""If not exempt, English test scores are needed.""]}]",2026-10-01,48 months,24360,GBP,,0,,0,,,,,,,,,,,,BSc,https://www.essex.ac.uk/courses/ug01340/1/bsc-human-biology?coursecode=C202,,,,,,,
University of Essex,Biology,Human Biology (with Year Abroad),IB,60,,60,"[{""subtitle"": ""Entry requirements"", ""description"": [""To be eligible for most Undergraduate Bachelor degree courses, applicants must have an average of 60% in the best four subjects from Indian high school qualifications."", ""Achieving 70% in English from CBSE or CISCE exempts from additional English tests."", ""Some courses may have higher requirements.""]}, {""subtitle"": ""English Requirement"", ""description"": [""If not exempt, English test scores are needed.""]}]",2026-10-01,48 months,24360,GBP,,0,,0,,,,,,,,,,,,BSc,https://www.essex.ac.uk/courses/ug01340/1/bsc-human-biology?coursecode=C201,,,,,,,
University of Essex,Biology,Marine Biology (with Placement Year),IB,60,,60,"[{""subtitle"": ""Entry requirements"", ""description"": [""To be eligible for most Undergraduate Bachelor degree courses, applicants must have an average of 60% in the best four subjects from Indian high school qualifications."", ""Achieving 70% in English from CBSE or CISCE exempts from additional English tests."", ""Some courses may have higher requirements.""]}, {""subtitle"": ""English Requirement"", ""description"": [""If not exempt, English test scores are needed.""]}]",2026-10-01,48 months,24360,GBP,,0,,0,,,,,,,,,,,,BSc,https://www.essex.ac.uk/courses/ug00263/1/bsc-marine-biology?coursecode=CC64,,,,,,,
University of Essex,Nursing,Nursing (Adult) (Colchester Campus),IB,60,,60,"[{""subtitle"": ""Entry requirements"", ""description"": [""To be eligible for most Undergraduate Bachelor degree courses, applicants must have an average of 60% in the best four subjects from Indian high school qualifications."", ""Achieving 70% in English from CBSE or CISCE exempts from additional English tests."", ""Some courses may have higher requirements.""]}, {""subtitle"": ""English Requirement"", ""description"": [""If not exempt, English test scores are needed.""]}]",2026-10-01,48 months,24360,GBP,,0,,0,,,,,,,,,,,,BSc,https://www.essex.ac.uk/courses/UG00315/1/BSc-Nursing-Adult?campus=Colchester%20Campus,,,,,,,
University of Essex,Health Professions,Nursing (Mental Health) (with Year Abroad),IB,60,,60,"[{""subtitle"": ""Entry requirements"", ""description"": [""To be eligible for most Undergraduate Bachelor degree courses, applicants must have an average of 60% in the best four subjects from Indian high school qualifications."", ""Achieving 70% in English from CBSE or CISCE exempts from additional English tests."", ""Some courses may have higher requirements.""]}, {""subtitle"": ""English Requirement"", ""description"": [""If not exempt, English test scores are needed.""]}]",2026-10-01,48 months,24360,GBP,,0,,0,,,,,,,,,,,,BSc,https://www.essex.ac.uk/courses/ug00316/2/bsc-nursing-mental-health,,,,,,,
University of Essex,Psychology,Psychology (with Placement Year) (4 Years),IB,60,,60,"[{""subtitle"": ""Entry requirements"", ""description"": [""To be eligible for most Undergraduate Bachelor degree courses, applicants must have an average of 60% in the best four subjects from Indian high school qualifications."", ""Achieving 70% in English from CBSE or CISCE exempts from additional English tests."", ""Some courses may have higher requirements.""]}, {""subtitle"": ""English Requirement"", ""description"": [""If not exempt, English test scores are needed.""]}]",2026-10-01,48 months,24360,GBP,,0,,0,,,,,,,,,,,,BSc,https://www.essex.ac.uk/courses/UG00361/2/BSc-Psychology?coursecode=C811,,,,,,,
University of Essex,Psychology,Psychology (with Year Abroad) (4 Years),IB,60,,60,"[{""subtitle"": ""Entry requirements"", ""description"": [""To be eligible for most Undergraduate Bachelor degree courses, applicants must have an average of 60% in the best four subjects from Indian high school qualifications."", ""Achieving 70% in English from CBSE or CISCE exempts from additional English tests."", ""Some courses may have higher requirements.""]}, {""subtitle"": ""English Requirement"", ""description"": [""If not exempt, English test scores are needed.""]}]",2026-10-01,48 months,24360,GBP,,0,,0,,,,,,,,,,,,BSc,https://www.essex.ac.uk/courses/UG00361/2/BSc-Psychology?coursecode=C803,,,,,,,
University of Essex,Psychology,Psychology with Cognitive Neuroscience (with Placement Year),IB,60,,60,"[{""subtitle"": ""Entry requirements"", ""description"": [""To be eligible for most Undergraduate Bachelor degree courses, applicants must have an average of 60% in the best four subjects from Indian high school qualifications."", ""Achieving 70% in English from CBSE or CISCE exempts from additional English tests."", ""Some courses may have higher requirements.""]}, {""subtitle"": ""English Requirement"", ""description"": [""If not exempt, English test scores are needed.""]}]",2026-10-01,48 months,24360,GBP,,0,,0,,,,,,,,,,,,BSc,https://www.essex.ac.uk/courses/UG00362/1/BSc-Psychology-with-Cognitive-Neuroscience?coursecode=C809,,,,,,,
University of Essex,Psychology,Psychology with Cognitive Neuroscience (with Year Abroad),IB,60,,60,"[{""subtitle"": ""Entry requirements"", ""description"": [""To be eligible for most Undergraduate Bachelor degree courses, applicants must have an average of 60% in the best four subjects from Indian high school qualifications."", ""Achieving 70% in English from CBSE or CISCE exempts from additional English tests."", ""Some courses may have higher requirements.""]}, {""subtitle"": ""English Requirement"", ""description"": [""If not exempt, English test scores are needed.""]}]",2026-10-01,48 months,24360,GBP,,0,,0,,,,,,,,,,,,BSc,https://www.essex.ac.uk/courses/UG00362/1/BSc-Psychology-with-Cognitive-Neuroscience?coursecode=C806,,,,,,,
University of Essex,Economics,Psychology with Economics (with Placement Year),IB,60,,60,"[{""subtitle"": ""Entry requirements"", ""description"": [""To be eligible for most Undergraduate Bachelor degree courses, applicants must have an average of 60% in the best four subjects from Indian high school qualifications."", ""Achieving 70% in English from CBSE or CISCE exempts from additional English tests."", ""Some courses may have higher requirements.""]}, {""subtitle"": ""English Requirement"", ""description"": [""If not exempt, English test scores are needed.""]}]",2026-10-01,48 months,24360,GBP,,0,,0,,,,,,,,,,,,BSc,https://www.essex.ac.uk/courses/ug01300/1/bsc-psychology-with-economics?coursecode=C816,,,,,,,
University of Essex,Economics,Psychology with Economics (with Year Abroad),IB,60,,60,"[{""subtitle"": ""Entry requirements"", ""description"": [""To be eligible for most Undergraduate Bachelor degree courses, applicants must have an average of 60% in the best four subjects from Indian high school qualifications."", ""Achieving 70% in English from CBSE or CISCE exempts from additional English tests."", ""Some courses may have higher requirements.""]}, {""subtitle"": ""English Requirement"", ""description"": [""If not exempt, English test scores are needed.""]}]",2026-10-01,48 months,24360,GBP,,0,,0,,,,,,,,,,,,BSc,https://www.essex.ac.uk/courses/ug01300/1/bsc-psychology-with-economics?coursecode=C815,,,,,,,
University of Essex,"Hospitality, Event Management and Tourism",Hospitality Management,,,,,,2026-10-01,24 months,20475,GBP,,0,,0,,,,,,,,,,,,FDA,https://www.essex.ac.uk/courses/ug01327/1/fda-hospitality-management,,,,,,,
University of Essex,"Hospitality, Event Management and Tourism",International Tourism Management,,,,,,2026-10-01,24 months,21500,GBP,,0,,0,,,,,,,,,,,,FDA,https://www.essex.ac.uk/courses/UG01585/1/FdA-Tourism,,,,,,,
University of Essex,History,Philosophy and History,,,,,,2026-10-01,48 months,21500,GBP,,0,,0,,,,,,,,,,,,FDA,https://www.essex.ac.uk/courses/UG00325/2/BA-Philosophy-and-History?coursecode=VV51,,,,,,,
University of Essex,Management,Marketing Management,,,,,,2026-10-01,48 months,21500,GBP,,0,,0,,,,,,,,,,,,FDA,https://www.essex.ac.uk/courses/UG00256/2/BSc-Marketing-Management,,,,,,,
University of Essex,Criminology,History and Criminology,,,,,,2026-10-01,48 months,21500,GBP,,0,,0,,,,,,,,,,,,FDA,https://www.essex.ac.uk/courses/UG00190/2/BA-History-and-Criminology,,,,,,,
University of Essex,Drama and Dance,History and Drama,,,,,,2026-10-01,48 months,21500,GBP,,0,,0,,,,,,,,,,,,FDA,https://www.essex.ac.uk/courses/UG01445/2/BA-History-and-Drama,,,,,,,
University of Essex,"Hospitality, Event Management and Tourism",International Tourism Management,,,,,,2026-10-01,48 months,21500,GBP,,0,,0,,,,,,,,,,,,FDA,https://www.essex.ac.uk/courses/UG01585/1/FdA-International-Tourism-Management,,,,,,,
University of Essex,Education,Film Studies and Art History,,,,,,2026-10-01,48 months,21500,GBP,,0,,0,,,,,,,,,,,,FDA,https://www.essex.ac.uk/courses/UG00165/2/BA-Film-Studies-and-Art-History,,,,,,,
University of Essex,Accounting and Finance,Accounting and Finance (with Foundation Year),,,,,,2026-10-01,48 months,21500,GBP,,0,,0,,,,,,,,,,,,FDA,https://www.essex.ac.uk/courses/ug00002/2/bsc-accounting-and-finance,,,,,,,
University of Essex,Biomedical Science,Biomedical Science,,,,,,2026-10-01,48 months,21500,GBP,,0,,0,,,,,,,,,,,,FDA,https://www.essex.ac.uk/courses/ug00039/2/bsc-biomedical-science,,,,,,,
University of Essex,Education,Childhood Studies,,,,,,2026-10-01,48 months,21500,GBP,,0,,0,,,,,,,,,,,,FDA,https://www.essex.ac.uk/courses/ug01121/2/ba-childhood-studies,,,,,,,
University of Essex,Criminology,Criminology,,,,,,2026-10-01,48 months,21500,GBP,,0,,0,,,,,,,,,,,,FDA,https://www.essex.ac.uk/courses/ug00089/2/ba-criminology,,,,,,,
University of Essex,Economics,Economics,,,,,,2026-10-01,48 months,21500,GBP,,0,,0,,,,,,,,,,,,FDA,https://www.essex.ac.uk/courses/UG00103/4/BSc-Economics?startdate=2024/25,,,,,,,
University of Essex,Electrical Engineering,Electronic Engineering,,,,,,2026-10-01,48 months,21500,GBP,,0,,0,,,,,,,,,,,,FDA,https://www.essex.ac.uk/courses/ug00117/3/beng-electronic-engineering,,,,,,,
University of Essex,English Literature,English Literature,,,,,,2026-10-01,48 months,21500,GBP,,0,,0,,,,,,,,,,,,FDA,https://www.essex.ac.uk/courses/ug00139/2/ba-english-literature,,,,,,,
University of Essex,Education,Film Studies,,,,,,2026-10-01,48 months,21500,GBP,,0,,0,,,,,,,,,,,,FDA,https://www.essex.ac.uk/courses/ug00164/2/ba-film-studies,,,,,,,
University of Essex,History,History,,,,,,2026-10-01,48 months,21500,GBP,,0,,0,,,,,,,,,,,,FDA,https://www.essex.ac.uk/courses/ug00189/2/ba-history,,,,,,,
University of Essex,Law,Law,,,,,,2026-10-01,48 months,21500,GBP,,0,,0,,,,,,,,,,,,FDA,https://www.essex.ac.uk/courses/ug00235/2/llb-law,,,,,,,
University of Essex,Biology,Marine Biology,,,,,,2026-10-01,48 months,21500,GBP,,0,,0,,,,,,,,,,,,FDA,https://www.essex.ac.uk/courses/ug00263/2/bsc-marine-biology,,,,,,,
University of Essex,Philosophy,Philosophy,,,,,,2026-10-01,48 months,21500,GBP,,0,,0,,,,,,,,,,,,FDA,https://www.essex.ac.uk/courses/ug00321/2/ba-philosophy,,,,,,,
University of Essex,Politics,Politics,,,,,,2026-10-01,48 months,21500,GBP,,0,,0,,,,,,,,,,,,FDA,https://www.essex.ac.uk/courses/ug00343/2/ba-politics,,,,,,,
University of Essex,Psychology,Psychology,,,,,,2026-10-01,48 months,21500,GBP,,0,,0,,,,,,,,,,,,FDA,https://www.essex.ac.uk/courses/UG00361/4/BSc-Psychology,,,,,,,
University of Essex,Psychology,Psychology (4 Years),,,,,,2026-10-01,48 months,21500,GBP,,0,,0,,,,,,,,,,,,FDA,https://www.essex.ac.uk/courses/ug00361/4/bsc-psychology,,,,,,,
University of Essex,Education,Psychosocial and Psychoanalytic Studies,,,,,,2026-10-01,48 months,21500,GBP,,0,,0,,,,,,,,,,,,FDA,https://www.essex.ac.uk/courses/ug01035/2/ba-psychosocial-and-psychoanalytic-studies,,,,,,,
University of Essex,Sports Science,Sports and Exercise Science,,,,,,2026-10-01,48 months,21500,GBP,,0,,0,,,,,,,,,,,,FDA,https://www.essex.ac.uk/courses/ug00399/2/bsc-sports-and-exercise-science,,,,,,,
University of Essex,Education,Modern Languages and Teaching English as a Foreign Language,,,,,,2026-10-01,60 months,21500,GBP,,0,,0,,,,,,,,,,,,FDA,https://www.essex.ac.uk/courses/UG00297/2/BA-Modern-Languages-and-Teaching-English-as-a-Foreign-Language,,,,,,,
University of Essex,Education,European Studies,,,,,,2026-10-01,60 months,21500,GBP,,0,,0,,,,,,,,,,,,FDA,https://www.essex.ac.uk/courses/UG00151/2/BA-European-Studies,,,,,,,
University of Essex,Education,European Studies and Modern Languages,,,,,,2026-10-01,60 months,21500,GBP,,0,,0,,,,,,,,,,,,FDA,https://www.essex.ac.uk/courses/UG00152/2/BA-European-Studies-and-Modern-Languages,,,,,,,
University of Essex,Education,European Studies with French,,,,,,2026-10-01,60 months,21500,GBP,,0,,0,,,,,,,,,,,,FDA,https://www.essex.ac.uk/courses/UG00154/2/BA-European-Studies-with-French,,,,,,,
University of Essex,Education,European Studies with German,,,,,,2026-10-01,60 months,21500,GBP,,0,,0,,,,,,,,,,,,FDA,https://www.essex.ac.uk/courses/UG00155/2/BA-European-Studies-with-German,,,,,,,
University of Essex,Education,European Studies with Italian,,,,,,2026-10-01,60 months,21500,GBP,,0,,0,,,,,,,,,,,,FDA,https://www.essex.ac.uk/courses/UG00157/2/BA-European-Studies-with-Italian,,,,,,,
University of Essex,Dentistry,Dental Hygiene (Colchester Campus),,,,,,2026-10-01,24 months,31750,GBP,,0,,0,,,,,,,,,,,,FdSc,https://www.essex.ac.uk/courses/UG01664/1/FdSc-Dental-Hygiene-and-Therapy,,,,,,,
University of Essex,Dentistry,Dental Hygiene (Southend Campus),,,,,,2026-10-01,24 months,31750,GBP,,0,,0,,,,,,,,,,,,FdSc,https://www.essex.ac.uk/courses/UG01664/1/FdSc-Dental-Hygiene-and-Therapy?campus=Southend%20Campus,,,,,,,
University of Essex,Medicine,Medical and Clinical Education,a four year undergraduate,2.75,,,"[{""subtitle"": ""Entry requirements"", ""description"": [""For Postgraduate Taught Masters, candidates from Band 1 or Band 2 institutions need 50% or 5.3/10, while those from other institutions require 55% or 5.8/10 from Bachelor degrees."", ""Some departments may have higher standards.""]}, {""subtitle"": ""English Requirement"", ""description"": [""English proficiency evidence may be needed.""]}]",2026-10-01,60 months,9870,GBP,"��4,000",0,,0,,6,5.5,82,Listening 17 Reading 18 Writing 17 Speaking 20,60,59,Global Talent Masters Scholarship,"��5,000",,"{""subtitle"": ""Scholarships"", ""description"": [""If you're an international student, took your undergraduate degree overseas or in the UK and are self-funding your postgraduate studies, you could be eligible for a scholarship""]}",GDip,https://www.essex.ac.uk/courses/pg01008/2/postgraduate-diploma-medical-and-clinical-education,,,,,,,
University of Essex,Economics,Economics (9 Months),a four year undergraduate,2.75,,,"[{""subtitle"": ""Entry requirements"", ""description"": [""For Postgraduate Taught Masters, candidates from Band 1 or Band 2 institutions need 50% or 5.3/10, while those from other institutions require 55% or 5.8/10 from Bachelor degrees."", ""Some departments may have higher standards.""]}, {""subtitle"": ""English Requirement"", ""description"": [""English proficiency evidence may be needed.""]}]",2026-10-01,9 months,15758,GBP,"��4,000",0,,0,,6,5.5,82,Listening 17 Reading 18 Writing 17 Speaking 20,60,59,Global Talent Masters Scholarship,"��5,000",,"{""subtitle"": ""Scholarships"", ""description"": [""If you're an international student, took your undergraduate degree overseas or in the UK and are self-funding your postgraduate studies, you could be eligible for a scholarship""]}",GDip,https://www.essex.ac.uk/courses/pg00542/3/graduate-diploma-economics,,,,,,,
University of Essex,Management,Management and Organisational Dynamics,a four year undergraduate,2.75,,,"[{""subtitle"": ""Entry requirements"", ""description"": [""For Postgraduate Taught Masters, candidates from Band 1 or Band 2 institutions need 50% or 5.3/10, while those from other institutions require 55% or 5.8/10 from Bachelor degrees."", ""Some departments may have higher standards.""]}, {""subtitle"": ""English Requirement"", ""description"": [""English proficiency evidence may be needed.""]}]",2026-10-01,9 months,19100,GBP,"��4,000",0,,0,,6,5.5,82,Listening 17 Reading 18 Writing 17 Speaking 20,60,59,Global Talent Masters Scholarship,"��5,000",,"{""subtitle"": ""Scholarships"", ""description"": [""If you're an international student, took your undergraduate degree overseas or in the UK and are self-funding your postgraduate studies, you could be eligible for a scholarship""]}",GDip,https://www.essex.ac.uk/courses/pg00671/2/postgraduate-diploma-management-and-organisational-dynamics,,,,,,,
University of Essex,Accounting and Finance,Mathematics and Finance (9 Months),a four year undergraduate,2.75,,,"[{""subtitle"": ""Entry requirements"", ""description"": [""For Postgraduate Taught Masters, candidates from Band 1 or Band 2 institutions need 50% or 5.3/10, while those from other institutions require 55% or 5.8/10 from Bachelor degrees."", ""Some departments may have higher standards.""]}, {""subtitle"": ""English Requirement"", ""description"": [""English proficiency evidence may be needed.""]}]",2026-10-01,9 months,19100,GBP,"��4,000",0,,0,,6,5.5,82,Listening 17 Reading 18 Writing 17 Speaking 20,60,59,Global Talent Masters Scholarship,"��5,000",,"{""subtitle"": ""Scholarships"", ""description"": [""If you're an international student, took your undergraduate degree overseas or in the UK and are self-funding your postgraduate studies, you could be eligible for a scholarship""]}",GDip,https://www.essex.ac.uk/courses/pg00610/2/postgraduate-diploma-mathematics-and-finance,,,,,,,
University of Essex,Philosophy,Philosophy,a four year undergraduate,2.75,,,"[{""subtitle"": ""Entry requirements"", ""description"": [""For Postgraduate Taught Masters, candidates from Band 1 or Band 2 institutions need 50% or 5.3/10, while those from other institutions require 55% or 5.8/10 from Bachelor degrees."", ""Some departments may have higher standards.""]}, {""subtitle"": ""English Requirement"", ""description"": [""English proficiency evidence may be needed.""]}]",2026-10-01,9 months,15758,GBP,"��4,000",0,,0,,6,5.5,82,Listening 17 Reading 18 Writing 17 Speaking 20,60,59,Global Talent Masters Scholarship,"��5,000",,"{""subtitle"": ""Scholarships"", ""description"": [""If you're an international student, took your undergraduate degree overseas or in the UK and are self-funding your postgraduate studies, you could be eligible for a scholarship""]}",GDip,https://www.essex.ac.uk/courses/PG00706/3/Graduate-Diploma-Philosophy,,,,,,,
University of Essex,Politics,Politics (9 Months),a four year undergraduate,2.75,,,"[{""subtitle"": ""Entry requirements"", ""description"": [""For Postgraduate Taught Masters, candidates from Band 1 or Band 2 institutions need 50% or 5.3/10, while those from other institutions require 55% or 5.8/10 from Bachelor degrees."", ""Some departments may have higher standards.""]}, {""subtitle"": ""English Requirement"", ""description"": [""English proficiency evidence may be needed.""]}]",2026-10-01,9 months,15578,GBP,"��4,000",0,,0,,6,5.5,82,Listening 17 Reading 18 Writing 17 Speaking 20,60,59,Global Talent Masters Scholarship,"��5,000",,"{""subtitle"": ""Scholarships"", ""description"": [""If you're an international student, took your undergraduate degree overseas or in the UK and are self-funding your postgraduate studies, you could be eligible for a scholarship""]}",GDip,https://www.essex.ac.uk/courses/pg00727/3/graduate-diploma-politics,,,,,,,
University of Essex,Psychology,Psychodynamic Approaches,a four year undergraduate,2.75,,,"[{""subtitle"": ""Entry requirements"", ""description"": [""For Postgraduate Taught Masters, candidates from Band 1 or Band 2 institutions need 50% or 5.3/10, while those from other institutions require 55% or 5.8/10 from Bachelor degrees."", ""Some departments may have higher standards.""]}, {""subtitle"": ""English Requirement"", ""description"": [""English proficiency evidence may be needed.""]}]",2026-10-01,9 months,15758,GBP,"��4,000",0,,0,,6,5.5,82,Listening 17 Reading 18 Writing 17 Speaking 20,60,59,Global Talent Masters Scholarship,"��5,000",,"{""subtitle"": ""Scholarships"", ""description"": [""If you're an international student, took your undergraduate degree overseas or in the UK and are self-funding your postgraduate studies, you could be eligible for a scholarship""]}",GDip,https://www.essex.ac.uk/courses/pg00749/1/graduate-diploma-psychodynamic-approaches,,,,,,,
University of Essex,Law,Law (Senior Status),IB,60,,60,"[{""subtitle"": ""Entry requirements"", ""description"": [""To be eligible for most Undergraduate Bachelor degree courses, applicants must have an average of 60% in the best four subjects from Indian high school qualifications."", ""Achieving 70% in English from CBSE or CISCE exempts from additional English tests."", ""Some courses may have higher requirements.""]}, {""subtitle"": ""English Requirement"", ""description"": [""If not exempt, English test scores are needed.""]}]",2026-10-01,24 months,22600,GBP,,0,,0,,,,,,,,,,,,LLB,https://www.essex.ac.uk/courses/ug01021/1/llb-law-senior-status,,,,,,,
University of Essex,Education,Licence English and French Law (Double Degree),IB,60,,60,"[{""subtitle"": ""Entry requirements"", ""description"": [""To be eligible for most Undergraduate Bachelor degree courses, applicants must have an average of 60% in the best four subjects from Indian high school qualifications."", ""Achieving 70% in English from CBSE or CISCE exempts from additional English tests."", ""Some courses may have higher requirements.""]}, {""subtitle"": ""English Requirement"", ""description"": [""If not exempt, English test scores are needed.""]}]",2026-10-01,36 months,10965,GBP,,0,,0,,,,,,,,,,,,LLB,https://www.essex.ac.uk/courses/ug01362/1/llb-licence-english-and-french-law-double-degree,,,,,,,
University of Essex,Law,Law,IB,60,,60,"[{""subtitle"": ""Entry requirements"", ""description"": [""To be eligible for most Undergraduate Bachelor degree courses, applicants must have an average of 60% in the best four subjects from Indian high school qualifications."", ""Achieving 70% in English from CBSE or CISCE exempts from additional English tests."", ""Some courses may have higher requirements.""]}, {""subtitle"": ""English Requirement"", ""description"": [""If not exempt, English test scores are needed.""]}]",2026-10-01,36 months,22600,GBP,,0,,0,,,,,,,,,,,,LLB,https://www.essex.ac.uk/courses/ug00235/1/llb-law,,,,,,,
University of Essex,Business and Management,Law with Business,IB,60,,60,"[{""subtitle"": ""Entry requirements"", ""description"": [""To be eligible for most Undergraduate Bachelor degree courses, applicants must have an average of 60% in the best four subjects from Indian high school qualifications."", ""Achieving 70% in English from CBSE or CISCE exempts from additional English tests."", ""Some courses may have higher requirements.""]}, {""subtitle"": ""English Requirement"", ""description"": [""If not exempt, English test scores are needed.""]}]",2026-10-01,36 months,22600,GBP,,0,,0,,,,,,,,,,,,LLB,https://www.essex.ac.uk/courses/ug01063/1/llb-law-with-business,,,,,,,
University of Essex,Criminology,Law with Criminology,IB,60,,60,"[{""subtitle"": ""Entry requirements"", ""description"": [""To be eligible for most Undergraduate Bachelor degree courses, applicants must have an average of 60% in the best four subjects from Indian high school qualifications."", ""Achieving 70% in English from CBSE or CISCE exempts from additional English tests."", ""Some courses may have higher requirements.""]}, {""subtitle"": ""English Requirement"", ""description"": [""If not exempt, English test scores are needed.""]}]",2026-10-01,36 months,22600,GBP,,0,,0,,,,,,,,,,,,LLB,https://www.essex.ac.uk/courses/ug01299/1/llb-law-with-criminology,,,,,,,
University of Essex,Law,Law with Human Rights,IB,60,,60,"[{""subtitle"": ""Entry requirements"", ""description"": [""To be eligible for most Undergraduate Bachelor degree courses, applicants must have an average of 60% in the best four subjects from Indian high school qualifications."", ""Achieving 70% in English from CBSE or CISCE exempts from additional English tests."", ""Some courses may have higher requirements.""]}, {""subtitle"": ""English Requirement"", ""description"": [""If not exempt, English test scores are needed.""]}]",2026-10-01,36 months,22600,GBP,,0,,0,,,,,,,,,,,,LLB,https://www.essex.ac.uk/courses/ug01049/1/llb-law-with-human-rights,,,,,,,
University of Essex,Law,Law with Philosophy,IB,60,,60,"[{""subtitle"": ""Entry requirements"", ""description"": [""To be eligible for most Undergraduate Bachelor degree courses, applicants must have an average of 60% in the best four subjects from Indian high school qualifications."", ""Achieving 70% in English from CBSE or CISCE exempts from additional English tests."", ""Some courses may have higher requirements.""]}, {""subtitle"": ""English Requirement"", ""description"": [""If not exempt, English test scores are needed.""]}]",2026-10-01,36 months,22600,GBP,,0,,0,,,,,,,,,,,,LLB,https://www.essex.ac.uk/courses/ug01050/1/llb-law-with-philosophy,,,,,,,
University of Essex,Law,Law (with Placement Year),IB,60,,60,"[{""subtitle"": ""Entry requirements"", ""description"": [""To be eligible for most Undergraduate Bachelor degree courses, applicants must have an average of 60% in the best four subjects from Indian high school qualifications."", ""Achieving 70% in English from CBSE or CISCE exempts from additional English tests."", ""Some courses may have higher requirements.""]}, {""subtitle"": ""English Requirement"", ""description"": [""If not exempt, English test scores are needed.""]}]",2026-10-01,48 months,22600,GBP,,0,,0,,,,,,,,,,,,LLB,https://www.essex.ac.uk/courses/UG00235/1/LLB-Law?coursecode=M107,,,,,,,
University of Essex,Law,Law (with Year Abroad),IB,60,,60,"[{""subtitle"": ""Entry requirements"", ""description"": [""To be eligible for most Undergraduate Bachelor degree courses, applicants must have an average of 60% in the best four subjects from Indian high school qualifications."", ""Achieving 70% in English from CBSE or CISCE exempts from additional English tests."", ""Some courses may have higher requirements.""]}, {""subtitle"": ""English Requirement"", ""description"": [""If not exempt, English test scores are needed.""]}]",2026-10-01,48 months,22600,GBP,,0,,0,,,,,,,,,,,,LLB,https://www.essex.ac.uk/courses/UG00235/1/LLB-Law?coursecode=M120,,,,,,,
University of Essex,Business and Management,Law with Business (with Placement Year),IB,60,,60,"[{""subtitle"": ""Entry requirements"", ""description"": [""To be eligible for most Undergraduate Bachelor degree courses, applicants must have an average of 60% in the best four subjects from Indian high school qualifications."", ""Achieving 70% in English from CBSE or CISCE exempts from additional English tests."", ""Some courses may have higher requirements.""]}, {""subtitle"": ""English Requirement"", ""description"": [""If not exempt, English test scores are needed.""]}]",2026-10-01,48 months,22600,GBP,,0,,0,,,,,,,,,,,,LLB,https://www.essex.ac.uk/courses/ug01063/1/llb-law-with-business?coursecode=MN02,,,,,,,
University of Essex,Business and Management,Law with Business (with Year Abroad),IB,60,,60,"[{""subtitle"": ""Entry requirements"", ""description"": [""To be eligible for most Undergraduate Bachelor degree courses, applicants must have an average of 60% in the best four subjects from Indian high school qualifications."", ""Achieving 70% in English from CBSE or CISCE exempts from additional English tests."", ""Some courses may have higher requirements.""]}, {""subtitle"": ""English Requirement"", ""description"": [""If not exempt, English test scores are needed.""]}]",2026-10-01,48 months,22600,GBP,,0,,0,,,,,,,,,,,,LLB,https://www.essex.ac.uk/courses/ug01063/1/llb-law-with-business?coursecode=MN01,,,,,,,
University of Essex,Criminology,Law with Criminology (with Placement Year),IB,60,,60,"[{""subtitle"": ""Entry requirements"", ""description"": [""To be eligible for most Undergraduate Bachelor degree courses, applicants must have an average of 60% in the best four subjects from Indian high school qualifications."", ""Achieving 70% in English from CBSE or CISCE exempts from additional English tests."", ""Some courses may have higher requirements.""]}, {""subtitle"": ""English Requirement"", ""description"": [""If not exempt, English test scores are needed.""]}]",2026-10-01,48 months,22600,GBP,,0,,0,,,,,,,,,,,,LLB,https://www.essex.ac.uk/courses/ug01299/1/llb-law-with-criminology?coursecode=MM02,,,,,,,
University of Essex,Criminology,Law with Criminology (with Year Abroad),IB,60,,60,"[{""subtitle"": ""Entry requirements"", ""description"": [""To be eligible for most Undergraduate Bachelor degree courses, applicants must have an average of 60% in the best four subjects from Indian high school qualifications."", ""Achieving 70% in English from CBSE or CISCE exempts from additional English tests."", ""Some courses may have higher requirements.""]}, {""subtitle"": ""English Requirement"", ""description"": [""If not exempt, English test scores are needed.""]}]",2026-10-01,48 months,22600,GBP,,0,,0,,,,,,,,,,,,LLB,https://www.essex.ac.uk/courses/ug01299/1/llb-law-with-criminology?coursecode=MM01,,,,,,,
University of Essex,Law,Law with Human Rights (with Placement Year),IB,60,,60,"[{""subtitle"": ""Entry requirements"", ""description"": [""To be eligible for most Undergraduate Bachelor degree courses, applicants must have an average of 60% in the best four subjects from Indian high school qualifications."", ""Achieving 70% in English from CBSE or CISCE exempts from additional English tests."", ""Some courses may have higher requirements.""]}, {""subtitle"": ""English Requirement"", ""description"": [""If not exempt, English test scores are needed.""]}]",2026-10-01,48 months,22600,GBP,,0,,0,,,,,,,,,,,,LLB,https://www.essex.ac.uk/courses/UG01049/1/LLB-Law-with-Human-Rights?coursecode=MM22,,,,,,,
University of Essex,Law,Law with Human Rights (with Year Abroad),IB,60,,60,"[{""subtitle"": ""Entry requirements"", ""description"": [""To be eligible for most Undergraduate Bachelor degree courses, applicants must have an average of 60% in the best four subjects from Indian high school qualifications."", ""Achieving 70% in English from CBSE or CISCE exempts from additional English tests."", ""Some courses may have higher requirements.""]}, {""subtitle"": ""English Requirement"", ""description"": [""If not exempt, English test scores are needed.""]}]",2026-10-01,48 months,22600,GBP,,0,,0,,,,,,,,,,,,LLB,https://www.essex.ac.uk/courses/UG01049/1/LLB-Law-with-Human-Rights?coursecode=MM21,,,,,,,
University of Essex,Law,Law with Philosophy (with Placement Year),IB,60,,60,"[{""subtitle"": ""Entry requirements"", ""description"": [""To be eligible for most Undergraduate Bachelor degree courses, applicants must have an average of 60% in the best four subjects from Indian high school qualifications."", ""Achieving 70% in English from CBSE or CISCE exempts from additional English tests."", ""Some courses may have higher requirements.""]}, {""subtitle"": ""English Requirement"", ""description"": [""If not exempt, English test scores are needed.""]}]",2026-10-01,48 months,22600,GBP,,0,,0,,,,,,,,,,,,LLB,https://www.essex.ac.uk/courses/UG01050/1/LLB-Law-with-Philosophy?coursecode=MV19,,,,,,,
University of Essex,Law,Law with Philosophy (with Year Abroad),IB,60,,60,"[{""subtitle"": ""Entry requirements"", ""description"": [""To be eligible for most Undergraduate Bachelor degree courses, applicants must have an average of 60% in the best four subjects from Indian high school qualifications."", ""Achieving 70% in English from CBSE or CISCE exempts from additional English tests."", ""Some courses may have higher requirements.""]}, {""subtitle"": ""English Requirement"", ""description"": [""If not exempt, English test scores are needed.""]}]",2026-10-01,48 months,22600,GBP,,0,,0,,,,,,,,,,,,LLB,https://www.essex.ac.uk/courses/UG01050/1/LLB-Law-with-Philosophy?coursecode=MV18,,,,,,,
University of Essex,Criminology,International Criminal Law,a four year undergraduate,2.75,,,"[{""subtitle"": ""Entry requirements"", ""description"": [""For Postgraduate Taught Masters, candidates from Band 1 or Band 2 institutions need 50% or 5.3/10, while those from other institutions require 55% or 5.8/10 from Bachelor degrees."", ""Some departments may have higher standards.""]}, {""subtitle"": ""English Requirement"", ""description"": [""English proficiency evidence may be needed.""]}]",2026-10-01,12 months,23875,GBP,"��4,000",0,,0,,6,5.5,82,Listening 17 Reading 18 Writing 17 Speaking 20,60,59,Global Talent Masters Scholarship,"��5,000",,"{""subtitle"": ""Scholarships"", ""description"": [""If you're an international student, took your undergraduate degree overseas or in the UK and are self-funding your postgraduate studies, you could be eligible for a scholarship""]}",LLM,https://www.essex.ac.uk/courses/PG01588/1/LLM-International-Criminal-Law,,,,,,,
University of Essex,Law,Law and Technology,a four year undergraduate,2.75,,,"[{""subtitle"": ""Entry requirements"", ""description"": [""For Postgraduate Taught Masters, candidates from Band 1 or Band 2 institutions need 50% or 5.3/10, while those from other institutions require 55% or 5.8/10 from Bachelor degrees."", ""Some departments may have higher standards.""]}, {""subtitle"": ""English Requirement"", ""description"": [""English proficiency evidence may be needed.""]}]",2026-10-01,12 months,23875,GBP,"��4,000",0,,0,,6,5.5,82,Listening 17 Reading 18 Writing 17 Speaking 20,60,59,Global Talent Masters Scholarship,"��5,000",,"{""subtitle"": ""Scholarships"", ""description"": [""If you're an international student, took your undergraduate degree overseas or in the UK and are self-funding your postgraduate studies, you could be eligible for a scholarship""]}",LLM,https://www.essex.ac.uk/courses/PG01590/1/LLM-Law-and-Technology,,,,,,,
University of Essex,Business and Management,Corporate Responsibility and Business Law,a four year undergraduate,2.75,,,"[{""subtitle"": ""Entry requirements"", ""description"": [""For Postgraduate Taught Masters, candidates from Band 1 or Band 2 institutions need 50% or 5.3/10, while those from other institutions require 55% or 5.8/10 from Bachelor degrees."", ""Some departments may have higher standards.""]}, {""subtitle"": ""English Requirement"", ""description"": [""English proficiency evidence may be needed.""]}]",2026-10-01,12 months,23875,GBP,"��4,000",0,,0,,6,5.5,82,Listening 17 Reading 18 Writing 17 Speaking 20,60,59,Global Talent Masters Scholarship,"��5,000",,"{""subtitle"": ""Scholarships"", ""description"": [""If you're an international student, took your undergraduate degree overseas or in the UK and are self-funding your postgraduate studies, you could be eligible for a scholarship""]}",LLM,https://www.essex.ac.uk/courses/pg01363/1/llm-corporate-responsibility-and-business-law,,,,,,,
University of Essex,Economics,"Economic, Social and Cultural Rights",a four year undergraduate,2.75,,,"[{""subtitle"": ""Entry requirements"", ""description"": [""For Postgraduate Taught Masters, candidates from Band 1 or Band 2 institutions need 50% or 5.3/10, while those from other institutions require 55% or 5.8/10 from Bachelor degrees."", ""Some departments may have higher standards.""]}, {""subtitle"": ""English Requirement"", ""description"": [""English proficiency evidence may be needed.""]}]",2026-10-01,12 months,23875,GBP,"��4,000",0,,0,,6,5.5,82,Listening 17 Reading 18 Writing 17 Speaking 20,60,59,Global Talent Masters Scholarship,"��5,000",,"{""subtitle"": ""Scholarships"", ""description"": [""If you're an international student, took your undergraduate degree overseas or in the UK and are self-funding your postgraduate studies, you could be eligible for a scholarship""]}",LLM,https://www.essex.ac.uk/courses/pg00541/1/llm-economic-social-and-cultural-rights,,,,,,,
University of Essex,Business and Management,International Commercial and Business Law,a four year undergraduate,2.75,,,"[{""subtitle"": ""Entry requirements"", ""description"": [""For Postgraduate Taught Masters, candidates from Band 1 or Band 2 institutions need 50% or 5.3/10, while those from other institutions require 55% or 5.8/10 from Bachelor degrees."", ""Some departments may have higher standards.""]}, {""subtitle"": ""English Requirement"", ""description"": [""English proficiency evidence may be needed.""]}]",2026-01-01,12 months,22750,GBP,"��4,000",0,,0,,6,5.5,82,Listening 17 Reading 18 Writing 17 Speaking 20,60,59,Global Talent Masters Scholarship,"��5,000",,"{""subtitle"": ""Scholarships"", ""description"": [""If you're an international student, took your undergraduate degree overseas or in the UK and are self-funding your postgraduate studies, you could be eligible for a scholarship""]}",LLM,https://www.essex.ac.uk/courses/pg00633/1/llm-international-commercial-and-business-law,,,,,,,
University of Essex,Economics,International Human Rights and Economic Law,a four year undergraduate,2.75,,,"[{""subtitle"": ""Entry requirements"", ""description"": [""For Postgraduate Taught Masters, candidates from Band 1 or Band 2 institutions need 50% or 5.3/10, while those from other institutions require 55% or 5.8/10 from Bachelor degrees."", ""Some departments may have higher standards.""]}, {""subtitle"": ""English Requirement"", ""description"": [""English proficiency evidence may be needed.""]}]",2026-10-01,12 months,23875,GBP,"��4,000",0,,0,,6,5.5,82,Listening 17 Reading 18 Writing 17 Speaking 20,60,59,Global Talent Masters Scholarship,"��5,000",,"{""subtitle"": ""Scholarships"", ""description"": [""If you're an international student, took your undergraduate degree overseas or in the UK and are self-funding your postgraduate studies, you could be eligible for a scholarship""]}",LLM,https://www.essex.ac.uk/courses/pg01513/1/llm-international-human-rights-and-economic-law,,,,,,,
University of Essex,Law,International Human Rights Law,a four year undergraduate,2.75,,,"[{""subtitle"": ""Entry requirements"", ""description"": [""For Postgraduate Taught Masters, candidates from Band 1 or Band 2 institutions need 50% or 5.3/10, while those from other institutions require 55% or 5.8/10 from Bachelor degrees."", ""Some departments may have higher standards.""]}, {""subtitle"": ""English Requirement"", ""description"": [""English proficiency evidence may be needed.""]}]",2026-10-01,12 months,23875,GBP,"��4,000",0,,0,,6,5.5,82,Listening 17 Reading 18 Writing 17 Speaking 20,60,59,Global Talent Masters Scholarship,"��5,000",,"{""subtitle"": ""Scholarships"", ""description"": [""If you're an international student, took your undergraduate degree overseas or in the UK and are self-funding your postgraduate studies, you could be eligible for a scholarship""]}",LLM,https://www.essex.ac.uk/courses/pg00637/1/llm-international-human-rights-law,,,,,,,
University of Essex,Law,International Humanitarian Law,a four year undergraduate,2.75,,,"[{""subtitle"": ""Entry requirements"", ""description"": [""For Postgraduate Taught Masters, candidates from Band 1 or Band 2 institutions need 50% or 5.3/10, while those from other institutions require 55% or 5.8/10 from Bachelor degrees."", ""Some departments may have higher standards.""]}, {""subtitle"": ""English Requirement"", ""description"": [""English proficiency evidence may be needed.""]}]",2026-10-01,12 months,23875,GBP,"��4,000",0,,0,,6,5.5,82,Listening 17 Reading 18 Writing 17 Speaking 20,60,59,Global Talent Masters Scholarship,"��5,000",,"{""subtitle"": ""Scholarships"", ""description"": [""If you're an international student, took your undergraduate degree overseas or in the UK and are self-funding your postgraduate studies, you could be eligible for a scholarship""]}",LLM,https://www.essex.ac.uk/courses/pg01137/1/llm-international-humanitarian-law,,,,,,,
University of Essex,Law,International Law,a four year undergraduate,2.75,,,"[{""subtitle"": ""Entry requirements"", ""description"": [""For Postgraduate Taught Masters, candidates from Band 1 or Band 2 institutions need 50% or 5.3/10, while those from other institutions require 55% or 5.8/10 from Bachelor degrees."", ""Some departments may have higher standards.""]}, {""subtitle"": ""English Requirement"", ""description"": [""English proficiency evidence may be needed.""]}]",2026-01-01,12 months,22750,GBP,"��4,000",0,,0,,6,5.5,82,Listening 17 Reading 18 Writing 17 Speaking 20,60,59,Global Talent Masters Scholarship,"��5,000",,"{""subtitle"": ""Scholarships"", ""description"": [""If you're an international student, took your undergraduate degree overseas or in the UK and are self-funding your postgraduate studies, you could be eligible for a scholarship""]}",LLM,https://www.essex.ac.uk/courses/PG01386/1/LLM-International-Law?startdate=24-01&studymode=FullTime&_cldee=FOJeTuRisMPyECPnGbjpN9551wwDcROOMpoXREKo6cT8GchxxiE4VKHHjYxFNZM9&recipientid=contact-c489ccbad017e81180ef005056342d86-fbf54b4c3e3b4d419235015213109044&utm_source=ClickDimensions&utm_medium=email&utm_campaign=Agent%20Comms%2021%2F22&esid=a36859db-5d14-ef11-9f89-6045bdd15e65,,,,,,,
University of Essex,Law,International Trade and Maritime Law,a four year undergraduate,2.75,,,"[{""subtitle"": ""Entry requirements"", ""description"": [""For Postgraduate Taught Masters, candidates from Band 1 or Band 2 institutions need 50% or 5.3/10, while those from other institutions require 55% or 5.8/10 from Bachelor degrees."", ""Some departments may have higher standards.""]}, {""subtitle"": ""English Requirement"", ""description"": [""English proficiency evidence may be needed.""]}]",2026-10-01,12 months,23875,GBP,"��4,000",0,,0,,6,5.5,82,Listening 17 Reading 18 Writing 17 Speaking 20,60,59,Global Talent Masters Scholarship,"��5,000",,"{""subtitle"": ""Scholarships"", ""description"": [""If you're an international student, took your undergraduate degree overseas or in the UK and are self-funding your postgraduate studies, you could be eligible for a scholarship""]}",LLM,https://www.essex.ac.uk/courses/pg01105/1/llm-international-trade-and-maritime-law,,,,,,,
University of Essex,Law,International Trade Law,a four year undergraduate,2.75,,,"[{""subtitle"": ""Entry requirements"", ""description"": [""For Postgraduate Taught Masters, candidates from Band 1 or Band 2 institutions need 50% or 5.3/10, while those from other institutions require 55% or 5.8/10 from Bachelor degrees."", ""Some departments may have higher standards.""]}, {""subtitle"": ""English Requirement"", ""description"": [""English proficiency evidence may be needed.""]}]",2026-10-01,12 months,23875,GBP,"��4,000",0,,0,,6,5.5,82,Listening 17 Reading 18 Writing 17 Speaking 20,60,59,Global Talent Masters Scholarship,"��5,000",,"{""subtitle"": ""Scholarships"", ""description"": [""If you're an international student, took your undergraduate degree overseas or in the UK and are self-funding your postgraduate studies, you could be eligible for a scholarship""]}",LLM,https://www.essex.ac.uk/courses/pg00644/1/llm-international-trade-law,,,,,,,
University of Essex,Computer Science,"Law, Environment and Sustainability",a four year undergraduate,2.75,,,"[{""subtitle"": ""Entry requirements"", ""description"": [""For Postgraduate Taught Masters, candidates from Band 1 or Band 2 institutions need 50% or 5.3/10, while those from other institutions require 55% or 5.8/10 from Bachelor degrees."", ""Some departments may have higher standards.""]}, {""subtitle"": ""English Requirement"", ""description"": [""English proficiency evidence may be needed.""]}]",2026-10-01,12 months,23875,GBP,"��4,000",0,,0,,6,5.5,82,Listening 17 Reading 18 Writing 17 Speaking 20,60,59,Global Talent Masters Scholarship,"��5,000",,"{""subtitle"": ""Scholarships"", ""description"": [""If you're an international student, took your undergraduate degree overseas or in the UK and are self-funding your postgraduate studies, you could be eligible for a scholarship""]}",LLM,https://www.essex.ac.uk/courses/pg01542/1/llm-law-environment-and-sustainability,,,,,,,
University of Essex,Law,Maritime Law,a four year undergraduate,2.75,,,"[{""subtitle"": ""Entry requirements"", ""description"": [""For Postgraduate Taught Masters, candidates from Band 1 or Band 2 institutions need 50% or 5.3/10, while those from other institutions require 55% or 5.8/10 from Bachelor degrees."", ""Some departments may have higher standards.""]}, {""subtitle"": ""English Requirement"", ""description"": [""English proficiency evidence may be needed.""]}]",2026-10-01,12 months,23875,GBP,"��4,000",0,,0,,6,5.5,82,Listening 17 Reading 18 Writing 17 Speaking 20,60,59,Global Talent Masters Scholarship,"��5,000",,"{""subtitle"": ""Scholarships"", ""description"": [""If you're an international student, took your undergraduate degree overseas or in the UK and are self-funding your postgraduate studies, you could be eligible for a scholarship""]}",LLM,https://www.essex.ac.uk/courses/pg01350/1/llm-maritime-law,,,,,,,
University of Essex,Business and Management,International Commercial and Business Law with Professional Placement,a four year undergraduate,2.75,,,"[{""subtitle"": ""Entry requirements"", ""description"": [""For Postgraduate Taught Masters, candidates from Band 1 or Band 2 institutions need 50% or 5.3/10, while those from other institutions require 55% or 5.8/10 from Bachelor degrees."", ""Some departments may have higher standards.""]}, {""subtitle"": ""English Requirement"", ""description"": [""English proficiency evidence may be needed.""]}]",2026-10-01,24 months,23875,GBP,"��4,000",0,,0,,6,5.5,82,Listening 17 Reading 18 Writing 17 Speaking 20,60,59,Global Talent Masters Scholarship,"��5,000",,"{""subtitle"": ""Scholarships"", ""description"": [""If you're an international student, took your undergraduate degree overseas or in the UK and are self-funding your postgraduate studies, you could be eligible for a scholarship""]}",LLM,https://www.essex.ac.uk/courses/pg00633/3/llm-international-commercial-and-business-law,,,,,,,
University of Essex,Law,International Trade and Maritime Law with Professional Placement,a four year undergraduate,2.75,,,"[{""subtitle"": ""Entry requirements"", ""description"": [""For Postgraduate Taught Masters, candidates from Band 1 or Band 2 institutions need 50% or 5.3/10, while those from other institutions require 55% or 5.8/10 from Bachelor degrees."", ""Some departments may have higher standards.""]}, {""subtitle"": ""English Requirement"", ""description"": [""English proficiency evidence may be needed.""]}]",2026-10-01,24 months,23875,GBP,"��4,000",0,,0,,6,5.5,82,Listening 17 Reading 18 Writing 17 Speaking 20,60,59,Global Talent Masters Scholarship,"��5,000",,"{""subtitle"": ""Scholarships"", ""description"": [""If you're an international student, took your undergraduate degree overseas or in the UK and are self-funding your postgraduate studies, you could be eligible for a scholarship""]}",LLM,https://www.essex.ac.uk/courses/pg01105/2/llm-international-trade-and-maritime-law,,,,,,,
University of Essex,Marketing,"Advertising, Marketing and the Media",a four year undergraduate,2.75,,,"[{""subtitle"": ""Entry requirements"", ""description"": [""For Postgraduate Taught Masters, candidates from Band 1 or Band 2 institutions need 50% or 5.3/10, while those from other institutions require 55% or 5.8/10 from Bachelor degrees."", ""Some departments may have higher standards.""]}, {""subtitle"": ""English Requirement"", ""description"": [""English proficiency evidence may be needed.""]}]",2026-10-01,12 months,23875,GBP,"��4,000",0,,0,,6,5.5,82,Listening 17 Reading 18 Writing 17 Speaking 20,60,59,Global Talent Masters Scholarship,"��5,000",,"{""subtitle"": ""Scholarships"", ""description"": [""If you're an international student, took your undergraduate degree overseas or in the UK and are self-funding your postgraduate studies, you could be eligible for a scholarship""]}",MA,https://www.essex.ac.uk/courses/pg00441/1/ma-advertising-marketing-and-the-media,,,,,,,
University of Essex,Music,Audiovisual and Literary Translation,a four year undergraduate,2.75,,,"[{""subtitle"": ""Entry requirements"", ""description"": [""For Postgraduate Taught Masters, candidates from Band 1 or Band 2 institutions need 50% or 5.3/10, while those from other institutions require 55% or 5.8/10 from Bachelor degrees."", ""Some departments may have higher standards.""]}, {""subtitle"": ""English Requirement"", ""description"": [""English proficiency evidence may be needed.""]}]",2026-10-01,12 months,23875,GBP,"��4,000",0,,0,,6,5.5,82,Listening 17 Reading 18 Writing 17 Speaking 20,60,59,Global Talent Masters Scholarship,"��5,000",,"{""subtitle"": ""Scholarships"", ""description"": [""If you're an international student, took your undergraduate degree overseas or in the UK and are self-funding your postgraduate studies, you could be eligible for a scholarship""]}",MA,https://www.essex.ac.uk/courses/pg00835/1/ma-audiovisual-and-literary-translation,,,,,,,
University of Essex,Creative Writing,Creative Writing,a four year undergraduate,2.75,,,"[{""subtitle"": ""Entry requirements"", ""description"": [""For Postgraduate Taught Masters, candidates from Band 1 or Band 2 institutions need 50% or 5.3/10, while those from other institutions require 55% or 5.8/10 from Bachelor degrees."", ""Some departments may have higher standards.""]}, {""subtitle"": ""English Requirement"", ""description"": [""English proficiency evidence may be needed.""]}]",2026-10-01,12 months,23875,GBP,"��4,000",0,,0,,6,5.5,82,Listening 17 Reading 18 Writing 17 Speaking 20,60,59,Global Talent Masters Scholarship,"��5,000",,"{""subtitle"": ""Scholarships"", ""description"": [""If you're an international student, took your undergraduate degree overseas or in the UK and are self-funding your postgraduate studies, you could be eligible for a scholarship""]}",MA,https://www.essex.ac.uk/courses/pg00519/1/ma-creative-writing,,,,,,,
University of Essex,Criminology,Criminology,a four year undergraduate,2.75,,,"[{""subtitle"": ""Entry requirements"", ""description"": [""For Postgraduate Taught Masters, candidates from Band 1 or Band 2 institutions need 50% or 5.3/10, while those from other institutions require 55% or 5.8/10 from Bachelor degrees."", ""Some departments may have higher standards.""]}, {""subtitle"": ""English Requirement"", ""description"": [""English proficiency evidence may be needed.""]}]",2026-10-01,12 months,23875,GBP,"��4,000",0,,0,,6,5.5,82,Listening 17 Reading 18 Writing 17 Speaking 20,60,59,Global Talent Masters Scholarship,"��5,000",,"{""subtitle"": ""Scholarships"", ""description"": [""If you're an international student, took your undergraduate degree overseas or in the UK and are self-funding your postgraduate studies, you could be eligible for a scholarship""]}",MA,https://www.essex.ac.uk/courses/pg00521/1/ma-criminology,,,,,,,
University of Essex,Economics,Economics,a four year undergraduate,2.75,,,"[{""subtitle"": ""Entry requirements"", ""description"": [""For Postgraduate Taught Masters, candidates from Band 1 or Band 2 institutions need 50% or 5.3/10, while those from other institutions require 55% or 5.8/10 from Bachelor degrees."", ""Some departments may have higher standards.""]}, {""subtitle"": ""English Requirement"", ""description"": [""English proficiency evidence may be needed.""]}]",2026-10-01,12 months,24675,GBP,"��4,000",0,,0,,6,5.5,82,Listening 17 Reading 18 Writing 17 Speaking 20,60,59,Global Talent Masters Scholarship,"��5,000",,"{""subtitle"": ""Scholarships"", ""description"": [""If you're an international student, took your undergraduate degree overseas or in the UK and are self-funding your postgraduate studies, you could be eligible for a scholarship""]}",MA,https://www.essex.ac.uk/courses/pg00542/7/ma-economics,,,,,,,
University of Essex,Economics,Economics with Public Policy,a four year undergraduate,2.75,,,"[{""subtitle"": ""Entry requirements"", ""description"": [""For Postgraduate Taught Masters, candidates from Band 1 or Band 2 institutions need 50% or 5.3/10, while those from other institutions require 55% or 5.8/10 from Bachelor degrees."", ""Some departments may have higher standards.""]}, {""subtitle"": ""English Requirement"", ""description"": [""English proficiency evidence may be needed.""]}]",2026-01-01,12 months,23500,GBP,"��4,000",0,,0,,6,5.5,82,Listening 17 Reading 18 Writing 17 Speaking 20,60,59,Global Talent Masters Scholarship,"��5,000",,"{""subtitle"": ""Scholarships"", ""description"": [""If you're an international student, took your undergraduate degree overseas or in the UK and are self-funding your postgraduate studies, you could be eligible for a scholarship""]}",MA,https://www.essex.ac.uk/courses/pg01466/1/ma-economics-with-public-policy,,,,,,,
University of Essex,Film Production,Film and Literature,a four year undergraduate,2.75,,,"[{""subtitle"": ""Entry requirements"", ""description"": [""For Postgraduate Taught Masters, candidates from Band 1 or Band 2 institutions need 50% or 5.3/10, while those from other institutions require 55% or 5.8/10 from Bachelor degrees."", ""Some departments may have higher standards.""]}, {""subtitle"": ""English Requirement"", ""description"": [""English proficiency evidence may be needed.""]}]",2026-10-01,12 months,23875,GBP,"��4,000",0,,0,,6,5.5,82,Listening 17 Reading 18 Writing 17 Speaking 20,60,59,Global Talent Masters Scholarship,"��5,000",,"{""subtitle"": ""Scholarships"", ""description"": [""If you're an international student, took your undergraduate degree overseas or in the UK and are self-funding your postgraduate studies, you could be eligible for a scholarship""]}",MA,https://www.essex.ac.uk/courses/pg00576/1/ma-film-and-literature,,,,,,,
University of Essex,Film Production,Film Studies,a four year undergraduate,2.75,,,"[{""subtitle"": ""Entry requirements"", ""description"": [""For Postgraduate Taught Masters, candidates from Band 1 or Band 2 institutions need 50% or 5.3/10, while those from other institutions require 55% or 5.8/10 from Bachelor degrees."", ""Some departments may have higher standards.""]}, {""subtitle"": ""English Requirement"", ""description"": [""English proficiency evidence may be needed.""]}]",2026-10-01,12 months,23875,GBP,"��4,000",0,,0,,6,5.5,82,Listening 17 Reading 18 Writing 17 Speaking 20,60,59,Global Talent Masters Scholarship,"��5,000",,"{""subtitle"": ""Scholarships"", ""description"": [""If you're an international student, took your undergraduate degree overseas or in the UK and are self-funding your postgraduate studies, you could be eligible for a scholarship""]}",MA,https://www.essex.ac.uk/courses/pg00577/1/ma-film-studies,,,,,,,
University of Essex,Accounting and Finance,Financial Economics (1 Year),a four year undergraduate,2.75,,,"[{""subtitle"": ""Entry requirements"", ""description"": [""For Postgraduate Taught Masters, candidates from Band 1 or Band 2 institutions need 50% or 5.3/10, while those from other institutions require 55% or 5.8/10 from Bachelor degrees."", ""Some departments may have higher standards.""]}, {""subtitle"": ""English Requirement"", ""description"": [""English proficiency evidence may be needed.""]}]",2026-10-01,12 months,24675,GBP,"��4,000",0,,0,,6,5.5,82,Listening 17 Reading 18 Writing 17 Speaking 20,60,59,Global Talent Masters Scholarship,"��5,000",,"{""subtitle"": ""Scholarships"", ""description"": [""If you're an international student, took your undergraduate degree overseas or in the UK and are self-funding your postgraduate studies, you could be eligible for a scholarship""]}",MA,https://www.essex.ac.uk/courses/pg00586/2/ma-financial-economics,,,,,,,
University of Essex,Politics,Global and Comparative Politics (1 Year),a four year undergraduate,2.75,,,"[{""subtitle"": ""Entry requirements"", ""description"": [""For Postgraduate Taught Masters, candidates from Band 1 or Band 2 institutions need 50% or 5.3/10, while those from other institutions require 55% or 5.8/10 from Bachelor degrees."", ""Some departments may have higher standards.""]}, {""subtitle"": ""English Requirement"", ""description"": [""English proficiency evidence may be needed.""]}]",2026-10-01,12 months,23875,GBP,"��4,000",0,,0,,6,5.5,82,Listening 17 Reading 18 Writing 17 Speaking 20,60,59,Global Talent Masters Scholarship,"��5,000",,"{""subtitle"": ""Scholarships"", ""description"": [""If you're an international student, took your undergraduate degree overseas or in the UK and are self-funding your postgraduate studies, you could be eligible for a scholarship""]}",MA,https://www.essex.ac.uk/courses/pg00594/1/ma-global-and-comparative-politics,,,,,,,
University of Essex,History,History (1 Year),a four year undergraduate,2.75,,,"[{""subtitle"": ""Entry requirements"", ""description"": [""For Postgraduate Taught Masters, candidates from Band 1 or Band 2 institutions need 50% or 5.3/10, while those from other institutions require 55% or 5.8/10 from Bachelor degrees."", ""Some departments may have higher standards.""]}, {""subtitle"": ""English Requirement"", ""description"": [""English proficiency evidence may be needed.""]}]",2026-10-01,12 months,23875,GBP,"��4,000",0,,0,,6,5.5,82,Listening 17 Reading 18 Writing 17 Speaking 20,60,59,Global Talent Masters Scholarship,"��5,000",,"{""subtitle"": ""Scholarships"", ""description"": [""If you're an international student, took your undergraduate degree overseas or in the UK and are self-funding your postgraduate studies, you could be eligible for a scholarship""]}",MA,https://www.essex.ac.uk/courses/pg00609/1/ma-history,,,,,,,
University of Essex,History,"History, Power, and Identity",a four year undergraduate,2.75,,,"[{""subtitle"": ""Entry requirements"", ""description"": [""For Postgraduate Taught Masters, candidates from Band 1 or Band 2 institutions need 50% or 5.3/10, while those from other institutions require 55% or 5.8/10 from Bachelor degrees."", ""Some departments may have higher standards.""]}, {""subtitle"": ""English Requirement"", ""description"": [""English proficiency evidence may be needed.""]}]",2026-10-01,12 months,23875,GBP,"��4,000",0,,0,,6,5.5,82,Listening 17 Reading 18 Writing 17 Speaking 20,60,59,Global Talent Masters Scholarship,"��5,000",,"{""subtitle"": ""Scholarships"", ""description"": [""If you're an international student, took your undergraduate degree overseas or in the UK and are self-funding your postgraduate studies, you could be eligible for a scholarship""]}",MA,https://www.essex.ac.uk/courses/pg01443/1/ma-history-power-and-identity,,,,,,,
University of Essex,Development Studies,International Development,a four year undergraduate,2.75,,,"[{""subtitle"": ""Entry requirements"", ""description"": [""For Postgraduate Taught Masters, candidates from Band 1 or Band 2 institutions need 50% or 5.3/10, while those from other institutions require 55% or 5.8/10 from Bachelor degrees."", ""Some departments may have higher standards.""]}, {""subtitle"": ""English Requirement"", ""description"": [""English proficiency evidence may be needed.""]}]",2026-10-01,12 months,24675,GBP,"��4,000",0,,0,,6,5.5,82,Listening 17 Reading 18 Writing 17 Speaking 20,60,59,Global Talent Masters Scholarship,"��5,000",,"{""subtitle"": ""Scholarships"", ""description"": [""If you're an international student, took your undergraduate degree overseas or in the UK and are self-funding your postgraduate studies, you could be eligible for a scholarship""]}",MA,https://www.essex.ac.uk/courses/pg01302/1/ma-international-development,,,,,,,
University of Essex,Journalism,International Journalism,a four year undergraduate,2.75,,,"[{""subtitle"": ""Entry requirements"", ""description"": [""For Postgraduate Taught Masters, candidates from Band 1 or Band 2 institutions need 50% or 5.3/10, while those from other institutions require 55% or 5.8/10 from Bachelor degrees."", ""Some departments may have higher standards.""]}, {""subtitle"": ""English Requirement"", ""description"": [""English proficiency evidence may be needed.""]}]",2026-10-01,12 months,23875,GBP,"��4,000",0,,0,,6,5.5,82,Listening 17 Reading 18 Writing 17 Speaking 20,60,59,Global Talent Masters Scholarship,"��5,000",,"{""subtitle"": ""Scholarships"", ""description"": [""If you're an international student, took your undergraduate degree overseas or in the UK and are self-funding your postgraduate studies, you could be eligible for a scholarship""]}",MA,https://www.essex.ac.uk/courses/pg01546/1/ma-international-journalism,,,,,,,
University of Essex,International Relations,International Relations (1 Year),a four year undergraduate,2.75,,,"[{""subtitle"": ""Entry requirements"", ""description"": [""For Postgraduate Taught Masters, candidates from Band 1 or Band 2 institutions need 50% or 5.3/10, while those from other institutions require 55% or 5.8/10 from Bachelor degrees."", ""Some departments may have higher standards.""]}, {""subtitle"": ""English Requirement"", ""description"": [""English proficiency evidence may be needed.""]}]",2026-10-01,12 months,23875,GBP,"��4,000",0,,0,,6,5.5,82,Listening 17 Reading 18 Writing 17 Speaking 20,60,59,Global Talent Masters Scholarship,"��5,000",,"{""subtitle"": ""Scholarships"", ""description"": [""If you're an international student, took your undergraduate degree overseas or in the UK and are self-funding your postgraduate studies, you could be eligible for a scholarship""]}",MA,https://www.essex.ac.uk/courses/pg00641/1/ma-international-relations,,,,,,,
University of Essex,Creative Writing,Literature and Creative Writing,a four year undergraduate,2.75,,,"[{""subtitle"": ""Entry requirements"", ""description"": [""For Postgraduate Taught Masters, candidates from Band 1 or Band 2 institutions need 50% or 5.3/10, while those from other institutions require 55% or 5.8/10 from Bachelor degrees."", ""Some departments may have higher standards.""]}, {""subtitle"": ""English Requirement"", ""description"": [""English proficiency evidence may be needed.""]}]",2026-10-01,12 months,23875,GBP,"��4,000",0,,0,,6,5.5,82,Listening 17 Reading 18 Writing 17 Speaking 20,60,59,Global Talent Masters Scholarship,"��5,000",,"{""subtitle"": ""Scholarships"", ""description"": [""If you're an international student, took your undergraduate degree overseas or in the UK and are self-funding your postgraduate studies, you could be eligible for a scholarship""]}",MA,https://www.essex.ac.uk/courses/pg01373/1/ma-literature-and-creative-writing,,,,,,,
University of Essex,Management,Management and Organisational Dynamics (1 Year),a four year undergraduate,2.75,,,"[{""subtitle"": ""Entry requirements"", ""description"": [""For Postgraduate Taught Masters, candidates from Band 1 or Band 2 institutions need 50% or 5.3/10, while those from other institutions require 55% or 5.8/10 from Bachelor degrees."", ""Some departments may have higher standards.""]}, {""subtitle"": ""English Requirement"", ""description"": [""English proficiency evidence may be needed.""]}]",2026-10-01,12 months,23875,GBP,"��4,000",0,,0,,6,5.5,82,Listening 17 Reading 18 Writing 17 Speaking 20,60,59,Global Talent Masters Scholarship,"��5,000",,"{""subtitle"": ""Scholarships"", ""description"": [""If you're an international student, took your undergraduate degree overseas or in the UK and are self-funding your postgraduate studies, you could be eligible for a scholarship""]}",MA,https://www.essex.ac.uk/courses/pg00671/1/ma-management-and-organisational-dynamics,,,,,,,
University of Essex,Economics,Management Economics (1 Year),a four year undergraduate,2.75,,,"[{""subtitle"": ""Entry requirements"", ""description"": [""For Postgraduate Taught Masters, candidates from Band 1 or Band 2 institutions need 50% or 5.3/10, while those from other institutions require 55% or 5.8/10 from Bachelor degrees."", ""Some departments may have higher standards.""]}, {""subtitle"": ""English Requirement"", ""description"": [""English proficiency evidence may be needed.""]}]",2026-10-01,12 months,23500,GBP,"��4,000",0,,0,,6,5.5,82,Listening 17 Reading 18 Writing 17 Speaking 20,60,59,Global Talent Masters Scholarship,"��5,000",,"{""subtitle"": ""Scholarships"", ""description"": [""If you're an international student, took your undergraduate degree overseas or in the UK and are self-funding your postgraduate studies, you could be eligible for a scholarship""]}",MA,https://www.essex.ac.uk/courses/pg00673/2/ma-management-economics,,,,,,,
University of Essex,Philosophy,Philosophy (1 Year),a four year undergraduate,2.75,,,"[{""subtitle"": ""Entry requirements"", ""description"": [""For Postgraduate Taught Masters, candidates from Band 1 or Band 2 institutions need 50% or 5.3/10, while those from other institutions require 55% or 5.8/10 from Bachelor degrees."", ""Some departments may have higher standards.""]}, {""subtitle"": ""English Requirement"", ""description"": [""English proficiency evidence may be needed.""]}]",2026-10-01,12 months,23875,GBP,"��4,000",0,,0,,6,5.5,82,Listening 17 Reading 18 Writing 17 Speaking 20,60,59,Global Talent Masters Scholarship,"��5,000",,"{""subtitle"": ""Scholarships"", ""description"": [""If you're an international student, took your undergraduate degree overseas or in the UK and are self-funding your postgraduate studies, you could be eligible for a scholarship""]}",MA,https://www.essex.ac.uk/courses/pg00706/1/ma-philosophy,,,,,,,
University of Essex,Politics,Political Economy,a four year undergraduate,2.75,,,"[{""subtitle"": ""Entry requirements"", ""description"": [""For Postgraduate Taught Masters, candidates from Band 1 or Band 2 institutions need 50% or 5.3/10, while those from other institutions require 55% or 5.8/10 from Bachelor degrees."", ""Some departments may have higher standards.""]}, {""subtitle"": ""English Requirement"", ""description"": [""English proficiency evidence may be needed.""]}]",2026-10-01,12 months,23875,GBP,"��4,000",0,,0,,6,5.5,82,Listening 17 Reading 18 Writing 17 Speaking 20,60,59,Global Talent Masters Scholarship,"��5,000",,"{""subtitle"": ""Scholarships"", ""description"": [""If you're an international student, took your undergraduate degree overseas or in the UK and are self-funding your postgraduate studies, you could be eligible for a scholarship""]}",MA,https://www.essex.ac.uk/courses/pg00724/1/ma-political-economy,,,,,,,
University of Essex,Politics,Political Psychology,a four year undergraduate,2.75,,,"[{""subtitle"": ""Entry requirements"", ""description"": [""For Postgraduate Taught Masters, candidates from Band 1 or Band 2 institutions need 50% or 5.3/10, while those from other institutions require 55% or 5.8/10 from Bachelor degrees."", ""Some departments may have higher standards.""]}, {""subtitle"": ""English Requirement"", ""description"": [""English proficiency evidence may be needed.""]}]",2026-10-01,12 months,23875,GBP,"��4,000",0,,0,,6,5.5,82,Listening 17 Reading 18 Writing 17 Speaking 20,60,59,Global Talent Masters Scholarship,"��5,000",,"{""subtitle"": ""Scholarships"", ""description"": [""If you're an international student, took your undergraduate degree overseas or in the UK and are self-funding your postgraduate studies, you could be eligible for a scholarship""]}",MA,https://www.essex.ac.uk/courses/pg01517/1/ma-political-psychology,,,,,,,
University of Essex,Politics,Political Science,a four year undergraduate,2.75,,,"[{""subtitle"": ""Entry requirements"", ""description"": [""For Postgraduate Taught Masters, candidates from Band 1 or Band 2 institutions need 50% or 5.3/10, while those from other institutions require 55% or 5.8/10 from Bachelor degrees."", ""Some departments may have higher standards.""]}, {""subtitle"": ""English Requirement"", ""description"": [""English proficiency evidence may be needed.""]}]",2026-10-01,12 months,23875,GBP,"��4,000",0,,0,,6,5.5,82,Listening 17 Reading 18 Writing 17 Speaking 20,60,59,Global Talent Masters Scholarship,"��5,000",,"{""subtitle"": ""Scholarships"", ""description"": [""If you're an international student, took your undergraduate degree overseas or in the UK and are self-funding your postgraduate studies, you could be eligible for a scholarship""]}",MA,https://www.essex.ac.uk/courses/pg00725/1/ma-political-science,,,,,,,
University of Essex,Politics,Political Theory,a four year undergraduate,2.75,,,"[{""subtitle"": ""Entry requirements"", ""description"": [""For Postgraduate Taught Masters, candidates from Band 1 or Band 2 institutions need 50% or 5.3/10, while those from other institutions require 55% or 5.8/10 from Bachelor degrees."", ""Some departments may have higher standards.""]}, {""subtitle"": ""English Requirement"", ""description"": [""English proficiency evidence may be needed.""]}]",2026-10-01,12 months,23875,GBP,"��4,000",0,,0,,6,5.5,82,Listening 17 Reading 18 Writing 17 Speaking 20,60,59,Global Talent Masters Scholarship,"��5,000",,"{""subtitle"": ""Scholarships"", ""description"": [""If you're an international student, took your undergraduate degree overseas or in the UK and are self-funding your postgraduate studies, you could be eligible for a scholarship""]}",MA,https://www.essex.ac.uk/courses/pg00726/1/ma-political-theory,,,,,,,
University of Essex,Politics,Politics,a four year undergraduate,2.75,,,"[{""subtitle"": ""Entry requirements"", ""description"": [""For Postgraduate Taught Masters, candidates from Band 1 or Band 2 institutions need 50% or 5.3/10, while those from other institutions require 55% or 5.8/10 from Bachelor degrees."", ""Some departments may have higher standards.""]}, {""subtitle"": ""English Requirement"", ""description"": [""English proficiency evidence may be needed.""]}]",2026-10-01,12 months,23875,GBP,"��4,000",0,,0,,6,5.5,82,Listening 17 Reading 18 Writing 17 Speaking 20,60,59,Global Talent Masters Scholarship,"��5,000",,"{""subtitle"": ""Scholarships"", ""description"": [""If you're an international student, took your undergraduate degree overseas or in the UK and are self-funding your postgraduate studies, you could be eligible for a scholarship""]}",MA,https://www.essex.ac.uk/courses/PG00727/1/MA-Politics?startdate=24-01&studymode=FullTime&_cldee=FOJeTuRisMPyECPnGbjpN9551wwDcROOMpoXREKo6cT8GchxxiE4VKHHjYxFNZM9&recipientid=contact-c489ccbad017e81180ef005056342d86-fbf54b4c3e3b4d419235015213109044&utm_source=ClickDimensions&utm_medium=email&utm_campaign=Agent%20Comms%2021%2F22&esid=a36859db-5d14-ef11-9f89-6045bdd15e65,,,,,,,
University of Essex,Psychology,Psychoanalytic Studies,a four year undergraduate,2.75,,,"[{""subtitle"": ""Entry requirements"", ""description"": [""For Postgraduate Taught Masters, candidates from Band 1 or Band 2 institutions need 50% or 5.3/10, while those from other institutions require 55% or 5.8/10 from Bachelor degrees."", ""Some departments may have higher standards.""]}, {""subtitle"": ""English Requirement"", ""description"": [""English proficiency evidence may be needed.""]}]",2026-10-01,12 months,23875,GBP,"��4,000",0,,0,,6,5.5,82,Listening 17 Reading 18 Writing 17 Speaking 20,60,59,Global Talent Masters Scholarship,"��5,000",,"{""subtitle"": ""Scholarships"", ""description"": [""If you're an international student, took your undergraduate degree overseas or in the UK and are self-funding your postgraduate studies, you could be eligible for a scholarship""]}",MA,https://www.essex.ac.uk/courses/pg00747/1/ma-psychoanalytic-studies,,,,,,,
University of Essex,Psychology,Psycholinguistics,a four year undergraduate,2.75,,,"[{""subtitle"": ""Entry requirements"", ""description"": [""For Postgraduate Taught Masters, candidates from Band 1 or Band 2 institutions need 50% or 5.3/10, while those from other institutions require 55% or 5.8/10 from Bachelor degrees."", ""Some departments may have higher standards.""]}, {""subtitle"": ""English Requirement"", ""description"": [""English proficiency evidence may be needed.""]}]",2026-10-01,12 months,23875,GBP,"��4,000",0,,0,,6,5.5,82,Listening 17 Reading 18 Writing 17 Speaking 20,60,59,Global Talent Masters Scholarship,"��5,000",,"{""subtitle"": ""Scholarships"", ""description"": [""If you're an international student, took your undergraduate degree overseas or in the UK and are self-funding your postgraduate studies, you could be eligible for a scholarship""]}",MA,https://www.essex.ac.uk/courses/pg00751/1/ma-psycholinguistics,,,,,,,
University of Essex,Politics,Public Opinion and Political Behaviour,a four year undergraduate,2.75,,,"[{""subtitle"": ""Entry requirements"", ""description"": [""For Postgraduate Taught Masters, candidates from Band 1 or Band 2 institutions need 50% or 5.3/10, while those from other institutions require 55% or 5.8/10 from Bachelor degrees."", ""Some departments may have higher standards.""]}, {""subtitle"": ""English Requirement"", ""description"": [""English proficiency evidence may be needed.""]}]",2026-10-01,12 months,23875,GBP,"��4,000",0,,0,,6,5.5,82,Listening 17 Reading 18 Writing 17 Speaking 20,60,59,Global Talent Masters Scholarship,"��5,000",,"{""subtitle"": ""Scholarships"", ""description"": [""If you're an international student, took your undergraduate degree overseas or in the UK and are self-funding your postgraduate studies, you could be eligible for a scholarship""]}",MA,https://www.essex.ac.uk/courses/pg00761/1/ma-public-opinion-and-political-behaviour,,,,,,,
University of Essex,Politics,Social and Political Thought,a four year undergraduate,2.75,,,"[{""subtitle"": ""Entry requirements"", ""description"": [""For Postgraduate Taught Masters, candidates from Band 1 or Band 2 institutions need 50% or 5.3/10, while those from other institutions require 55% or 5.8/10 from Bachelor degrees."", ""Some departments may have higher standards.""]}, {""subtitle"": ""English Requirement"", ""description"": [""English proficiency evidence may be needed.""]}]",2026-10-01,12 months,23875,GBP,"��4,000",0,,0,,6,5.5,82,Listening 17 Reading 18 Writing 17 Speaking 20,60,59,Global Talent Masters Scholarship,"��5,000",,"{""subtitle"": ""Scholarships"", ""description"": [""If you're an international student, took your undergraduate degree overseas or in the UK and are self-funding your postgraduate studies, you could be eligible for a scholarship""]}",MA,https://www.essex.ac.uk/courses/pg01543/1/ma-social-and-political-thought,,,,,,,
University of Essex,Criminology,Sociology and Criminology,a four year undergraduate,2.75,,,"[{""subtitle"": ""Entry requirements"", ""description"": [""For Postgraduate Taught Masters, candidates from Band 1 or Band 2 institutions need 50% or 5.3/10, while those from other institutions require 55% or 5.8/10 from Bachelor degrees."", ""Some departments may have higher standards.""]}, {""subtitle"": ""English Requirement"", ""description"": [""English proficiency evidence may be needed.""]}]",2026-10-01,12 months,23875,GBP,"��4,000",0,,0,,6,5.5,82,Listening 17 Reading 18 Writing 17 Speaking 20,60,59,Global Talent Masters Scholarship,"��5,000",,"{""subtitle"": ""Scholarships"", ""description"": [""If you're an international student, took your undergraduate degree overseas or in the UK and are self-funding your postgraduate studies, you could be eligible for a scholarship""]}",MA,https://www.essex.ac.uk/courses/pg01378/1/ma-sociology-and-criminology,,,,,,,
University of Essex,Other,Teaching English to Speakers of Other Languages (TESOL),a four year undergraduate,2.75,,,"[{""subtitle"": ""Entry requirements"", ""description"": [""For Postgraduate Taught Masters, candidates from Band 1 or Band 2 institutions need 50% or 5.3/10, while those from other institutions require 55% or 5.8/10 from Bachelor degrees."", ""Some departments may have higher standards.""]}, {""subtitle"": ""English Requirement"", ""description"": [""English proficiency evidence may be needed.""]}]",2026-01-01,12 months,22750,GBP,"��4,000",0,,0,,6,5.5,82,Listening 17 Reading 18 Writing 17 Speaking 20,60,59,Global Talent Masters Scholarship,"��5,000",,"{""subtitle"": ""Scholarships"", ""description"": [""If you're an international student, took your undergraduate degree overseas or in the UK and are self-funding your postgraduate studies, you could be eligible for a scholarship""]}",MA,https://www.essex.ac.uk/courses/PG00815/1/MA-Teaching-English-to-Speakers-of-Other-Languages-TESOL?startdate=24-01&studymode=FullTime&_cldee=FOJeTuRisMPyECPnGbjpN9551wwDcROOMpoXREKo6cT8GchxxiE4VKHHjYxFNZM9&recipientid=contact-c489ccbad017e81180ef005056342d86-fbf54b4c3e3b4d419235015213109044&utm_source=ClickDimensions&utm_medium=email&utm_campaign=Agent%20Comms%2021%2F22&esid=a36859db-5d14-ef11-9f89-6045bdd15e65,,,,,,,
University of Essex,Politics,United States Politics,a four year undergraduate,2.75,,,"[{""subtitle"": ""Entry requirements"", ""description"": [""For Postgraduate Taught Masters, candidates from Band 1 or Band 2 institutions need 50% or 5.3/10, while those from other institutions require 55% or 5.8/10 from Bachelor degrees."", ""Some departments may have higher standards.""]}, {""subtitle"": ""English Requirement"", ""description"": [""English proficiency evidence may be needed.""]}]",2026-10-01,12 months,23875,GBP,"��4,000",0,,0,,6,5.5,82,Listening 17 Reading 18 Writing 17 Speaking 20,60,59,Global Talent Masters Scholarship,"��5,000",,"{""subtitle"": ""Scholarships"", ""description"": [""If you're an international student, took your undergraduate degree overseas or in the UK and are self-funding your postgraduate studies, you could be eligible for a scholarship""]}",MA,https://www.essex.ac.uk/courses/PG01139/1/MA-United-States-Politics?startdate=2024/25,,,,,,,
University of Essex,Social Work,Social Work,a four year undergraduate,2.75,,,"[{""subtitle"": ""Entry requirements"", ""description"": [""For Postgraduate Taught Masters, candidates from Band 1 or Band 2 institutions need 50% or 5.3/10, while those from other institutions require 55% or 5.8/10 from Bachelor degrees."", ""Some departments may have higher standards.""]}, {""subtitle"": ""English Requirement"", ""description"": [""English proficiency evidence may be needed.""]}]",2026-10-01,21 months,23875,GBP,"��4,000",0,,0,,6,5.5,82,Listening 17 Reading 18 Writing 17 Speaking 20,60,59,Global Talent Masters Scholarship,"��5,000",,"{""subtitle"": ""Scholarships"", ""description"": [""If you're an international student, took your undergraduate degree overseas or in the UK and are self-funding your postgraduate studies, you could be eligible for a scholarship""]}",MA,https://www.essex.ac.uk/courses/pg01325/1/ma-social-work,,,,,,,
University of Essex,Other,Psychodynamic Counselling and Psychotherapy (2 Years),a four year undergraduate,2.75,,,"[{""subtitle"": ""Entry requirements"", ""description"": [""For Postgraduate Taught Masters, candidates from Band 1 or Band 2 institutions need 50% or 5.3/10, while those from other institutions require 55% or 5.8/10 from Bachelor degrees."", ""Some departments may have higher standards.""]}, {""subtitle"": ""English Requirement"", ""description"": [""English proficiency evidence may be needed.""]}]",2026-10-01,24 months,11938,GBP,"��4,000",0,,0,,6,5.5,82,Listening 17 Reading 18 Writing 17 Speaking 20,60,59,Global Talent Masters Scholarship,"��5,000",,"{""subtitle"": ""Scholarships"", ""description"": [""If you're an international student, took your undergraduate degree overseas or in the UK and are self-funding your postgraduate studies, you could be eligible for a scholarship""]}",MA,https://www.essex.ac.uk/courses/PG00750/3/MA-Psychodynamic-Counselling-and-Psychotherapy,,,,,,,
University of Essex,Psychology,Psychodynamic Counselling,a four year undergraduate,2.75,,,"[{""subtitle"": ""Entry requirements"", ""description"": [""For Postgraduate Taught Masters, candidates from Band 1 or Band 2 institutions need 50% or 5.3/10, while those from other institutions require 55% or 5.8/10 from Bachelor degrees."", ""Some departments may have higher standards.""]}, {""subtitle"": ""English Requirement"", ""description"": [""English proficiency evidence may be needed.""]}]",2026-10-01,24 months,11375,GBP,"��4,000",0,,0,,6,5.5,82,Listening 17 Reading 18 Writing 17 Speaking 20,60,59,Global Talent Masters Scholarship,"��5,000",,"{""subtitle"": ""Scholarships"", ""description"": [""If you're an international student, took your undergraduate degree overseas or in the UK and are self-funding your postgraduate studies, you could be eligible for a scholarship""]}",MA,https://www.essex.ac.uk/courses/pg00750/3/ma-psychodynamic-counselling,,,,,,,
University of Essex,Other,Psychodynamic Counselling and Psychotherapy (3 Years),a four year undergraduate,2.75,,,"[{""subtitle"": ""Entry requirements"", ""description"": [""For Postgraduate Taught Masters, candidates from Band 1 or Band 2 institutions need 50% or 5.3/10, while those from other institutions require 55% or 5.8/10 from Bachelor degrees."", ""Some departments may have higher standards.""]}, {""subtitle"": ""English Requirement"", ""description"": [""English proficiency evidence may be needed.""]}]",2026-10-01,36 months,15758,GBP,"��4,000",0,,0,,6,5.5,82,Listening 17 Reading 18 Writing 17 Speaking 20,60,59,Global Talent Masters Scholarship,"��5,000",,"{""subtitle"": ""Scholarships"", ""description"": [""If you're an international student, took your undergraduate degree overseas or in the UK and are self-funding your postgraduate studies, you could be eligible for a scholarship""]}",MA,https://www.essex.ac.uk/courses/PG00750/2/MA-Psychodynamic-Counselling-and-Psychotherapy,,,,,,,
University of Essex,Psychology,Psychodynamic Counselling (3 year),a four year undergraduate,2.75,,,"[{""subtitle"": ""Entry requirements"", ""description"": [""For Postgraduate Taught Masters, candidates from Band 1 or Band 2 institutions need 50% or 5.3/10, while those from other institutions require 55% or 5.8/10 from Bachelor degrees."", ""Some departments may have higher standards.""]}, {""subtitle"": ""English Requirement"", ""description"": [""English proficiency evidence may be needed.""]}]",2026-10-01,36 months,15015,GBP,"��4,000",0,,0,,6,5.5,82,Listening 17 Reading 18 Writing 17 Speaking 20,60,59,Global Talent Masters Scholarship,"��5,000",,"{""subtitle"": ""Scholarships"", ""description"": [""If you're an international student, took your undergraduate degree overseas or in the UK and are self-funding your postgraduate studies, you could be eligible for a scholarship""]}",MA,https://www.essex.ac.uk/courses/pg00750/2/ma-psychodynamic-counselling,,,,,,,
University of Essex,Creative Writing,Literature: Creative Writing (Integrated),IB,60,,60,"[{""subtitle"": ""Entry requirements"", ""description"": [""To be eligible for most Undergraduate Bachelor degree courses, applicants must have an average of 60% in the best four subjects from Indian high school qualifications."", ""Achieving 70% in English from CBSE or CISCE exempts from additional English tests."", ""Some courses may have higher requirements.""]}, {""subtitle"": ""English Requirement"", ""description"": [""If not exempt, English test scores are needed.""]}]",2026-10-01,48 months,21500,GBP,,0,,0,,,,,,,,,,,,MA,"https://www.essex.ac.uk/courses/ug00088/3/integrated-master-in-literature,-c-,-creative-writing?startdate=26-10",,,,,,,
University of Essex,Economics,International Economics Management (Integrated),IB,60,,60,"[{""subtitle"": ""Entry requirements"", ""description"": [""To be eligible for most Undergraduate Bachelor degree courses, applicants must have an average of 60% in the best four subjects from Indian high school qualifications."", ""Achieving 70% in English from CBSE or CISCE exempts from additional English tests."", ""Some courses may have higher requirements.""]}, {""subtitle"": ""English Requirement"", ""description"": [""If not exempt, English test scores are needed.""]}]",2026-10-01,48 months,21525,GBP,,0,,0,,,,,,,,,,,,MA,"https://www.essex.ac.uk/courses/ug00218/6/integrated-master-in-economics,-c-,-international-economics",,,,,,,
University of Essex,Law,Law (Integrated),IB,60,,60,"[{""subtitle"": ""Entry requirements"", ""description"": [""To be eligible for most Undergraduate Bachelor degree courses, applicants must have an average of 60% in the best four subjects from Indian high school qualifications."", ""Achieving 70% in English from CBSE or CISCE exempts from additional English tests."", ""Some courses may have higher requirements.""]}, {""subtitle"": ""English Requirement"", ""description"": [""If not exempt, English test scores are needed.""]}]",2026-10-01,48 months,21525,GBP,,0,,0,,,,,,,,,,,,MA,"https://www.essex.ac.uk/courses/ug00235/3/integrated-master-in-law,-c-,-law",,,,,,,
University of Essex,International Relations,Politics and International Relations (Integrated),IB,60,,60,"[{""subtitle"": ""Entry requirements"", ""description"": [""To be eligible for most Undergraduate Bachelor degree courses, applicants must have an average of 60% in the best four subjects from Indian high school qualifications."", ""Achieving 70% in English from CBSE or CISCE exempts from additional English tests."", ""Some courses may have higher requirements.""]}, {""subtitle"": ""English Requirement"", ""description"": [""If not exempt, English test scores are needed.""]}]",2026-10-01,48 months,21525,GBP,,0,,0,,,,,,,,,,,,MA,"https://www.essex.ac.uk/courses/ug01124/3/integrated-master-in-politics,-c-,-politics-and-international-relations",,,,,,,
University of Essex,Accounting and Finance,Financial Economics (Integrated),IB,60,,60,"[{""subtitle"": ""Entry requirements"", ""description"": [""To be eligible for most Undergraduate Bachelor degree courses, applicants must have an average of 60% in the best four subjects from Indian high school qualifications."", ""Achieving 70% in English from CBSE or CISCE exempts from additional English tests."", ""Some courses may have higher requirements.""]}, {""subtitle"": ""English Requirement"", ""description"": [""If not exempt, English test scores are needed.""]}]",2026-10-01,48 months,22600,GBP,,0,,0,,,,,,,,,,,,MA,"https://www.essex.ac.uk/courses/ug00172/6/integrated-master-in-economics,-c-,-financial-economics?startdate=26-10&coursecode=L131",,,,,,,
University of Essex,Economics,Economics: Management Economics (Integrated),IB,60,,60,"[{""subtitle"": ""Entry requirements"", ""description"": [""To be eligible for most Undergraduate Bachelor degree courses, applicants must have an average of 60% in the best four subjects from Indian high school qualifications."", ""Achieving 70% in English from CBSE or CISCE exempts from additional English tests."", ""Some courses may have higher requirements.""]}, {""subtitle"": ""English Requirement"", ""description"": [""If not exempt, English test scores are needed.""]}]",2026-10-01,48 months,22600,GBP,,0,,0,,,,,,,,,,,,MA,"https://www.essex.ac.uk/courses/ug00258/7/integrated-master-in-economics,-c-,-management-economics?startdate=26-10&coursecode=L133",,,,,,,
University of Essex,Mathematics,Mathematics: Mathematics (Integrated),IB,60,,60,"[{""subtitle"": ""Entry requirements"", ""description"": [""To be eligible for most Undergraduate Bachelor degree courses, applicants must have an average of 60% in the best four subjects from Indian high school qualifications."", ""Achieving 70% in English from CBSE or CISCE exempts from additional English tests."", ""Some courses may have higher requirements.""]}, {""subtitle"": ""English Requirement"", ""description"": [""If not exempt, English test scores are needed.""]}]",2026-10-01,48 months,22600,GBP,,0,,0,,,,,,,,,,,,MA,"https://www.essex.ac.uk/courses/ug00269/3/integrated-master-in-mathematics,-c-,-mathematics?startdate=26-10",,,,,,,
University of Essex,International Relations,Politics: International Relations (Integrated Master),IB,60,,60,"[{""subtitle"": ""Entry requirements"", ""description"": [""To be eligible for most Undergraduate Bachelor degree courses, applicants must have an average of 60% in the best four subjects from Indian high school qualifications."", ""Achieving 70% in English from CBSE or CISCE exempts from additional English tests."", ""Some courses may have higher requirements.""]}, {""subtitle"": ""English Requirement"", ""description"": [""If not exempt, English test scores are needed.""]}]",2026-10-01,48 months,22600,GBP,,0,,0,,,,,,,,,,,,MA,"https://www.essex.ac.uk/courses/ug00221/4/integrated-master-in-politics,-c-,-international-relations?startdate=26-10&coursecode=L268",,,,,,,
University of Essex,International Relations,Politics:International Relations (Integrated Master) (with Placement Year),IB,60,,60,"[{""subtitle"": ""Entry requirements"", ""description"": [""To be eligible for most Undergraduate Bachelor degree courses, applicants must have an average of 60% in the best four subjects from Indian high school qualifications."", ""Achieving 70% in English from CBSE or CISCE exempts from additional English tests."", ""Some courses may have higher requirements.""]}, {""subtitle"": ""English Requirement"", ""description"": [""If not exempt, English test scores are needed.""]}]",2026-10-01,48 months,22600,GBP,,0,,0,,,,,,,,,,,,MA,"https://www.essex.ac.uk/courses/ug00221/4/integrated-master-in-politics,-c-,-international-relations?startdate=26-10&coursecode=L269",,,,,,,
University of Essex,International Relations,Politics:International Relations (Integrated Master) (with Year Abroad),IB,60,,60,"[{""subtitle"": ""Entry requirements"", ""description"": [""To be eligible for most Undergraduate Bachelor degree courses, applicants must have an average of 60% in the best four subjects from Indian high school qualifications."", ""Achieving 70% in English from CBSE or CISCE exempts from additional English tests."", ""Some courses may have higher requirements.""]}, {""subtitle"": ""English Requirement"", ""description"": [""If not exempt, English test scores are needed.""]}]",2026-10-01,48 months,22600,GBP,,0,,0,,,,,,,,,,,,MA,"https://www.essex.ac.uk/courses/ug00221/4/integrated-master-in-politics,-c-,-international-relations?startdate=26-10&coursecode=L370",,,,,,,
University of Essex,International Relations,Politics and International Relations (Integrated) (with Placement Year),IB,60,,60,"[{""subtitle"": ""Entry requirements"", ""description"": [""To be eligible for most Undergraduate Bachelor degree courses, applicants must have an average of 60% in the best four subjects from Indian high school qualifications."", ""Achieving 70% in English from CBSE or CISCE exempts from additional English tests."", ""Some courses may have higher requirements.""]}, {""subtitle"": ""English Requirement"", ""description"": [""If not exempt, English test scores are needed.""]}]",2026-10-01,48 months,22600,GBP,,0,,0,,,,,,,,,,,,MA,"https://www.essex.ac.uk/courses/ug01124/3/integrated-master-in-politics,-c-,-politics-and-international-relations?startdate=26-10&coursecode=L235",,,,,,,
University of Essex,International Relations,Politics and International Relations (Integrated) (with Year Abroad),IB,60,,60,"[{""subtitle"": ""Entry requirements"", ""description"": [""To be eligible for most Undergraduate Bachelor degree courses, applicants must have an average of 60% in the best four subjects from Indian high school qualifications."", ""Achieving 70% in English from CBSE or CISCE exempts from additional English tests."", ""Some courses may have higher requirements.""]}, {""subtitle"": ""English Requirement"", ""description"": [""If not exempt, English test scores are needed.""]}]",2026-10-01,48 months,22600,GBP,,0,,0,,,,,,,,,,,,MA,"https://www.essex.ac.uk/courses/ug01124/3/integrated-master-in-politics,-c-,-politics-and-international-relations?startdate=26-10&coursecode=L236",,,,,,,
University of Essex,Creative Writing,Literature and Creative Writing (Integrated),IB,60,,60,"[{""subtitle"": ""Entry requirements"", ""description"": [""To be eligible for most Undergraduate Bachelor degree courses, applicants must have an average of 60% in the best four subjects from Indian high school qualifications."", ""Achieving 70% in English from CBSE or CISCE exempts from additional English tests."", ""Some courses may have higher requirements.""]}, {""subtitle"": ""English Requirement"", ""description"": [""If not exempt, English test scores are needed.""]}]",2026-10-01,48 months,21500,GBP,,0,,0,,,,,,,,,,,,MA,https://www.essex.ac.uk/courses/UG01055/3/Integrated-Master-in-Literature-Literature-and-Creative-Writing,,,,,,,
University of Essex,Management,Marketing and Management (Integrated) (with Placement Year),IB,60,,60,"[{""subtitle"": ""Entry requirements"", ""description"": [""To be eligible for most Undergraduate Bachelor degree courses, applicants must have an average of 60% in the best four subjects from Indian high school qualifications."", ""Achieving 70% in English from CBSE or CISCE exempts from additional English tests."", ""Some courses may have higher requirements.""]}, {""subtitle"": ""English Requirement"", ""description"": [""If not exempt, English test scores are needed.""]}]",2026-10-01,48 months,22600,GBP,,0,,0,,,,,,,,,,,,MA,https://www.essex.ac.uk/courses/UG01392/1/Integrated-Master-in-Management-Marketing-and-Management?coursecode=NN36,,,,,,,
University of Essex,Management,Marketing and Management (Integrated) (with Year Abroad),IB,60,,60,"[{""subtitle"": ""Entry requirements"", ""description"": [""To be eligible for most Undergraduate Bachelor degree courses, applicants must have an average of 60% in the best four subjects from Indian high school qualifications."", ""Achieving 70% in English from CBSE or CISCE exempts from additional English tests."", ""Some courses may have higher requirements.""]}, {""subtitle"": ""English Requirement"", ""description"": [""If not exempt, English test scores are needed.""]}]",2026-10-01,48 months,22600,GBP,,0,,0,,,,,,,,,,,,MA,https://www.essex.ac.uk/courses/UG01392/1/Integrated-Master-in-Management-Marketing-and-Management?coursecode=NN37,,,,,,,
University of Essex,Management,Marketing and Management (Integrated),IB,60,,60,"[{""subtitle"": ""Entry requirements"", ""description"": [""To be eligible for most Undergraduate Bachelor degree courses, applicants must have an average of 60% in the best four subjects from Indian high school qualifications."", ""Achieving 70% in English from CBSE or CISCE exempts from additional English tests."", ""Some courses may have higher requirements.""]}, {""subtitle"": ""English Requirement"", ""description"": [""If not exempt, English test scores are needed.""]}]",2026-10-01,48 months,22600,GBP,,0,,0,,,,,,,,,,,,MA,https://www.essex.ac.uk/courses/UG01392/1/Integrated-Master-in-Management-Marketing-and-Management,,,,,,,
University of Essex,Economics,International Economics (Integrated) (with Placement Year),IB,60,,60,"[{""subtitle"": ""Entry requirements"", ""description"": [""To be eligible for most Undergraduate Bachelor degree courses, applicants must have an average of 60% in the best four subjects from Indian high school qualifications."", ""Achieving 70% in English from CBSE or CISCE exempts from additional English tests."", ""Some courses may have higher requirements.""]}, {""subtitle"": ""English Requirement"", ""description"": [""If not exempt, English test scores are needed.""]}]",2026-10-01,60 months,21525,GBP,,0,,0,,,,,,,,,,,,MA,https://www.essex.ac.uk/courses/UG00218/6/Integrated-Master-in-Economics-International-Economics?coursecode=LC32,,,,,,,
University of Essex,Law,Law (Integrated) (with Year Abroad),IB,60,,60,"[{""subtitle"": ""Entry requirements"", ""description"": [""To be eligible for most Undergraduate Bachelor degree courses, applicants must have an average of 60% in the best four subjects from Indian high school qualifications."", ""Achieving 70% in English from CBSE or CISCE exempts from additional English tests."", ""Some courses may have higher requirements.""]}, {""subtitle"": ""English Requirement"", ""description"": [""If not exempt, English test scores are needed.""]}]",2026-10-01,60 months,21525,GBP,,0,,0,,,,,,,,,,,,MA,https://www.essex.ac.uk/courses/UG00235/3/Integrated-Master-in-Law-Law?coursecode=MA99,,,,,,,
University of Essex,Law,Law (Integrated) (with Placement Year),IB,60,,60,"[{""subtitle"": ""Entry requirements"", ""description"": [""To be eligible for most Undergraduate Bachelor degree courses, applicants must have an average of 60% in the best four subjects from Indian high school qualifications."", ""Achieving 70% in English from CBSE or CISCE exempts from additional English tests."", ""Some courses may have higher requirements.""]}, {""subtitle"": ""English Requirement"", ""description"": [""If not exempt, English test scores are needed.""]}]",2026-10-01,60 months,21525,GBP,,0,,0,,,,,,,,,,,,MA,https://www.essex.ac.uk/courses/UG00235/3/Integrated-Master-in-Law-Law?coursecode=MA98,,,,,,,
University of Essex,Economics,International Economics Management (Integrated) (with Year Abroad),,,,,,2026-10-01,60 months,21525,GBP,,0,,0,,,,,,,,,,,,MA,"https://www.essex.ac.uk/courses/ug00218/6/integrated-master-in-economics,-c-,-international-economics?coursecode=LC33",,,,,,,
University of Essex,Economics,Management Economics (Integrated) (with Placement Year),IB,60,,60,"[{""subtitle"": ""Entry requirements"", ""description"": [""To be eligible for most Undergraduate Bachelor degree courses, applicants must have an average of 60% in the best four subjects from Indian high school qualifications."", ""Achieving 70% in English from CBSE or CISCE exempts from additional English tests."", ""Some courses may have higher requirements.""]}, {""subtitle"": ""English Requirement"", ""description"": [""If not exempt, English test scores are needed.""]}]",2026-10-01,60 months,21525,GBP,,0,,0,,,,,,,,,,,,MA,"https://www.essex.ac.uk/courses/ug00258/7/integrated-master-in-economics,-c-,-management-economics?coursecode=L134",,,,,,,
University of Essex,Accounting and Finance,Financial Economics (Integrated) (with Placement Year),IB,60,,60,"[{""subtitle"": ""Entry requirements"", ""description"": [""To be eligible for most Undergraduate Bachelor degree courses, applicants must have an average of 60% in the best four subjects from Indian high school qualifications."", ""Achieving 70% in English from CBSE or CISCE exempts from additional English tests."", ""Some courses may have higher requirements.""]}, {""subtitle"": ""English Requirement"", ""description"": [""If not exempt, English test scores are needed.""]}]",2026-10-01,60 months,22600,GBP,,0,,0,,,,,,,,,,,,MA,"https://www.essex.ac.uk/courses/ug00172/6/integrated-master-in-economics,-c-,-financial-economics?startdate=26-10&coursecode=LB31",,,,,,,
University of Essex,Accounting and Finance,Financial Economics (Integrated) (with Year Abroad),IB,60,,60,"[{""subtitle"": ""Entry requirements"", ""description"": [""To be eligible for most Undergraduate Bachelor degree courses, applicants must have an average of 60% in the best four subjects from Indian high school qualifications."", ""Achieving 70% in English from CBSE or CISCE exempts from additional English tests."", ""Some courses may have higher requirements.""]}, {""subtitle"": ""English Requirement"", ""description"": [""If not exempt, English test scores are needed.""]}]",2026-10-01,60 months,22600,GBP,,0,,0,,,,,,,,,,,,MA,"https://www.essex.ac.uk/courses/ug00172/6/integrated-master-in-economics,-c-,-financial-economics?startdate=26-10&coursecode=LB32",,,,,,,
University of Essex,Economics,Economics: Management Economics (Integrated) (with Placement Year),IB,60,,60,"[{""subtitle"": ""Entry requirements"", ""description"": [""To be eligible for most Undergraduate Bachelor degree courses, applicants must have an average of 60% in the best four subjects from Indian high school qualifications."", ""Achieving 70% in English from CBSE or CISCE exempts from additional English tests."", ""Some courses may have higher requirements.""]}, {""subtitle"": ""English Requirement"", ""description"": [""If not exempt, English test scores are needed.""]}]",2026-10-01,60 months,22600,GBP,,0,,0,,,,,,,,,,,,MA,"https://www.essex.ac.uk/courses/ug00218/6/integrated-master-in-economics,-c-,-international-economics?coursecode=LC32&startdate=26-10",,,,,,,
University of Essex,Economics,Economics: Management Economics (Integrated) (with Year Abroad),IB,60,,60,"[{""subtitle"": ""Entry requirements"", ""description"": [""To be eligible for most Undergraduate Bachelor degree courses, applicants must have an average of 60% in the best four subjects from Indian high school qualifications."", ""Achieving 70% in English from CBSE or CISCE exempts from additional English tests."", ""Some courses may have higher requirements.""]}, {""subtitle"": ""English Requirement"", ""description"": [""If not exempt, English test scores are needed.""]}]",2026-10-01,60 months,22600,GBP,,0,,0,,,,,,,,,,,,MA,"https://www.essex.ac.uk/courses/ug00218/6/integrated-master-in-economics,-c-,-international-economics?coursecode=LC33&startdate=26-10",,,,,,,
University of Essex,Economics,Economics (Integrated) (with Placement Year),IB,60,,60,"[{""subtitle"": ""Entry requirements"", ""description"": [""To be eligible for most Undergraduate Bachelor degree courses, applicants must have an average of 60% in the best four subjects from Indian high school qualifications."", ""Achieving 70% in English from CBSE or CISCE exempts from additional English tests."", ""Some courses may have higher requirements.""]}, {""subtitle"": ""English Requirement"", ""description"": [""If not exempt, English test scores are needed.""]}]",2026-10-01,60 months,22600,GBP,,0,,0,,,,,,,,,,,,MA,https://www.essex.ac.uk/courses/UG00103/8/Integrated-Master-in-Economics-Economics?startdate=2024/25,,,,,,,
University of Essex,Business and Management,Business Management,a four year undergraduate,2.75,,,"[{""subtitle"": ""Entry requirements"", ""description"": [""For Postgraduate Taught Masters, candidates from Band 1 or Band 2 institutions need 50% or 5.3/10, while those from other institutions require 55% or 5.8/10 from Bachelor degrees."", ""Some departments may have higher standards.""]}, {""subtitle"": ""English Requirement"", ""description"": [""English proficiency evidence may be needed.""]}]",2026-01-01,12 months,23500,GBP,"��4,000",0,,0,,6,5.5,82,Listening 17 Reading 18 Writing 17 Speaking 20,60,59,Global Talent Masters Scholarship,"��5,000",,"{""subtitle"": ""Scholarships"", ""description"": [""If you're an international student, took your undergraduate degree overseas or in the UK and are self-funding your postgraduate studies, you could be eligible for a scholarship""]}",MBA,https://www.essex.ac.uk/courses/PG01101/2/Master-of-Business-Management-MBM?startdate=24-01&studymode=FullTime&_cldee=FOJeTuRisMPyECPnGbjpN9551wwDcROOMpoXREKo6cT8GchxxiE4VKHHjYxFNZM9&recipientid=contact-c489ccbad017e81180ef005056342d86-fbf54b4c3e3b4d419235015213109044&utm_source=ClickDimensions&utm_medium=email&utm_campaign=Agent%20Comms%2021%2F22&esid=a36859db-5d14-ef11-9f89-6045bdd15e65,,,,,,,
University of Essex,MBA,MBA (The Essex),a four year undergraduate,2.75,,,"[{""subtitle"": ""Entry requirements"", ""description"": [""For Postgraduate Taught Masters, candidates from Band 1 or Band 2 institutions need 50% or 5.3/10, while those from other institutions require 55% or 5.8/10 from Bachelor degrees."", ""Some departments may have higher standards.""]}, {""subtitle"": ""English Requirement"", ""description"": [""English proficiency evidence may be needed.""]}]",2026-10-01,12 months,28000,GBP,"��4,000",0,,0,,6,5.5,82,Listening 17 Reading 18 Writing 17 Speaking 20,60,59,Global Talent Masters Scholarship,"��5,000",,"{""subtitle"": ""Scholarships"", ""description"": [""If you're an international student, took your undergraduate degree overseas or in the UK and are self-funding your postgraduate studies, you could be eligible for a scholarship""]}",MBA,"https://www.essex.ac.uk/courses/pg00472/1/master-of-business-administration,-c-,-the-essex-mba",,,,,,,
University of Essex,MBA,MBA (The Essex) (2 Years),a four year undergraduate,2.75,,,"[{""subtitle"": ""Entry requirements"", ""description"": [""For Postgraduate Taught Masters, candidates from Band 1 or Band 2 institutions need 50% or 5.3/10, while those from other institutions require 55% or 5.8/10 from Bachelor degrees."", ""Some departments may have higher standards.""]}, {""subtitle"": ""English Requirement"", ""description"": [""English proficiency evidence may be needed.""]}]",2026-10-01,24 months,14000,GBP,"��4,000",0,,0,,6,5.5,82,Listening 17 Reading 18 Writing 17 Speaking 20,60,59,Global Talent Masters Scholarship,"��5,000",,"{""subtitle"": ""Scholarships"", ""description"": [""If you're an international student, took your undergraduate degree overseas or in the UK and are self-funding your postgraduate studies, you could be eligible for a scholarship""]}",MBA,"https://www.essex.ac.uk/courses/pg00472/2/master-of-business-administration,-c-,-the-essex-mba",,,,,,,
University of Essex,MBA,MBA (The Essex) (3 Years),a four year undergraduate,2.75,,,"[{""subtitle"": ""Entry requirements"", ""description"": [""For Postgraduate Taught Masters, candidates from Band 1 or Band 2 institutions need 50% or 5.3/10, while those from other institutions require 55% or 5.8/10 from Bachelor degrees."", ""Some departments may have higher standards.""]}, {""subtitle"": ""English Requirement"", ""description"": [""English proficiency evidence may be needed.""]}]",2026-10-01,36 months,9333,GBP,"��4,000",0,,0,,6,5.5,82,Listening 17 Reading 18 Writing 17 Speaking 20,60,59,Global Talent Masters Scholarship,"��5,000",,"{""subtitle"": ""Scholarships"", ""description"": [""If you're an international student, took your undergraduate degree overseas or in the UK and are self-funding your postgraduate studies, you could be eligible for a scholarship""]}",MBA,"https://www.essex.ac.uk/courses/pg00472/4/master-of-business-administration,-c-,-the-essex-mba",,,,,,,
University of Essex,MBA,MBA (The Essex) (5 Years),a four year undergraduate,2.75,,,"[{""subtitle"": ""Entry requirements"", ""description"": [""For Postgraduate Taught Masters, candidates from Band 1 or Band 2 institutions need 50% or 5.3/10, while those from other institutions require 55% or 5.8/10 from Bachelor degrees."", ""Some departments may have higher standards.""]}, {""subtitle"": ""English Requirement"", ""description"": [""English proficiency evidence may be needed.""]}]",2026-01-01,60 months,5000,GBP,"��4,000",0,,0,,6,5.5,82,Listening 17 Reading 18 Writing 17 Speaking 20,60,59,Global Talent Masters Scholarship,"��5,000",,"{""subtitle"": ""Scholarships"", ""description"": [""If you're an international student, took your undergraduate degree overseas or in the UK and are self-funding your postgraduate studies, you could be eligible for a scholarship""]}",MBA,"https://www.essex.ac.uk/courses/pg00472/5/master-of-business-administration,-c-,-the-essex-mba",,,,,,,
University of Essex,Biology,Cancer Biology (by Dissertation),a four year undergraduate,2.75,,,"[{""subtitle"": ""Entry requirements"", ""description"": [""For Postgraduate Taught Masters, candidates from Band 1 or Band 2 institutions need 50% or 5.3/10, while those from other institutions require 55% or 5.8/10 from Bachelor degrees."", ""Some departments may have higher standards.""]}, {""subtitle"": ""English Requirement"", ""description"": [""English proficiency evidence may be needed.""]}]",2026-10-01,12 months,18750,GBP,"��4,000",0,,0,,6,5.5,82,Listening 17 Reading 18 Writing 17 Speaking 20,60,59,Global Talent Masters Scholarship,"��5,000",,"{""subtitle"": ""Scholarships"", ""description"": [""If you're an international student, took your undergraduate degree overseas or in the UK and are self-funding your postgraduate studies, you could be eligible for a scholarship""]}",Mres,https://www.essex.ac.uk/courses/PR01624/3/MSc-by-Dissertation-Cancer-Biology,,,,,,,
University of Essex,Accounting and Finance,Accounting (1 Year),a four year undergraduate,2.75,,,"[{""subtitle"": ""Entry requirements"", ""description"": [""For Postgraduate Taught Masters, candidates from Band 1 or Band 2 institutions need 50% or 5.3/10, while those from other institutions require 55% or 5.8/10 from Bachelor degrees."", ""Some departments may have higher standards.""]}, {""subtitle"": ""English Requirement"", ""description"": [""English proficiency evidence may be needed.""]}]",2026-10-01,12 months,24675,GBP,"��4,000",0,,0,,6,5.5,82,Listening 17 Reading 18 Writing 17 Speaking 20,60,59,Global Talent Masters Scholarship,"��5,000",,"{""subtitle"": ""Scholarships"", ""description"": [""If you're an international student, took your undergraduate degree overseas or in the UK and are self-funding your postgraduate studies, you could be eligible for a scholarship""]}",Mres,https://www.essex.ac.uk/courses/PG00425/4/MRes-Accounting,,,,,,,
University of Essex,Economics,Economics (Colchester Campus),a four year undergraduate,2.75,,,"[{""subtitle"": ""Entry requirements"", ""description"": [""For Postgraduate Taught Masters, candidates from Band 1 or Band 2 institutions need 50% or 5.3/10, while those from other institutions require 55% or 5.8/10 from Bachelor degrees."", ""Some departments may have higher standards.""]}, {""subtitle"": ""English Requirement"", ""description"": [""English proficiency evidence may be needed.""]}]",2026-10-01,12 months,24675,GBP,"��4,000",0,,0,,6,5.5,82,Listening 17 Reading 18 Writing 17 Speaking 20,60,59,Global Talent Masters Scholarship,"��5,000",,"{""subtitle"": ""Scholarships"", ""description"": [""If you're an international student, took your undergraduate degree overseas or in the UK and are self-funding your postgraduate studies, you could be eligible for a scholarship""]}",Mres,https://www.essex.ac.uk/courses/pg00542/2/mres-economics,,,,,,,
University of Essex,Accounting and Finance,Finance,a four year undergraduate,2.75,,,"[{""subtitle"": ""Entry requirements"", ""description"": [""For Postgraduate Taught Masters, candidates from Band 1 or Band 2 institutions need 50% or 5.3/10, while those from other institutions require 55% or 5.8/10 from Bachelor degrees."", ""Some departments may have higher standards.""]}, {""subtitle"": ""English Requirement"", ""description"": [""English proficiency evidence may be needed.""]}]",2026-10-01,12 months,24675,GBP,"��4,000",0,,0,,6,5.5,82,Listening 17 Reading 18 Writing 17 Speaking 20,60,59,Global Talent Masters Scholarship,"��5,000",,"{""subtitle"": ""Scholarships"", ""description"": [""If you're an international student, took your undergraduate degree overseas or in the UK and are self-funding your postgraduate studies, you could be eligible for a scholarship""]}",Mres,https://www.essex.ac.uk/courses/pg00579/2/mres-finance,,,,,,,
University of Essex,Management,Management Research,a four year undergraduate,2.75,,,"[{""subtitle"": ""Entry requirements"", ""description"": [""For Postgraduate Taught Masters, candidates from Band 1 or Band 2 institutions need 50% or 5.3/10, while those from other institutions require 55% or 5.8/10 from Bachelor degrees."", ""Some departments may have higher standards.""]}, {""subtitle"": ""English Requirement"", ""description"": [""English proficiency evidence may be needed.""]}]",2026-10-01,12 months,24675,GBP,"��4,000",0,,0,,6,5.5,82,Listening 17 Reading 18 Writing 17 Speaking 20,60,59,Global Talent Masters Scholarship,"��5,000",,"{""subtitle"": ""Scholarships"", ""description"": [""If you're an international student, took your undergraduate degree overseas or in the UK and are self-funding your postgraduate studies, you could be eligible for a scholarship""]}",Mres,https://www.essex.ac.uk/courses/pg00430/1/mres-management-and-organisations,,,,,,,
University of Essex,Health Professions,Health and Care Research,a four year undergraduate,2.75,,,"[{""subtitle"": ""Entry requirements"", ""description"": [""For Postgraduate Taught Masters, candidates from Band 1 or Band 2 institutions need 50% or 5.3/10, while those from other institutions require 55% or 5.8/10 from Bachelor degrees."", ""Some departments may have higher standards.""]}, {""subtitle"": ""English Requirement"", ""description"": [""English proficiency evidence may be needed.""]}]",2026-10-01,24 months,12000,GBP,"��4,000",0,,0,,6,5.5,82,Listening 17 Reading 18 Writing 17 Speaking 20,60,59,Global Talent Masters Scholarship,"��5,000",,"{""subtitle"": ""Scholarships"", ""description"": [""If you're an international student, took your undergraduate degree overseas or in the UK and are self-funding your postgraduate studies, you could be eligible for a scholarship""]}",Mres,https://www.essex.ac.uk/courses/PG00366/2/MRes-Health-and-Care-Research,,,,,,,
University of Essex,Biology,Cell and Molecular Biology (by Dissertation),a four year undergraduate,2.75,,,"[{""subtitle"": ""Entry requirements"", ""description"": [""For Postgraduate Taught Masters, candidates from Band 1 or Band 2 institutions need 50% or 5.3/10, while those from other institutions require 55% or 5.8/10 from Bachelor degrees."", ""Some departments may have higher standards.""]}, {""subtitle"": ""English Requirement"", ""description"": [""English proficiency evidence may be needed.""]}]",2026-10-01,24 months,22550,GBP,"��4,000",0,,0,,6,5.5,82,Listening 17 Reading 18 Writing 17 Speaking 20,60,59,Global Talent Masters Scholarship,"��5,000",,"{""subtitle"": ""Scholarships"", ""description"": [""If you're an international student, took your undergraduate degree overseas or in the UK and are self-funding your postgraduate studies, you could be eligible for a scholarship""]}",Mres,https://www.essex.ac.uk/courses/PR00876/3/MSc-by-Dissertation-Cell-and-Molecular-Biology,,,,,,,
University of Essex,Accounting and Finance,Computational Finance (by Dissertation),a four year undergraduate,2.75,,,"[{""subtitle"": ""Entry requirements"", ""description"": [""For Postgraduate Taught Masters, candidates from Band 1 or Band 2 institutions need 50% or 5.3/10, while those from other institutions require 55% or 5.8/10 from Bachelor degrees."", ""Some departments may have higher standards.""]}, {""subtitle"": ""English Requirement"", ""description"": [""English proficiency evidence may be needed.""]}]",2026-10-01,24 months,20625,GBP,"��4,000",0,,0,,6,5.5,82,Listening 17 Reading 18 Writing 17 Speaking 20,60,59,Global Talent Masters Scholarship,"��5,000",,"{""subtitle"": ""Scholarships"", ""description"": [""If you're an international student, took your undergraduate degree overseas or in the UK and are self-funding your postgraduate studies, you could be eligible for a scholarship""]}",Mres,https://www.essex.ac.uk/courses/pr00884/3/msc-(by-dissertation)-computational-finance,,,,,,,
University of Essex,Computer Science,Computer Science (by Dissertation),a four year undergraduate,2.75,,,"[{""subtitle"": ""Entry requirements"", ""description"": [""For Postgraduate Taught Masters, candidates from Band 1 or Band 2 institutions need 50% or 5.3/10, while those from other institutions require 55% or 5.8/10 from Bachelor degrees."", ""Some departments may have higher standards.""]}, {""subtitle"": ""English Requirement"", ""description"": [""English proficiency evidence may be needed.""]}]",2026-01-01,24 months,19650,GBP,"��4,000",0,,0,,6,5.5,82,Listening 17 Reading 18 Writing 17 Speaking 20,60,59,Global Talent Masters Scholarship,"��5,000",,"{""subtitle"": ""Scholarships"", ""description"": [""If you're an international student, took your undergraduate degree overseas or in the UK and are self-funding your postgraduate studies, you could be eligible for a scholarship""]}",Mres,https://www.essex.ac.uk/courses/pr00887/3/msc-(by-dissertation)-computer-science,,,,,,,
University of Essex,Computer Science,Computing and Electronic Systems (by Dissertation),a four year undergraduate,2.75,,,"[{""subtitle"": ""Entry requirements"", ""description"": [""For Postgraduate Taught Masters, candidates from Band 1 or Band 2 institutions need 50% or 5.3/10, while those from other institutions require 55% or 5.8/10 from Bachelor degrees."", ""Some departments may have higher standards.""]}, {""subtitle"": ""English Requirement"", ""description"": [""English proficiency evidence may be needed.""]}]",2026-10-01,24 months,20625,GBP,"��4,000",0,,0,,6,5.5,82,Listening 17 Reading 18 Writing 17 Speaking 20,60,59,Global Talent Masters Scholarship,"��5,000",,"{""subtitle"": ""Scholarships"", ""description"": [""If you're an international student, took your undergraduate degree overseas or in the UK and are self-funding your postgraduate studies, you could be eligible for a scholarship""]}",Mres,https://www.essex.ac.uk/courses/PR00888/3/MSc-by-Dissertation-Computing-and-Electronic-Systems,,,,,,,
University of Essex,Creative Writing,Creative Writing (by Dissertation),a four year undergraduate,2.75,,,"[{""subtitle"": ""Entry requirements"", ""description"": [""For Postgraduate Taught Masters, candidates from Band 1 or Band 2 institutions need 50% or 5.3/10, while those from other institutions require 55% or 5.8/10 from Bachelor degrees."", ""Some departments may have higher standards.""]}, {""subtitle"": ""English Requirement"", ""description"": [""English proficiency evidence may be needed.""]}]",2026-10-01,24 months,20625,GBP,"��4,000",0,,0,,6,5.5,82,Listening 17 Reading 18 Writing 17 Speaking 20,60,59,Global Talent Masters Scholarship,"��5,000",,"{""subtitle"": ""Scholarships"", ""description"": [""If you're an international student, took your undergraduate degree overseas or in the UK and are self-funding your postgraduate studies, you could be eligible for a scholarship""]}",Mres,https://www.essex.ac.uk/courses/pr00891/4/ma-(by-dissertation)-creative-writing,,,,,,,
University of Essex,Electrical Engineering,Electronic Systems Engineering (by Dissertation),a four year undergraduate,2.75,,,"[{""subtitle"": ""Entry requirements"", ""description"": [""For Postgraduate Taught Masters, candidates from Band 1 or Band 2 institutions need 50% or 5.3/10, while those from other institutions require 55% or 5.8/10 from Bachelor degrees."", ""Some departments may have higher standards.""]}, {""subtitle"": ""English Requirement"", ""description"": [""English proficiency evidence may be needed.""]}]",2026-01-01,24 months,19650,GBP,"��4,000",0,,0,,6,5.5,82,Listening 17 Reading 18 Writing 17 Speaking 20,60,59,Global Talent Masters Scholarship,"��5,000",,"{""subtitle"": ""Scholarships"", ""description"": [""If you're an international student, took your undergraduate degree overseas or in the UK and are self-funding your postgraduate studies, you could be eligible for a scholarship""]}",Mres,https://www.essex.ac.uk/courses/PR00900/3/MSc-by-Dissertation-Electronic-Systems-Engineering,,,,,,,
University of Essex,Biology,Environmental Biology (by Dissertation),a four year undergraduate,2.75,,,"[{""subtitle"": ""Entry requirements"", ""description"": [""For Postgraduate Taught Masters, candidates from Band 1 or Band 2 institutions need 50% or 5.3/10, while those from other institutions require 55% or 5.8/10 from Bachelor degrees."", ""Some departments may have higher standards.""]}, {""subtitle"": ""English Requirement"", ""description"": [""English proficiency evidence may be needed.""]}]",2026-10-01,24 months,23625,GBP,"��4,000",0,,0,,6,5.5,82,Listening 17 Reading 18 Writing 17 Speaking 20,60,59,Global Talent Masters Scholarship,"��5,000",,"{""subtitle"": ""Scholarships"", ""description"": [""If you're an international student, took your undergraduate degree overseas or in the UK and are self-funding your postgraduate studies, you could be eligible for a scholarship""]}",Mres,https://www.essex.ac.uk/courses/PR00904/3/MSc-by-Dissertation-Environmental-Biology,,,,,,,
University of Essex,Film Production,Film Studies (by Dissertation),a four year undergraduate,2.75,,,"[{""subtitle"": ""Entry requirements"", ""description"": [""For Postgraduate Taught Masters, candidates from Band 1 or Band 2 institutions need 50% or 5.3/10, while those from other institutions require 55% or 5.8/10 from Bachelor degrees."", ""Some departments may have higher standards.""]}, {""subtitle"": ""English Requirement"", ""description"": [""English proficiency evidence may be needed.""]}]",2026-01-01,24 months,19650,GBP,"��4,000",0,,0,,6,5.5,82,Listening 17 Reading 18 Writing 17 Speaking 20,60,59,Global Talent Masters Scholarship,"��5,000",,"{""subtitle"": ""Scholarships"", ""description"": [""If you're an international student, took your undergraduate degree overseas or in the UK and are self-funding your postgraduate studies, you could be eligible for a scholarship""]}",Mres,https://www.essex.ac.uk/courses/pr00911/4/ma-(by-dissertation)-film-studies,,,,,,,
University of Essex,Health Professions,Health and Exercise Sciences (by Dissertation),a four year undergraduate,2.75,,,"[{""subtitle"": ""Entry requirements"", ""description"": [""For Postgraduate Taught Masters, candidates from Band 1 or Band 2 institutions need 50% or 5.3/10, while those from other institutions require 55% or 5.8/10 from Bachelor degrees."", ""Some departments may have higher standards.""]}, {""subtitle"": ""English Requirement"", ""description"": [""English proficiency evidence may be needed.""]}]",2026-01-01,24 months,22550,GBP,"��4,000",0,,0,,6,5.5,82,Listening 17 Reading 18 Writing 17 Speaking 20,60,59,Global Talent Masters Scholarship,"��5,000",,"{""subtitle"": ""Scholarships"", ""description"": [""If you're an international student, took your undergraduate degree overseas or in the UK and are self-funding your postgraduate studies, you could be eligible for a scholarship""]}",Mres,https://www.essex.ac.uk/courses/pr01310/3/msc-(by-dissertation)-health-and-exercise-sciences,,,,,,,
University of Essex,Health Professions,Health and Physical Activity (by Dissertation),a four year undergraduate,2.75,,,"[{""subtitle"": ""Entry requirements"", ""description"": [""For Postgraduate Taught Masters, candidates from Band 1 or Band 2 institutions need 50% or 5.3/10, while those from other institutions require 55% or 5.8/10 from Bachelor degrees."", ""Some departments may have higher standards.""]}, {""subtitle"": ""English Requirement"", ""description"": [""English proficiency evidence may be needed.""]}]",2026-01-01,24 months,22550,GBP,"��4,000",0,,0,,6,5.5,82,Listening 17 Reading 18 Writing 17 Speaking 20,60,59,Global Talent Masters Scholarship,"��5,000",,"{""subtitle"": ""Scholarships"", ""description"": [""If you're an international student, took your undergraduate degree overseas or in the UK and are self-funding your postgraduate studies, you could be eligible for a scholarship""]}",Mres,https://www.essex.ac.uk/courses/pr01312/3/msc-(by-dissertation)-health-and-physical-activity,,,,,,,
University of Essex,History,History (by Dissertation),a four year undergraduate,2.75,,,"[{""subtitle"": ""Entry requirements"", ""description"": [""For Postgraduate Taught Masters, candidates from Band 1 or Band 2 institutions need 50% or 5.3/10, while those from other institutions require 55% or 5.8/10 from Bachelor degrees."", ""Some departments may have higher standards.""]}, {""subtitle"": ""English Requirement"", ""description"": [""English proficiency evidence may be needed.""]}]",2026-01-01,24 months,18750,GBP,"��4,000",0,,0,,6,5.5,82,Listening 17 Reading 18 Writing 17 Speaking 20,60,59,Global Talent Masters Scholarship,"��5,000",,"{""subtitle"": ""Scholarships"", ""description"": [""If you're an international student, took your undergraduate degree overseas or in the UK and are self-funding your postgraduate studies, you could be eligible for a scholarship""]}",Mres,https://www.essex.ac.uk/courses/pr00922/4/ma-(by-dissertation)-history,,,,,,,
University of Essex,Journalism,Journalism (by Dissertation),a four year undergraduate,2.75,,,"[{""subtitle"": ""Entry requirements"", ""description"": [""For Postgraduate Taught Masters, candidates from Band 1 or Band 2 institutions need 50% or 5.3/10, while those from other institutions require 55% or 5.8/10 from Bachelor degrees."", ""Some departments may have higher standards.""]}, {""subtitle"": ""English Requirement"", ""description"": [""English proficiency evidence may be needed.""]}]",2026-10-01,24 months,20625,GBP,"��4,000",0,,0,,6,5.5,82,Listening 17 Reading 18 Writing 17 Speaking 20,60,59,Global Talent Masters Scholarship,"��5,000",,"{""subtitle"": ""Scholarships"", ""description"": [""If you're an international student, took your undergraduate degree overseas or in the UK and are self-funding your postgraduate studies, you could be eligible for a scholarship""]}",Mres,https://www.essex.ac.uk/courses/pr01129/3/msc-(by-dissertation)-journalism,,,,,,,
University of Essex,Biology,Marine Biology (by Dissertation),a four year undergraduate,2.75,,,"[{""subtitle"": ""Entry requirements"", ""description"": [""For Postgraduate Taught Masters, candidates from Band 1 or Band 2 institutions need 50% or 5.3/10, while those from other institutions require 55% or 5.8/10 from Bachelor degrees."", ""Some departments may have higher standards.""]}, {""subtitle"": ""English Requirement"", ""description"": [""English proficiency evidence may be needed.""]}]",2026-10-01,24 months,23625,GBP,"��4,000",0,,0,,6,5.5,82,Listening 17 Reading 18 Writing 17 Speaking 20,60,59,Global Talent Masters Scholarship,"��5,000",,"{""subtitle"": ""Scholarships"", ""description"": [""If you're an international student, took your undergraduate degree overseas or in the UK and are self-funding your postgraduate studies, you could be eligible for a scholarship""]}",Mres,https://www.essex.ac.uk/courses/PR00941/3/MSc-by-Dissertation-Marine-Biology,,,,,,,
University of Essex,Biology,Mathematical Biology (by Dissertation),a four year undergraduate,2.75,,,"[{""subtitle"": ""Entry requirements"", ""description"": [""For Postgraduate Taught Masters, candidates from Band 1 or Band 2 institutions need 50% or 5.3/10, while those from other institutions require 55% or 5.8/10 from Bachelor degrees."", ""Some departments may have higher standards.""]}, {""subtitle"": ""English Requirement"", ""description"": [""English proficiency evidence may be needed.""]}]",2026-10-01,24 months,20625,GBP,"��4,000",0,,0,,6,5.5,82,Listening 17 Reading 18 Writing 17 Speaking 20,60,59,Global Talent Masters Scholarship,"��5,000",,"{""subtitle"": ""Scholarships"", ""description"": [""If you're an international student, took your undergraduate degree overseas or in the UK and are self-funding your postgraduate studies, you could be eligible for a scholarship""]}",Mres,https://www.essex.ac.uk/courses/PR00942/3/MSc-by-Dissertation-Mathematical-Biology,,,,,,,
University of Essex,Biology,Microbiology (by Dissertation),a four year undergraduate,2.75,,,"[{""subtitle"": ""Entry requirements"", ""description"": [""For Postgraduate Taught Masters, candidates from Band 1 or Band 2 institutions need 50% or 5.3/10, while those from other institutions require 55% or 5.8/10 from Bachelor degrees."", ""Some departments may have higher standards.""]}, {""subtitle"": ""English Requirement"", ""description"": [""English proficiency evidence may be needed.""]}]",2026-10-01,24 months,23625,GBP,"��4,000",0,,0,,6,5.5,82,Listening 17 Reading 18 Writing 17 Speaking 20,60,59,Global Talent Masters Scholarship,"��5,000",,"{""subtitle"": ""Scholarships"", ""description"": [""If you're an international student, took your undergraduate degree overseas or in the UK and are self-funding your postgraduate studies, you could be eligible for a scholarship""]}",Mres,https://www.essex.ac.uk/courses/PR00946/3/MSc-by-Dissertation-Microbiology,,,,,,,
University of Essex,Medicine,Molecular Medicine (by Dissertation),a four year undergraduate,2.75,,,"[{""subtitle"": ""Entry requirements"", ""description"": [""For Postgraduate Taught Masters, candidates from Band 1 or Band 2 institutions need 50% or 5.3/10, while those from other institutions require 55% or 5.8/10 from Bachelor degrees."", ""Some departments may have higher standards.""]}, {""subtitle"": ""English Requirement"", ""description"": [""English proficiency evidence may be needed.""]}]",2026-01-01,24 months,22550,GBP,"��4,000",0,,0,,6,5.5,82,Listening 17 Reading 18 Writing 17 Speaking 20,60,59,Global Talent Masters Scholarship,"��5,000",,"{""subtitle"": ""Scholarships"", ""description"": [""If you're an international student, took your undergraduate degree overseas or in the UK and are self-funding your postgraduate studies, you could be eligible for a scholarship""]}",Mres,https://www.essex.ac.uk/courses/pr00950/3/msc-(by-dissertation)-molecular-medicine,,,,,,,
University of Essex,Nursing,Nursing Studies (by Dissertation),a four year undergraduate,2.75,,,"[{""subtitle"": ""Entry requirements"", ""description"": [""For Postgraduate Taught Masters, candidates from Band 1 or Band 2 institutions need 50% or 5.3/10, while those from other institutions require 55% or 5.8/10 from Bachelor degrees."", ""Some departments may have higher standards.""]}, {""subtitle"": ""English Requirement"", ""description"": [""English proficiency evidence may be needed.""]}]",2026-10-01,24 months,19650,GBP,"��4,000",0,,0,,6,5.5,82,Listening 17 Reading 18 Writing 17 Speaking 20,60,59,Global Talent Masters Scholarship,"��5,000",,"{""subtitle"": ""Scholarships"", ""description"": [""If you're an international student, took your undergraduate degree overseas or in the UK and are self-funding your postgraduate studies, you could be eligible for a scholarship""]}",Mres,https://www.essex.ac.uk/courses/pr00953/3/msc-(by-dissertation)-nursing-studies,,,,,,,
University of Essex,Philosophy,Philosophy (by Dissertation),a four year undergraduate,2.75,,,"[{""subtitle"": ""Entry requirements"", ""description"": [""For Postgraduate Taught Masters, candidates from Band 1 or Band 2 institutions need 50% or 5.3/10, while those from other institutions require 55% or 5.8/10 from Bachelor degrees."", ""Some departments may have higher standards.""]}, {""subtitle"": ""English Requirement"", ""description"": [""English proficiency evidence may be needed.""]}]",2026-01-01,24 months,19650,GBP,"��4,000",0,,0,,6,5.5,82,Listening 17 Reading 18 Writing 17 Speaking 20,60,59,Global Talent Masters Scholarship,"��5,000",,"{""subtitle"": ""Scholarships"", ""description"": [""If you're an international student, took your undergraduate degree overseas or in the UK and are self-funding your postgraduate studies, you could be eligible for a scholarship""]}",Mres,https://www.essex.ac.uk/courses/pr00957/4/ma-(by-dissertation)-philosophy,,,,,,,
University of Essex,Biology,Plant Biology (by Dissertation),a four year undergraduate,2.75,,,"[{""subtitle"": ""Entry requirements"", ""description"": [""For Postgraduate Taught Masters, candidates from Band 1 or Band 2 institutions need 50% or 5.3/10, while those from other institutions require 55% or 5.8/10 from Bachelor degrees."", ""Some departments may have higher standards.""]}, {""subtitle"": ""English Requirement"", ""description"": [""English proficiency evidence may be needed.""]}]",2026-10-01,24 months,23625,GBP,"��4,000",0,,0,,6,5.5,82,Listening 17 Reading 18 Writing 17 Speaking 20,60,59,Global Talent Masters Scholarship,"��5,000",,"{""subtitle"": ""Scholarships"", ""description"": [""If you're an international student, took your undergraduate degree overseas or in the UK and are self-funding your postgraduate studies, you could be eligible for a scholarship""]}",Mres,https://www.essex.ac.uk/courses/PR01068/3/MSc-by-Dissertation-Plant-Biology,,,,,,,
University of Essex,Politics,Political Economy (2 Years),a four year undergraduate,2.75,,,"[{""subtitle"": ""Entry requirements"", ""description"": [""For Postgraduate Taught Masters, candidates from Band 1 or Band 2 institutions need 50% or 5.3/10, while those from other institutions require 55% or 5.8/10 from Bachelor degrees."", ""Some departments may have higher standards.""]}, {""subtitle"": ""English Requirement"", ""description"": [""English proficiency evidence may be needed.""]}]",2026-10-01,24 months,23875,GBP,"��4,000",0,,0,,6,5.5,82,Listening 17 Reading 18 Writing 17 Speaking 20,60,59,Global Talent Masters Scholarship,"��5,000",,"{""subtitle"": ""Scholarships"", ""description"": [""If you're an international student, took your undergraduate degree overseas or in the UK and are self-funding your postgraduate studies, you could be eligible for a scholarship""]}",Mres,https://www.essex.ac.uk/courses/pg00724/3/mres-political-economy,,,,,,,
University of Essex,Politics,Political Science (2 Years),a four year undergraduate,2.75,,,"[{""subtitle"": ""Entry requirements"", ""description"": [""For Postgraduate Taught Masters, candidates from Band 1 or Band 2 institutions need 50% or 5.3/10, while those from other institutions require 55% or 5.8/10 from Bachelor degrees."", ""Some departments may have higher standards.""]}, {""subtitle"": ""English Requirement"", ""description"": [""English proficiency evidence may be needed.""]}]",2026-10-01,24 months,23875,GBP,"��4,000",0,,0,,6,5.5,82,Listening 17 Reading 18 Writing 17 Speaking 20,60,59,Global Talent Masters Scholarship,"��5,000",,"{""subtitle"": ""Scholarships"", ""description"": [""If you're an international student, took your undergraduate degree overseas or in the UK and are self-funding your postgraduate studies, you could be eligible for a scholarship""]}",Mres,https://www.essex.ac.uk/courses/pg01053/1/mres-political-science-mres,,,,,,,
University of Essex,Psychology,Psychology (by Dissertation),a four year undergraduate,2.75,,,"[{""subtitle"": ""Entry requirements"", ""description"": [""For Postgraduate Taught Masters, candidates from Band 1 or Band 2 institutions need 50% or 5.3/10, while those from other institutions require 55% or 5.8/10 from Bachelor degrees."", ""Some departments may have higher standards.""]}, {""subtitle"": ""English Requirement"", ""description"": [""English proficiency evidence may be needed.""]}]",2026-01-01,24 months,22550,GBP,"��4,000",0,,0,,6,5.5,82,Listening 17 Reading 18 Writing 17 Speaking 20,60,59,Global Talent Masters Scholarship,"��5,000",,"{""subtitle"": ""Scholarships"", ""description"": [""If you're an international student, took your undergraduate degree overseas or in the UK and are self-funding your postgraduate studies, you could be eligible for a scholarship""]}",Mres,https://www.essex.ac.uk/courses/pr00972/3/msc-(by-dissertation)-psychology,,,,,,,
University of Essex,Health Professions,Public Health (by Dissertation),a four year undergraduate,2.75,,,"[{""subtitle"": ""Entry requirements"", ""description"": [""For Postgraduate Taught Masters, candidates from Band 1 or Band 2 institutions need 50% or 5.3/10, while those from other institutions require 55% or 5.8/10 from Bachelor degrees."", ""Some departments may have higher standards.""]}, {""subtitle"": ""English Requirement"", ""description"": [""English proficiency evidence may be needed.""]}]",2026-10-01,24 months,20625,GBP,"��4,000",0,,0,,6,5.5,82,Listening 17 Reading 18 Writing 17 Speaking 20,60,59,Global Talent Masters Scholarship,"��5,000",,"{""subtitle"": ""Scholarships"", ""description"": [""If you're an international student, took your undergraduate degree overseas or in the UK and are self-funding your postgraduate studies, you could be eligible for a scholarship""]}",Mres,https://www.essex.ac.uk/courses/pr00973/3/msc-(by-dissertation)-public-health,,,,,,,
University of Essex,Social Work,Social Work (by Dissertation),a four year undergraduate,2.75,,,"[{""subtitle"": ""Entry requirements"", ""description"": [""For Postgraduate Taught Masters, candidates from Band 1 or Band 2 institutions need 50% or 5.3/10, while those from other institutions require 55% or 5.8/10 from Bachelor degrees."", ""Some departments may have higher standards.""]}, {""subtitle"": ""English Requirement"", ""description"": [""English proficiency evidence may be needed.""]}]",2026-10-01,24 months,20625,GBP,"��4,000",0,,0,,6,5.5,82,Listening 17 Reading 18 Writing 17 Speaking 20,60,59,Global Talent Masters Scholarship,"��5,000",,"{""subtitle"": ""Scholarships"", ""description"": [""If you're an international student, took your undergraduate degree overseas or in the UK and are self-funding your postgraduate studies, you could be eligible for a scholarship""]}",Mres,https://www.essex.ac.uk/courses/pr01130/3/msc-(by-dissertation)-social-work,,,,,,,
University of Essex,Psychology,Sport and Exercise Psychology (by Dissertation),a four year undergraduate,2.75,,,"[{""subtitle"": ""Entry requirements"", ""description"": [""For Postgraduate Taught Masters, candidates from Band 1 or Band 2 institutions need 50% or 5.3/10, while those from other institutions require 55% or 5.8/10 from Bachelor degrees."", ""Some departments may have higher standards.""]}, {""subtitle"": ""English Requirement"", ""description"": [""English proficiency evidence may be needed.""]}]",2026-10-01,24 months,23625,GBP,"��4,000",0,,0,,6,5.5,82,Listening 17 Reading 18 Writing 17 Speaking 20,60,59,Global Talent Masters Scholarship,"��5,000",,"{""subtitle"": ""Scholarships"", ""description"": [""If you're an international student, took your undergraduate degree overseas or in the UK and are self-funding your postgraduate studies, you could be eligible for a scholarship""]}",Mres,https://www.essex.ac.uk/courses/pr00989/3/msc-(by-dissertation)-sport-and-exercise-psychology,,,,,,,
University of Essex,Sports Science,Sports Therapy (by Dissertation),a four year undergraduate,2.75,,,"[{""subtitle"": ""Entry requirements"", ""description"": [""For Postgraduate Taught Masters, candidates from Band 1 or Band 2 institutions need 50% or 5.3/10, while those from other institutions require 55% or 5.8/10 from Bachelor degrees."", ""Some departments may have higher standards.""]}, {""subtitle"": ""English Requirement"", ""description"": [""English proficiency evidence may be needed.""]}]",2026-01-01,24 months,22550,GBP,"��4,000",0,,0,,6,5.5,82,Listening 17 Reading 18 Writing 17 Speaking 20,60,59,Global Talent Masters Scholarship,"��5,000",,"{""subtitle"": ""Scholarships"", ""description"": [""If you're an international student, took your undergraduate degree overseas or in the UK and are self-funding your postgraduate studies, you could be eligible for a scholarship""]}",Mres,https://www.essex.ac.uk/courses/pr01311/3/msc-(by-dissertation)-sports-therapy,,,,,,,
University of Essex,Accounting and Finance,Investment and Wealth Management,a four year undergraduate,2.75,,,"[{""subtitle"": ""Entry requirements"", ""description"": [""For Postgraduate Taught Masters, candidates from Band 1 or Band 2 institutions need 50% or 5.3/10, while those from other institutions require 55% or 5.8/10 from Bachelor degrees."", ""Some departments may have higher standards.""]}, {""subtitle"": ""English Requirement"", ""description"": [""English proficiency evidence may be needed.""]}]",2026-10-01,12 months,24675,GBP,"��4,000",0,,0,,6,5.5,82,Listening 17 Reading 18 Writing 17 Speaking 20,60,59,Global Talent Masters Scholarship,"��5,000",,"{""subtitle"": ""Scholarships"", ""description"": [""If you're an international student, took your undergraduate degree overseas or in the UK and are self-funding your postgraduate studies, you could be eligible for a scholarship""]}",MSc,https://www.essex.ac.uk/courses/PG00580/1/MSc-Investment-and-Wealth-Management?startdate=2024/25,,,,,,,
University of Essex,Accounting and Finance,Artificial Intelligence in Finance,a four year undergraduate,2.75,,,"[{""subtitle"": ""Entry requirements"", ""description"": [""For Postgraduate Taught Masters, candidates from Band 1 or Band 2 institutions need 50% or 5.3/10, while those from other institutions require 55% or 5.8/10 from Bachelor degrees."", ""Some departments may have higher standards.""]}, {""subtitle"": ""English Requirement"", ""description"": [""English proficiency evidence may be needed.""]}]",2026-10-01,12 months,24675,GBP,"��4,000",0,,0,,6,5.5,82,Listening 17 Reading 18 Writing 17 Speaking 20,60,59,Global Talent Masters Scholarship,"��5,000",,"{""subtitle"": ""Scholarships"", ""description"": [""If you're an international student, took your undergraduate degree overseas or in the UK and are self-funding your postgraduate studies, you could be eligible for a scholarship""]}",MSc,https://www.essex.ac.uk/courses/PG00605/1/MSc-Algorithmic-Trading,,,,,,,
University of Essex,Business and Management,International Marketing and Business Intelligence,a four year undergraduate,2.75,,,"[{""subtitle"": ""Entry requirements"", ""description"": [""For Postgraduate Taught Masters, candidates from Band 1 or Band 2 institutions need 50% or 5.3/10, while those from other institutions require 55% or 5.8/10 from Bachelor degrees."", ""Some departments may have higher standards.""]}, {""subtitle"": ""English Requirement"", ""description"": [""English proficiency evidence may be needed.""]}]",2026-01-01,12 months,23500,GBP,"��4,000",0,,0,,6,5.5,82,Listening 17 Reading 18 Writing 17 Speaking 20,60,59,Global Talent Masters Scholarship,"��5,000",,"{""subtitle"": ""Scholarships"", ""description"": [""If you're an international student, took your undergraduate degree overseas or in the UK and are self-funding your postgraduate studies, you could be eligible for a scholarship""]}",MSc,https://www.essex.ac.uk/courses/PG00639/1/MSc-International-Marketing-and-Entrepreneurship,,,,,,,
University of Essex,Management,International Events Management,a four year undergraduate,2.75,,,"[{""subtitle"": ""Entry requirements"", ""description"": [""For Postgraduate Taught Masters, candidates from Band 1 or Band 2 institutions need 50% or 5.3/10, while those from other institutions require 55% or 5.8/10 from Bachelor degrees."", ""Some departments may have higher standards.""]}, {""subtitle"": ""English Requirement"", ""description"": [""English proficiency evidence may be needed.""]}]",2026-10-01,12 months,21700,GBP,"��4,000",0,,0,,6,5.5,82,Listening 17 Reading 18 Writing 17 Speaking 20,60,59,Global Talent Masters Scholarship,"��5,000",,"{""subtitle"": ""Scholarships"", ""description"": [""If you're an international student, took your undergraduate degree overseas or in the UK and are self-funding your postgraduate studies, you could be eligible for a scholarship""]}",MSc,https://www.essex.ac.uk/courses/PG01645/1/MSc-International-Events-Management?_cldee=diblCGeZ9rnkvm3eEf2i9hXYCMxI6STM3HB_Ejvy6T2ZT_c8ACVIB7yRje4WVWfo&recipientid=contact-47d41163c34def11a317002248077aa5-1d84c2c334f0424396e45a327d7d6dea&utm_source=ClickDimensions&utm_medium=email&utm_campaign=Agent%20Comms%2021%2F22&esid=1f8f415d-eed4-ef11-8ee9-6045bd11739b,,,,,,,
University of Essex,Management,International Tourism Management,a four year undergraduate,2.75,,,"[{""subtitle"": ""Entry requirements"", ""description"": [""For Postgraduate Taught Masters, candidates from Band 1 or Band 2 institutions need 50% or 5.3/10, while those from other institutions require 55% or 5.8/10 from Bachelor degrees."", ""Some departments may have higher standards.""]}, {""subtitle"": ""English Requirement"", ""description"": [""English proficiency evidence may be needed.""]}]",2026-10-01,12 months,21700,GBP,"��4,000",0,,0,,6,5.5,82,Listening 17 Reading 18 Writing 17 Speaking 20,60,59,Global Talent Masters Scholarship,"��5,000",,"{""subtitle"": ""Scholarships"", ""description"": [""If you're an international student, took your undergraduate degree overseas or in the UK and are self-funding your postgraduate studies, you could be eligible for a scholarship""]}",MSc,https://www.essex.ac.uk/courses/PG01647/1/MSc-International-Tourism-Management?_cldee=diblCGeZ9rnkvm3eEf2i9hXYCMxI6STM3HB_Ejvy6T2ZT_c8ACVIB7yRje4WVWfo&recipientid=contact-47d41163c34def11a317002248077aa5-1d84c2c334f0424396e45a327d7d6dea&utm_source=ClickDimensions&utm_medium=email&utm_campaign=Agent%20Comms%2021%2F22&esid=1f8f415d-eed4-ef11-8ee9-6045bd11739b,,,,,,,
University of Essex,Computer Science,Economics with Data Science,a four year undergraduate,2.75,,,"[{""subtitle"": ""Entry requirements"", ""description"": [""For Postgraduate Taught Masters, candidates from Band 1 or Band 2 institutions need 50% or 5.3/10, while those from other institutions require 55% or 5.8/10 from Bachelor degrees."", ""Some departments may have higher standards.""]}, {""subtitle"": ""English Requirement"", ""description"": [""English proficiency evidence may be needed.""]}]",2026-10-01,12 months,24675,GBP,"��4,000",0,,0,,6,5.5,82,Listening 17 Reading 18 Writing 17 Speaking 20,60,59,Global Talent Masters Scholarship,"��5,000",,"{""subtitle"": ""Scholarships"", ""description"": [""If you're an international student, took your undergraduate degree overseas or in the UK and are self-funding your postgraduate studies, you could be eligible for a scholarship""]}",MSc,https://www.essex.ac.uk/courses/PG01347/1/MSc-Economics-with-Data-Science,,,,,,,
University of Essex,Accounting and Finance,Financial Data Analytics,a four year undergraduate,2.75,,,"[{""subtitle"": ""Entry requirements"", ""description"": [""For Postgraduate Taught Masters, candidates from Band 1 or Band 2 institutions need 50% or 5.3/10, while those from other institutions require 55% or 5.8/10 from Bachelor degrees."", ""Some departments may have higher standards.""]}, {""subtitle"": ""English Requirement"", ""description"": [""English proficiency evidence may be needed.""]}]",2026-10-01,12 months,24675,GBP,"��4,000",0,,0,,6,5.5,82,Listening 17 Reading 18 Writing 17 Speaking 20,60,59,Global Talent Masters Scholarship,"��5,000",,"{""subtitle"": ""Scholarships"", ""description"": [""If you're an international student, took your undergraduate degree overseas or in the UK and are self-funding your postgraduate studies, you could be eligible for a scholarship""]}",MSc,https://www.essex.ac.uk/courses/PG01014/1/MSc-Financial-Data-Analytics,,,,,,,
University of Essex,Computer Science,Cyber Security,a four year undergraduate,2.75,,,"[{""subtitle"": ""Entry requirements"", ""description"": [""For Postgraduate Taught Masters, candidates from Band 1 or Band 2 institutions need 50% or 5.3/10, while those from other institutions require 55% or 5.8/10 from Bachelor degrees."", ""Some departments may have higher standards.""]}, {""subtitle"": ""English Requirement"", ""description"": [""English proficiency evidence may be needed.""]}]",2026-10-01,12 months,24675,GBP,"��4,000",0,,0,,6,5.5,82,Listening 17 Reading 18 Writing 17 Speaking 20,60,59,Global Talent Masters Scholarship,"��5,000",,"{""subtitle"": ""Scholarships"", ""description"": [""If you're an international student, took your undergraduate degree overseas or in the UK and are self-funding your postgraduate studies, you could be eligible for a scholarship""]}",MSc,https://www.essex.ac.uk/courses/PG01630/1/MSc-Cyber-Security,,,,,,,
University of Essex,Computer Science,Corporate Sustainability,a four year undergraduate,2.75,,,"[{""subtitle"": ""Entry requirements"", ""description"": [""For Postgraduate Taught Masters, candidates from Band 1 or Band 2 institutions need 50% or 5.3/10, while those from other institutions require 55% or 5.8/10 from Bachelor degrees."", ""Some departments may have higher standards.""]}, {""subtitle"": ""English Requirement"", ""description"": [""English proficiency evidence may be needed.""]}]",2026-10-01,12 months,24675,GBP,"��4,000",0,,0,,6,5.5,82,Listening 17 Reading 18 Writing 17 Speaking 20,60,59,Global Talent Masters Scholarship,"��5,000",,"{""subtitle"": ""Scholarships"", ""description"": [""If you're an international student, took your undergraduate degree overseas or in the UK and are self-funding your postgraduate studies, you could be eligible for a scholarship""]}",MSc,https://www.essex.ac.uk/courses/PG01661/1/MSc-Corporate-Sustainability?startdate=26-10,,,,,,,
University of Essex,Accounting and Finance,Professional Accounting,a four year undergraduate,2.75,,,"[{""subtitle"": ""Entry requirements"", ""description"": [""For Postgraduate Taught Masters, candidates from Band 1 or Band 2 institutions need 50% or 5.3/10, while those from other institutions require 55% or 5.8/10 from Bachelor degrees."", ""Some departments may have higher standards.""]}, {""subtitle"": ""English Requirement"", ""description"": [""English proficiency evidence may be needed.""]}]",2026-10-01,12 months,24675,GBP,"��4,000",0,,0,,6,5.5,82,Listening 17 Reading 18 Writing 17 Speaking 20,60,59,Global Talent Masters Scholarship,"��5,000",,"{""subtitle"": ""Scholarships"", ""description"": [""If you're an international student, took your undergraduate degree overseas or in the UK and are self-funding your postgraduate studies, you could be eligible for a scholarship""]}",MSc,https://www.essex.ac.uk/courses/pg00425/1/msc-accounting,,,,,,,
University of Essex,Accounting and Finance,Accounting and Finance,a four year undergraduate,2.75,,,"[{""subtitle"": ""Entry requirements"", ""description"": [""For Postgraduate Taught Masters, candidates from Band 1 or Band 2 institutions need 50% or 5.3/10, while those from other institutions require 55% or 5.8/10 from Bachelor degrees."", ""Some departments may have higher standards.""]}, {""subtitle"": ""English Requirement"", ""description"": [""English proficiency evidence may be needed.""]}]",2026-10-01,12 months,24675,GBP,"��4,000",0,,0,,6,5.5,82,Listening 17 Reading 18 Writing 17 Speaking 20,60,59,Global Talent Masters Scholarship,"��5,000",,"{""subtitle"": ""Scholarships"", ""description"": [""If you're an international student, took your undergraduate degree overseas or in the UK and are self-funding your postgraduate studies, you could be eligible for a scholarship""]}",MSc,https://www.essex.ac.uk/courses/pg00426/1/msc-accounting-and-finance,,,,,,,
University of Essex,Accounting and Finance,Accounting and Financial Management,a four year undergraduate,2.75,,,"[{""subtitle"": ""Entry requirements"", ""description"": [""For Postgraduate Taught Masters, candidates from Band 1 or Band 2 institutions need 50% or 5.3/10, while those from other institutions require 55% or 5.8/10 from Bachelor degrees."", ""Some departments may have higher standards.""]}, {""subtitle"": ""English Requirement"", ""description"": [""English proficiency evidence may be needed.""]}]",2026-10-01,12 months,24675,GBP,"��4,000",0,,0,,6,5.5,82,Listening 17 Reading 18 Writing 17 Speaking 20,60,59,Global Talent Masters Scholarship,"��5,000",,"{""subtitle"": ""Scholarships"", ""description"": [""If you're an international student, took your undergraduate degree overseas or in the UK and are self-funding your postgraduate studies, you could be eligible for a scholarship""]}",MSc,https://www.essex.ac.uk/courses/pg00428/1/msc-accounting-and-financial-management,,,,,,,
University of Essex,Computer Science,Advanced Computer Science,a four year undergraduate,2.75,,,"[{""subtitle"": ""Entry requirements"", ""description"": [""For Postgraduate Taught Masters, candidates from Band 1 or Band 2 institutions need 50% or 5.3/10, while those from other institutions require 55% or 5.8/10 from Bachelor degrees."", ""Some departments may have higher standards.""]}, {""subtitle"": ""English Requirement"", ""description"": [""English proficiency evidence may be needed.""]}]",2026-10-01,12 months,24675,GBP,"��4,000",0,,0,,6,5.5,82,Listening 17 Reading 18 Writing 17 Speaking 20,60,59,Global Talent Masters Scholarship,"��5,000",,"{""subtitle"": ""Scholarships"", ""description"": [""If you're an international student, took your undergraduate degree overseas or in the UK and are self-funding your postgraduate studies, you could be eligible for a scholarship""]}",MSc,https://www.essex.ac.uk/courses/pg00435/1/msc-advanced-computer-science,,,,,,,
University of Essex,Computer Science,Applied Data Science,a four year undergraduate,2.75,,,"[{""subtitle"": ""Entry requirements"", ""description"": [""For Postgraduate Taught Masters, candidates from Band 1 or Band 2 institutions need 50% or 5.3/10, while those from other institutions require 55% or 5.8/10 from Bachelor degrees."", ""Some departments may have higher standards.""]}, {""subtitle"": ""English Requirement"", ""description"": [""English proficiency evidence may be needed.""]}]",2026-01-01,12 months,22750,GBP,"��4,000",0,,0,,6,5.5,82,Listening 17 Reading 18 Writing 17 Speaking 20,60,59,Global Talent Masters Scholarship,"��5,000",,"{""subtitle"": ""Scholarships"", ""description"": [""If you're an international student, took your undergraduate degree overseas or in the UK and are self-funding your postgraduate studies, you could be eligible for a scholarship""]}",MSc,https://www.essex.ac.uk/courses/PG01389/1/MSc-Applied-Data-Science?startdate=24-01&studymode=FullTime&_cldee=FOJeTuRisMPyECPnGbjpN9551wwDcROOMpoXREKo6cT8GchxxiE4VKHHjYxFNZM9&recipientid=contact-c489ccbad017e81180ef005056342d86-fbf54b4c3e3b4d419235015213109044&utm_source=ClickDimensions&utm_medium=email&utm_campaign=Agent%20Comms%2021%2F22&esid=a36859db-5d14-ef11-9f89-6045bdd15e65,,,,,,,
University of Essex,Economics,Applied Economics and Data Analysis,a four year undergraduate,2.75,,,"[{""subtitle"": ""Entry requirements"", ""description"": [""For Postgraduate Taught Masters, candidates from Band 1 or Band 2 institutions need 50% or 5.3/10, while those from other institutions require 55% or 5.8/10 from Bachelor degrees."", ""Some departments may have higher standards.""]}, {""subtitle"": ""English Requirement"", ""description"": [""English proficiency evidence may be needed.""]}]",2026-10-01,12 months,23500,GBP,"��4,000",0,,0,,6,5.5,82,Listening 17 Reading 18 Writing 17 Speaking 20,60,59,Global Talent Masters Scholarship,"��5,000",,"{""subtitle"": ""Scholarships"", ""description"": [""If you're an international student, took your undergraduate degree overseas or in the UK and are self-funding your postgraduate studies, you could be eligible for a scholarship""]}",MSc,https://www1.essex.ac.uk/programmespecs/Details.aspx?prog=12874&yr=25,,,,,,,
University of Essex,Computer Science,Artificial Intelligence,a four year undergraduate,2.75,,,"[{""subtitle"": ""Entry requirements"", ""description"": [""For Postgraduate Taught Masters, candidates from Band 1 or Band 2 institutions need 50% or 5.3/10, while those from other institutions require 55% or 5.8/10 from Bachelor degrees."", ""Some departments may have higher standards.""]}, {""subtitle"": ""English Requirement"", ""description"": [""English proficiency evidence may be needed.""]}]",2026-01-01,12 months,23500,GBP,"��4,000",0,,0,,6,5.5,82,Listening 17 Reading 18 Writing 17 Speaking 20,60,59,Global Talent Masters Scholarship,"��5,000",,"{""subtitle"": ""Scholarships"", ""description"": [""If you're an international student, took your undergraduate degree overseas or in the UK and are self-funding your postgraduate studies, you could be eligible for a scholarship""]}",MSc,https://www.essex.ac.uk/courses/PG00457/1/MSc-Artificial-Intelligence?startdate=25-10&studymode=FullTime&_cldee=FOJeTuRisMPyECPnGbjpN9551wwDcROOMpoXREKo6cT8GchxxiE4VKHHjYxFNZM9&recipientid=contact-c489ccbad017e81180ef005056342d86-fbf54b4c3e3b4d419235015213109044&utm_source=ClickDimensions&utm_medium=email&utm_campaign=Agent%20Comms%2021/22&esid=a36859db-5d14-ef11-9f89-6045bdd15e65,,,,,,,
University of Essex,Computer Science,Applications of Artificial Intelligence,a four year undergraduate,2.75,,,"[{""subtitle"": ""Entry requirements"", ""description"": [""For Postgraduate Taught Masters, candidates from Band 1 or Band 2 institutions need 50% or 5.3/10, while those from other institutions require 55% or 5.8/10 from Bachelor degrees."", ""Some departments may have higher standards.""]}, {""subtitle"": ""English Requirement"", ""description"": [""English proficiency evidence may be needed.""]}]",2026-01-01,12 months,23500,GBP,"��4,000",0,,0,,6,5.5,82,Listening 17 Reading 18 Writing 17 Speaking 20,60,59,Global Talent Masters Scholarship,"��5,000",,"{""subtitle"": ""Scholarships"", ""description"": [""If you're an international student, took your undergraduate degree overseas or in the UK and are self-funding your postgraduate studies, you could be eligible for a scholarship""]}",MSc,https://www.essex.ac.uk/courses/PG01399/1/MSc-Artificial-Intelligence-and-its-Applications?startdate=25-01&studymode=FullTime&_cldee=FOJeTuRisMPyECPnGbjpN9551wwDcROOMpoXREKo6cT8GchxxiE4VKHHjYxFNZM9&recipientid=contact-c489ccbad017e81180ef005056342d86-fbf54b4c3e3b4d419235015213109044&utm_source=ClickDimensions&utm_medium=email&utm_campaign=Agent%20Comms%2021%2F22&esid=a36859db-5d14-ef11-9f89-6045bdd15e65,,,,,,,
University of Essex,Economics,Behavioural and Experimental Economics,a four year undergraduate,2.75,,,"[{""subtitle"": ""Entry requirements"", ""description"": [""For Postgraduate Taught Masters, candidates from Band 1 or Band 2 institutions need 50% or 5.3/10, while those from other institutions require 55% or 5.8/10 from Bachelor degrees."", ""Some departments may have higher standards.""]}, {""subtitle"": ""English Requirement"", ""description"": [""English proficiency evidence may be needed.""]}]",2026-10-01,12 months,24675,GBP,"��4,000",0,,0,,6,5.5,82,Listening 17 Reading 18 Writing 17 Speaking 20,60,59,Global Talent Masters Scholarship,"��5,000",,"{""subtitle"": ""Scholarships"", ""description"": [""If you're an international student, took your undergraduate degree overseas or in the UK and are self-funding your postgraduate studies, you could be eligible for a scholarship""]}",MSc,https://www.essex.ac.uk/courses/pg00462/1/msc-behavioural-and-experimental-economics,,,,,,,
University of Essex,Business and Management,Business Analytics,a four year undergraduate,2.75,,,"[{""subtitle"": ""Entry requirements"", ""description"": [""For Postgraduate Taught Masters, candidates from Band 1 or Band 2 institutions need 50% or 5.3/10, while those from other institutions require 55% or 5.8/10 from Bachelor degrees."", ""Some departments may have higher standards.""]}, {""subtitle"": ""English Requirement"", ""description"": [""English proficiency evidence may be needed.""]}]",2026-01-01,12 months,23500,GBP,"��4,000",0,,0,,6,5.5,82,Listening 17 Reading 18 Writing 17 Speaking 20,60,59,Global Talent Masters Scholarship,"��5,000",,"{""subtitle"": ""Scholarships"", ""description"": [""If you're an international student, took your undergraduate degree overseas or in the UK and are self-funding your postgraduate studies, you could be eligible for a scholarship""]}",MSc,https://www.essex.ac.uk/courses/pg01023/1/msc-business-analytics?startdate=26-10,,,,,,,
University of Essex,Biology,Cancer Biology,a four year undergraduate,2.75,,,"[{""subtitle"": ""Entry requirements"", ""description"": [""For Postgraduate Taught Masters, candidates from Band 1 or Band 2 institutions need 50% or 5.3/10, while those from other institutions require 55% or 5.8/10 from Bachelor degrees."", ""Some departments may have higher standards.""]}, {""subtitle"": ""English Requirement"", ""description"": [""English proficiency evidence may be needed.""]}]",2026-01-01,12 months,22750,GBP,"��4,000",0,,0,,6,5.5,82,Listening 17 Reading 18 Writing 17 Speaking 20,60,59,Global Talent Masters Scholarship,"��5,000",,"{""subtitle"": ""Scholarships"", ""description"": [""If you're an international student, took your undergraduate degree overseas or in the UK and are self-funding your postgraduate studies, you could be eligible for a scholarship""]}",MSc,https://www.essex.ac.uk/courses/pg01046/1/msc-cancer-biology,,,,,,,
University of Essex,Psychology,Cognitive Neuroscience and Neuropsychology,a four year undergraduate,2.75,,,"[{""subtitle"": ""Entry requirements"", ""description"": [""For Postgraduate Taught Masters, candidates from Band 1 or Band 2 institutions need 50% or 5.3/10, while those from other institutions require 55% or 5.8/10 from Bachelor degrees."", ""Some departments may have higher standards.""]}, {""subtitle"": ""English Requirement"", ""description"": [""English proficiency evidence may be needed.""]}]",2026-10-01,12 months,23875,GBP,"��4,000",0,,0,,6,5.5,82,Listening 17 Reading 18 Writing 17 Speaking 20,60,59,Global Talent Masters Scholarship,"��5,000",,"{""subtitle"": ""Scholarships"", ""description"": [""If you're an international student, took your undergraduate degree overseas or in the UK and are self-funding your postgraduate studies, you could be eligible for a scholarship""]}",MSc,https://www.essex.ac.uk/courses/pg01145/1/msc-cognitive-neuroscience-and-neuropsychology,,,,,,,
University of Essex,Accounting and Finance,Computational Finance,a four year undergraduate,2.75,,,"[{""subtitle"": ""Entry requirements"", ""description"": [""For Postgraduate Taught Masters, candidates from Band 1 or Band 2 institutions need 50% or 5.3/10, while those from other institutions require 55% or 5.8/10 from Bachelor degrees."", ""Some departments may have higher standards.""]}, {""subtitle"": ""English Requirement"", ""description"": [""English proficiency evidence may be needed.""]}]",2026-10-01,12 months,24675,GBP,"��4,000",0,,0,,6,5.5,82,Listening 17 Reading 18 Writing 17 Speaking 20,60,59,Global Talent Masters Scholarship,"��5,000",,"{""subtitle"": ""Scholarships"", ""description"": [""If you're an international student, took your undergraduate degree overseas or in the UK and are self-funding your postgraduate studies, you could be eligible for a scholarship""]}",MSc,https://www.essex.ac.uk/courses/pg00496/1/msc-computational-finance,,,,,,,
University of Essex,Computer Science,Computer Engineering,a four year undergraduate,2.75,,,"[{""subtitle"": ""Entry requirements"", ""description"": [""For Postgraduate Taught Masters, candidates from Band 1 or Band 2 institutions need 50% or 5.3/10, while those from other institutions require 55% or 5.8/10 from Bachelor degrees."", ""Some departments may have higher standards.""]}, {""subtitle"": ""English Requirement"", ""description"": [""English proficiency evidence may be needed.""]}]",2026-10-01,12 months,24675,GBP,"��4,000",0,,0,,6,5.5,82,Listening 17 Reading 18 Writing 17 Speaking 20,60,59,Global Talent Masters Scholarship,"��5,000",,"{""subtitle"": ""Scholarships"", ""description"": [""If you're an international student, took your undergraduate degree overseas or in the UK and are self-funding your postgraduate studies, you could be eligible for a scholarship""]}",MSc,https://www.essex.ac.uk/courses/pg00500/1/msc-computer-engineering,,,,,,,
University of Essex,Computer Science,Computer Games,a four year undergraduate,2.75,,,"[{""subtitle"": ""Entry requirements"", ""description"": [""For Postgraduate Taught Masters, candidates from Band 1 or Band 2 institutions need 50% or 5.3/10, while those from other institutions require 55% or 5.8/10 from Bachelor degrees."", ""Some departments may have higher standards.""]}, {""subtitle"": ""English Requirement"", ""description"": [""English proficiency evidence may be needed.""]}]",2026-10-01,12 months,24675,GBP,"��4,000",0,,0,,6,5.5,82,Listening 17 Reading 18 Writing 17 Speaking 20,60,59,Global Talent Masters Scholarship,"��5,000",,"{""subtitle"": ""Scholarships"", ""description"": [""If you're an international student, took your undergraduate degree overseas or in the UK and are self-funding your postgraduate studies, you could be eligible for a scholarship""]}",MSc,https://www.essex.ac.uk/courses/pg01033/1/msc-computer-games,,,,,,,
University of Essex,Computer Science,Computer Networks and Security,a four year undergraduate,2.75,,,"[{""subtitle"": ""Entry requirements"", ""description"": [""For Postgraduate Taught Masters, candidates from Band 1 or Band 2 institutions need 50% or 5.3/10, while those from other institutions require 55% or 5.8/10 from Bachelor degrees."", ""Some departments may have higher standards.""]}, {""subtitle"": ""English Requirement"", ""description"": [""English proficiency evidence may be needed.""]}]",2026-10-01,12 months,24675,GBP,"��4,000",0,,0,,6,5.5,82,Listening 17 Reading 18 Writing 17 Speaking 20,60,59,Global Talent Masters Scholarship,"��5,000",,"{""subtitle"": ""Scholarships"", ""description"": [""If you're an international student, took your undergraduate degree overseas or in the UK and are self-funding your postgraduate studies, you could be eligible for a scholarship""]}",MSc,https://www.essex.ac.uk/courses/pg00502/1/msc-computer-networks-and-security,,,,,,,
University of Essex,Computer Science,Data Science,a four year undergraduate,2.75,,,"[{""subtitle"": ""Entry requirements"", ""description"": [""For Postgraduate Taught Masters, candidates from Band 1 or Band 2 institutions need 50% or 5.3/10, while those from other institutions require 55% or 5.8/10 from Bachelor degrees."", ""Some departments may have higher standards.""]}, {""subtitle"": ""English Requirement"", ""description"": [""English proficiency evidence may be needed.""]}]",2026-01-01,12 months,22750,GBP,"��4,000",0,,0,,6,5.5,82,Listening 17 Reading 18 Writing 17 Speaking 20,60,59,Global Talent Masters Scholarship,"��5,000",,"{""subtitle"": ""Scholarships"", ""description"": [""If you're an international student, took your undergraduate degree overseas or in the UK and are self-funding your postgraduate studies, you could be eligible for a scholarship""]}",MSc,https://www.essex.ac.uk/courses/pg00742/1/msc-data-science,,,,,,,
University of Essex,Computer Science,Data Science and its Applications,a four year undergraduate,2.75,,,"[{""subtitle"": ""Entry requirements"", ""description"": [""For Postgraduate Taught Masters, candidates from Band 1 or Band 2 institutions need 50% or 5.3/10, while those from other institutions require 55% or 5.8/10 from Bachelor degrees."", ""Some departments may have higher standards.""]}, {""subtitle"": ""English Requirement"", ""description"": [""English proficiency evidence may be needed.""]}]",2026-01-01,12 months,22750,GBP,"��4,000",0,,0,,6,5.5,82,Listening 17 Reading 18 Writing 17 Speaking 20,60,59,Global Talent Masters Scholarship,"��5,000",,"{""subtitle"": ""Scholarships"", ""description"": [""If you're an international student, took your undergraduate degree overseas or in the UK and are self-funding your postgraduate studies, you could be eligible for a scholarship""]}",MSc,https://www.essex.ac.uk/courses/pg01404/1/msc-data-science-and-its-applications,,,,,,,
University of Essex,Marketing,Digital Marketing and Analytics,a four year undergraduate,2.75,,,"[{""subtitle"": ""Entry requirements"", ""description"": [""For Postgraduate Taught Masters, candidates from Band 1 or Band 2 institutions need 50% or 5.3/10, while those from other institutions require 55% or 5.8/10 from Bachelor degrees."", ""Some departments may have higher standards.""]}, {""subtitle"": ""English Requirement"", ""description"": [""English proficiency evidence may be needed.""]}]",2026-10-01,12 months,24675,GBP,"��4,000",0,,0,,6,5.5,82,Listening 17 Reading 18 Writing 17 Speaking 20,60,59,Global Talent Masters Scholarship,"��5,000",,"{""subtitle"": ""Scholarships"", ""description"": [""If you're an international student, took your undergraduate degree overseas or in the UK and are self-funding your postgraduate studies, you could be eligible for a scholarship""]}",MSc,https://www.essex.ac.uk/courses/pg01547/1/msc-digital-marketing-and-analytics,,,,,,,
University of Essex,Economics,Economics (1 Year),a four year undergraduate,2.75,,,"[{""subtitle"": ""Entry requirements"", ""description"": [""For Postgraduate Taught Masters, candidates from Band 1 or Band 2 institutions need 50% or 5.3/10, while those from other institutions require 55% or 5.8/10 from Bachelor degrees."", ""Some departments may have higher standards.""]}, {""subtitle"": ""English Requirement"", ""description"": [""English proficiency evidence may be needed.""]}]",2026-10-01,12 months,24675,GBP,"��4,000",0,,0,,6,5.5,82,Listening 17 Reading 18 Writing 17 Speaking 20,60,59,Global Talent Masters Scholarship,"��5,000",,"{""subtitle"": ""Scholarships"", ""description"": [""If you're an international student, took your undergraduate degree overseas or in the UK and are self-funding your postgraduate studies, you could be eligible for a scholarship""]}",MSc,https://www.essex.ac.uk/courses/pg00542/1/msc-economics,,,,,,,
University of Essex,Economics,Economics with Data Analytics,a four year undergraduate,2.75,,,"[{""subtitle"": ""Entry requirements"", ""description"": [""For Postgraduate Taught Masters, candidates from Band 1 or Band 2 institutions need 50% or 5.3/10, while those from other institutions require 55% or 5.8/10 from Bachelor degrees."", ""Some departments may have higher standards.""]}, {""subtitle"": ""English Requirement"", ""description"": [""English proficiency evidence may be needed.""]}]",2026-01-01,12 months,22400,GBP,"��4,000",0,,0,,6,5.5,82,Listening 17 Reading 18 Writing 17 Speaking 20,60,59,Global Talent Masters Scholarship,"��5,000",,"{""subtitle"": ""Scholarships"", ""description"": [""If you're an international student, took your undergraduate degree overseas or in the UK and are self-funding your postgraduate studies, you could be eligible for a scholarship""]}",MSc,https://www.essex.ac.uk/courses/pg01347/1/msc-economics-with-data-analytics,,,,,,,
University of Essex,Electrical Engineering,Electronic Engineering,a four year undergraduate,2.75,,,"[{""subtitle"": ""Entry requirements"", ""description"": [""For Postgraduate Taught Masters, candidates from Band 1 or Band 2 institutions need 50% or 5.3/10, while those from other institutions require 55% or 5.8/10 from Bachelor degrees."", ""Some departments may have higher standards.""]}, {""subtitle"": ""English Requirement"", ""description"": [""English proficiency evidence may be needed.""]}]",2026-10-01,12 months,24675,GBP,"��4,000",0,,0,,6,5.5,82,Listening 17 Reading 18 Writing 17 Speaking 20,60,59,Global Talent Masters Scholarship,"��5,000",,"{""subtitle"": ""Scholarships"", ""description"": [""If you're an international student, took your undergraduate degree overseas or in the UK and are self-funding your postgraduate studies, you could be eligible for a scholarship""]}",MSc,https://www.essex.ac.uk/courses/pg00546/1/msc-electronic-engineering,,,,,,,
University of Essex,Accounting and Finance,Finance (1 Year),a four year undergraduate,2.75,,,"[{""subtitle"": ""Entry requirements"", ""description"": [""For Postgraduate Taught Masters, candidates from Band 1 or Band 2 institutions need 50% or 5.3/10, while those from other institutions require 55% or 5.8/10 from Bachelor degrees."", ""Some departments may have higher standards.""]}, {""subtitle"": ""English Requirement"", ""description"": [""English proficiency evidence may be needed.""]}]",2026-10-01,12 months,24675,GBP,"��4,000",0,,0,,6,5.5,82,Listening 17 Reading 18 Writing 17 Speaking 20,60,59,Global Talent Masters Scholarship,"��5,000",,"{""subtitle"": ""Scholarships"", ""description"": [""If you're an international student, took your undergraduate degree overseas or in the UK and are self-funding your postgraduate studies, you could be eligible for a scholarship""]}",MSc,https://www.essex.ac.uk/courses/pg00579/1/msc-finance,,,,,,,
University of Essex,Accounting and Finance,Finance and Data Analytics,a four year undergraduate,2.75,,,"[{""subtitle"": ""Entry requirements"", ""description"": [""For Postgraduate Taught Masters, candidates from Band 1 or Band 2 institutions need 50% or 5.3/10, while those from other institutions require 55% or 5.8/10 from Bachelor degrees."", ""Some departments may have higher standards.""]}, {""subtitle"": ""English Requirement"", ""description"": [""English proficiency evidence may be needed.""]}]",2026-10-01,12 months,23500,GBP,"��4,000",0,,0,,6,5.5,82,Listening 17 Reading 18 Writing 17 Speaking 20,60,59,Global Talent Masters Scholarship,"��5,000",,"{""subtitle"": ""Scholarships"", ""description"": [""If you're an international student, took your undergraduate degree overseas or in the UK and are self-funding your postgraduate studies, you could be eligible for a scholarship""]}",MSc,https://www.essex.ac.uk/courses/pg01014/1/msc-finance-and-data-analytics,,,,,,,
University of Essex,Accounting and Finance,Finance and Investment,a four year undergraduate,2.75,,,"[{""subtitle"": ""Entry requirements"", ""description"": [""For Postgraduate Taught Masters, candidates from Band 1 or Band 2 institutions need 50% or 5.3/10, while those from other institutions require 55% or 5.8/10 from Bachelor degrees."", ""Some departments may have higher standards.""]}, {""subtitle"": ""English Requirement"", ""description"": [""English proficiency evidence may be needed.""]}]",2026-10-01,12 months,23500,GBP,"��4,000",0,,0,,6,5.5,82,Listening 17 Reading 18 Writing 17 Speaking 20,60,59,Global Talent Masters Scholarship,"��5,000",,"{""subtitle"": ""Scholarships"", ""description"": [""If you're an international student, took your undergraduate degree overseas or in the UK and are self-funding your postgraduate studies, you could be eligible for a scholarship""]}",MSc,https://www.essex.ac.uk/courses/pg00580/1/msc-finance-and-investment,,,,,,,
University of Essex,Accounting and Finance,Finance and Management,a four year undergraduate,2.75,,,"[{""subtitle"": ""Entry requirements"", ""description"": [""For Postgraduate Taught Masters, candidates from Band 1 or Band 2 institutions need 50% or 5.3/10, while those from other institutions require 55% or 5.8/10 from Bachelor degrees."", ""Some departments may have higher standards.""]}, {""subtitle"": ""English Requirement"", ""description"": [""English proficiency evidence may be needed.""]}]",2026-10-01,12 months,24675,GBP,"��4,000",0,,0,,6,5.5,82,Listening 17 Reading 18 Writing 17 Speaking 20,60,59,Global Talent Masters Scholarship,"��5,000",,"{""subtitle"": ""Scholarships"", ""description"": [""If you're an international student, took your undergraduate degree overseas or in the UK and are self-funding your postgraduate studies, you could be eligible for a scholarship""]}",MSc,https://www.essex.ac.uk/courses/pg00581/1/msc-finance-and-management,,,,,,,
University of Essex,Accounting and Finance,Financial Economics,a four year undergraduate,2.75,,,"[{""subtitle"": ""Entry requirements"", ""description"": [""For Postgraduate Taught Masters, candidates from Band 1 or Band 2 institutions need 50% or 5.3/10, while those from other institutions require 55% or 5.8/10 from Bachelor degrees."", ""Some departments may have higher standards.""]}, {""subtitle"": ""English Requirement"", ""description"": [""English proficiency evidence may be needed.""]}]",2026-10-01,12 months,24675,GBP,"��4,000",0,,0,,6,5.5,82,Listening 17 Reading 18 Writing 17 Speaking 20,60,59,Global Talent Masters Scholarship,"��5,000",,"{""subtitle"": ""Scholarships"", ""description"": [""If you're an international student, took your undergraduate degree overseas or in the UK and are self-funding your postgraduate studies, you could be eligible for a scholarship""]}",MSc,https://www.essex.ac.uk/courses/pg00586/1/msc-financial-economics,,,,,,,
University of Essex,Accounting and Finance,Financial Economics and Accounting,a four year undergraduate,2.75,,,"[{""subtitle"": ""Entry requirements"", ""description"": [""For Postgraduate Taught Masters, candidates from Band 1 or Band 2 institutions need 50% or 5.3/10, while those from other institutions require 55% or 5.8/10 from Bachelor degrees."", ""Some departments may have higher standards.""]}, {""subtitle"": ""English Requirement"", ""description"": [""English proficiency evidence may be needed.""]}]",2026-10-01,12 months,24675,GBP,"��4,000",0,,0,,6,5.5,82,Listening 17 Reading 18 Writing 17 Speaking 20,60,59,Global Talent Masters Scholarship,"��5,000",,"{""subtitle"": ""Scholarships"", ""description"": [""If you're an international student, took your undergraduate degree overseas or in the UK and are self-funding your postgraduate studies, you could be eligible for a scholarship""]}",MSc,https://www.essex.ac.uk/courses/pg00427/1/msc-financial-economics-and-accounting,,,,,,,
University of Essex,Accounting and Finance,Financial Engineering and Risk Management,a four year undergraduate,2.75,,,,2026-10-01,12 months,24675,GBP,"��4,000",0,,0,,6,5.5,82,Listening 17 Reading 18 Writing 17 Speaking 20,60,59,Global Talent Masters Scholarship,"��5,000",,"{""subtitle"": ""Scholarships"", ""description"": [""If you're an international student, took your undergraduate degree overseas or in the UK and are self-funding your postgraduate studies, you could be eligible for a scholarship""]}",MSc,https://www.essex.ac.uk/courses/pg00588/1/msc-financial-engineering-and-risk-management,,,,,,,
University of Essex,Accounting and Finance,Financial Technology (Computer Science),a four year undergraduate,2.75,,,"[{""subtitle"": ""Entry requirements"", ""description"": [""For Postgraduate Taught Masters, candidates from Band 1 or Band 2 institutions need 50% or 5.3/10, while those from other institutions require 55% or 5.8/10 from Bachelor degrees."", ""Some departments may have higher standards.""]}, {""subtitle"": ""English Requirement"", ""description"": [""English proficiency evidence may be needed.""]}]",2026-10-01,12 months,24675,GBP,"��4,000",0,,0,,6,5.5,82,Listening 17 Reading 18 Writing 17 Speaking 20,60,59,Global Talent Masters Scholarship,"��5,000",,"{""subtitle"": ""Scholarships"", ""description"": [""If you're an international student, took your undergraduate degree overseas or in the UK and are self-funding your postgraduate studies, you could be eligible for a scholarship""]}",MSc,https://www.essex.ac.uk/courses/pg01382/1/msc-financial-technology-computer-science,,,,,,,
University of Essex,Accounting and Finance,Financial Technology (Economics),a four year undergraduate,2.75,,,"[{""subtitle"": ""Entry requirements"", ""description"": [""For Postgraduate Taught Masters, candidates from Band 1 or Band 2 institutions need 50% or 5.3/10, while those from other institutions require 55% or 5.8/10 from Bachelor degrees."", ""Some departments may have higher standards.""]}, {""subtitle"": ""English Requirement"", ""description"": [""English proficiency evidence may be needed.""]}]",2026-10-01,12 months,24675,GBP,"��4,000",0,,0,,6,5.5,82,Listening 17 Reading 18 Writing 17 Speaking 20,60,59,Global Talent Masters Scholarship,"��5,000",,"{""subtitle"": ""Scholarships"", ""description"": [""If you're an international student, took your undergraduate degree overseas or in the UK and are self-funding your postgraduate studies, you could be eligible for a scholarship""]}",MSc,https://www.essex.ac.uk/courses/pg01381/1/msc-financial-technology-economics,,,,,,,
University of Essex,Accounting and Finance,Financial Technology (Finance),a four year undergraduate,2.75,,,"[{""subtitle"": ""Entry requirements"", ""description"": [""For Postgraduate Taught Masters, candidates from Band 1 or Band 2 institutions need 50% or 5.3/10, while those from other institutions require 55% or 5.8/10 from Bachelor degrees."", ""Some departments may have higher standards.""]}, {""subtitle"": ""English Requirement"", ""description"": [""English proficiency evidence may be needed.""]}]",2026-10-01,12 months,24675,GBP,"��4,000",0,,0,,6,5.5,82,Listening 17 Reading 18 Writing 17 Speaking 20,60,59,Global Talent Masters Scholarship,"��5,000",,"{""subtitle"": ""Scholarships"", ""description"": [""If you're an international student, took your undergraduate degree overseas or in the UK and are self-funding your postgraduate studies, you could be eligible for a scholarship""]}",MSc,https://www.essex.ac.uk/courses/pg01380/1/msc-financial-technology-finance,,,,,,,
University of Essex,Politics,Global and Comparative Politics,a four year undergraduate,2.75,,,"[{""subtitle"": ""Entry requirements"", ""description"": [""For Postgraduate Taught Masters, candidates from Band 1 or Band 2 institutions need 50% or 5.3/10, while those from other institutions require 55% or 5.8/10 from Bachelor degrees."", ""Some departments may have higher standards.""]}, {""subtitle"": ""English Requirement"", ""description"": [""English proficiency evidence may be needed.""]}]",2026-10-01,12 months,23875,GBP,"��4,000",0,,0,,6,5.5,82,Listening 17 Reading 18 Writing 17 Speaking 20,60,59,Global Talent Masters Scholarship,"��5,000",,"{""subtitle"": ""Scholarships"", ""description"": [""If you're an international student, took your undergraduate degree overseas or in the UK and are self-funding your postgraduate studies, you could be eligible for a scholarship""]}",MSc,https://www.essex.ac.uk/courses/pg00594/2/msc-global-and-comparative-politics,,,,,,,
University of Essex,Management,Global Project Management,a four year undergraduate,2.75,,,"[{""subtitle"": ""Entry requirements"", ""description"": [""For Postgraduate Taught Masters, candidates from Band 1 or Band 2 institutions need 50% or 5.3/10, while those from other institutions require 55% or 5.8/10 from Bachelor degrees."", ""Some departments may have higher standards.""]}, {""subtitle"": ""English Requirement"", ""description"": [""English proficiency evidence may be needed.""]}]",2026-10-01,12 months,24675,GBP,"��4,000",0,,0,,6,5.5,82,Listening 17 Reading 18 Writing 17 Speaking 20,60,59,Global Talent Masters Scholarship,"��5,000",,"{""subtitle"": ""Scholarships"", ""description"": [""If you're an international student, took your undergraduate degree overseas or in the UK and are self-funding your postgraduate studies, you could be eligible for a scholarship""]}",MSc,https://www.essex.ac.uk/courses/pg00595/1/msc-global-project-management,,,,,,,
University of Essex,Health Professions,Global Public Health,a four year undergraduate,2.75,,,"[{""subtitle"": ""Entry requirements"", ""description"": [""For Postgraduate Taught Masters, candidates from Band 1 or Band 2 institutions need 50% or 5.3/10, while those from other institutions require 55% or 5.8/10 from Bachelor degrees."", ""Some departments may have higher standards.""]}, {""subtitle"": ""English Requirement"", ""description"": [""English proficiency evidence may be needed.""]}]",2026-01-01,12 months,22750,GBP,"��4,000",0,,0,,6,5.5,82,Listening 17 Reading 18 Writing 17 Speaking 20,60,59,Global Talent Masters Scholarship,"��5,000",,"{""subtitle"": ""Scholarships"", ""description"": [""If you're an international student, took your undergraduate degree overseas or in the UK and are self-funding your postgraduate studies, you could be eligible for a scholarship""]}",MSc,https://www.essex.ac.uk/courses/PG01447/1/MSc-Global-Public-Health?startdate=24-01&studymode=FullTime&_cldee=FOJeTuRisMPyECPnGbjpN9551wwDcROOMpoXREKo6cT8GchxxiE4VKHHjYxFNZM9&recipientid=contact-c489ccbad017e81180ef005056342d86-fbf54b4c3e3b4d419235015213109044&utm_source=ClickDimensions&utm_medium=email&utm_campaign=Agent%20Comms%2021%2F22&esid=a36859db-5d14-ef11-9f89-6045bdd15e65,,,,,,,
University of Essex,Health Professions,Health Genomics,a four year undergraduate,2.75,,,"[{""subtitle"": ""Entry requirements"", ""description"": [""For Postgraduate Taught Masters, candidates from Band 1 or Band 2 institutions need 50% or 5.3/10, while those from other institutions require 55% or 5.8/10 from Bachelor degrees."", ""Some departments may have higher standards.""]}, {""subtitle"": ""English Requirement"", ""description"": [""English proficiency evidence may be needed.""]}]",2026-10-01,12 months,23875,GBP,"��4,000",0,,0,,6,5.5,82,Listening 17 Reading 18 Writing 17 Speaking 20,60,59,Global Talent Masters Scholarship,"��5,000",,"{""subtitle"": ""Scholarships"", ""description"": [""If you're an international student, took your undergraduate degree overseas or in the UK and are self-funding your postgraduate studies, you could be eligible for a scholarship""]}",MSc,https://www.essex.ac.uk/courses/pg01365/1/msc-health-genomics,,,,,,,
University of Essex,Management,Human Resource Management,a four year undergraduate,2.75,,,"[{""subtitle"": ""Entry requirements"", ""description"": [""For Postgraduate Taught Masters, candidates from Band 1 or Band 2 institutions need 50% or 5.3/10, while those from other institutions require 55% or 5.8/10 from Bachelor degrees."", ""Some departments may have higher standards.""]}, {""subtitle"": ""English Requirement"", ""description"": [""English proficiency evidence may be needed.""]}]",2026-10-01,12 months,24675,GBP,"��4,000",0,,0,,6,5.5,82,Listening 17 Reading 18 Writing 17 Speaking 20,60,59,Global Talent Masters Scholarship,"��5,000",,"{""subtitle"": ""Scholarships"", ""description"": [""If you're an international student, took your undergraduate degree overseas or in the UK and are self-funding your postgraduate studies, you could be eligible for a scholarship""]}",MSc,https://www.essex.ac.uk/courses/pg01036/1/msc-human-resource-management,,,,,,,
University of Essex,Business and Management,International Business and Entrepreneurship,a four year undergraduate,2.75,,,"[{""subtitle"": ""Entry requirements"", ""description"": [""For Postgraduate Taught Masters, candidates from Band 1 or Band 2 institutions need 50% or 5.3/10, while those from other institutions require 55% or 5.8/10 from Bachelor degrees."", ""Some departments may have higher standards.""]}, {""subtitle"": ""English Requirement"", ""description"": [""English proficiency evidence may be needed.""]}]",2026-01-01,12 months,23500,GBP,"��4,000",0,,0,,6,5.5,82,Listening 17 Reading 18 Writing 17 Speaking 20,60,59,Global Talent Masters Scholarship,"��5,000",,"{""subtitle"": ""Scholarships"", ""description"": [""If you're an international student, took your undergraduate degree overseas or in the UK and are self-funding your postgraduate studies, you could be eligible for a scholarship""]}",MSc,https://www.essex.ac.uk/courses/pg00631/1/msc-international-business-and-entrepreneurship,,,,,,,
University of Essex,Management,International Hospitality Management,a four year undergraduate,2.75,,,"[{""subtitle"": ""Entry requirements"", ""description"": [""For Postgraduate Taught Masters, candidates from Band 1 or Band 2 institutions need 50% or 5.3/10, while those from other institutions require 55% or 5.8/10 from Bachelor degrees."", ""Some departments may have higher standards.""]}, {""subtitle"": ""English Requirement"", ""description"": [""English proficiency evidence may be needed.""]}]",2026-10-01,12 months,21700,GBP,"��4,000",0,,0,,6,5.5,82,Listening 17 Reading 18 Writing 17 Speaking 20,60,59,Global Talent Masters Scholarship,"��5,000",,"{""subtitle"": ""Scholarships"", ""description"": [""If you're an international student, took your undergraduate degree overseas or in the UK and are self-funding your postgraduate studies, you could be eligible for a scholarship""]}",MSc,https://www.essex.ac.uk/courses/PG01115/1/MSc-International-Hospitality-Management,,,,,,,
University of Essex,Computer Science,International Logistics and Supply Chain Management,a four year undergraduate,2.75,,,"[{""subtitle"": ""Entry requirements"", ""description"": [""For Postgraduate Taught Masters, candidates from Band 1 or Band 2 institutions need 50% or 5.3/10, while those from other institutions require 55% or 5.8/10 from Bachelor degrees."", ""Some departments may have higher standards.""]}, {""subtitle"": ""English Requirement"", ""description"": [""English proficiency evidence may be needed.""]}]",2026-01-01,12 months,23500,GBP,"��4,000",0,,0,,6,5.5,82,Listening 17 Reading 18 Writing 17 Speaking 20,60,59,Global Talent Masters Scholarship,"��5,000",,"{""subtitle"": ""Scholarships"", ""description"": [""If you're an international student, took your undergraduate degree overseas or in the UK and are self-funding your postgraduate studies, you could be eligible for a scholarship""]}",MSc,https://www.essex.ac.uk/courses/PG01102/1/MSc-International-Logistics-and-Supply-Chain-Management?startdate=26-10,,,,,,,
University of Essex,International Relations,International Relations,a four year undergraduate,2.75,,,"[{""subtitle"": ""Entry requirements"", ""description"": [""For Postgraduate Taught Masters, candidates from Band 1 or Band 2 institutions need 50% or 5.3/10, while those from other institutions require 55% or 5.8/10 from Bachelor degrees."", ""Some departments may have higher standards.""]}, {""subtitle"": ""English Requirement"", ""description"": [""English proficiency evidence may be needed.""]}]",2026-10-01,12 months,23875,GBP,"��4,000",0,,0,,6,5.5,82,Listening 17 Reading 18 Writing 17 Speaking 20,60,59,Global Talent Masters Scholarship,"��5,000",,"{""subtitle"": ""Scholarships"", ""description"": [""If you're an international student, took your undergraduate degree overseas or in the UK and are self-funding your postgraduate studies, you could be eligible for a scholarship""]}",MSc,https://www.essex.ac.uk/courses/pg00641/2/msc-international-relations,,,,,,,
University of Essex,Health Professions,Leadership in Health and Care,a four year undergraduate,2.75,,,"[{""subtitle"": ""Entry requirements"", ""description"": [""For Postgraduate Taught Masters, candidates from Band 1 or Band 2 institutions need 50% or 5.3/10, while those from other institutions require 55% or 5.8/10 from Bachelor degrees."", ""Some departments may have higher standards.""]}, {""subtitle"": ""English Requirement"", ""description"": [""English proficiency evidence may be needed.""]}]",2026-10-01,12 months,23875,GBP,"��4,000",0,,0,,6,5.5,82,Listening 17 Reading 18 Writing 17 Speaking 20,60,59,Global Talent Masters Scholarship,"��5,000",,"{""subtitle"": ""Scholarships"", ""description"": [""If you're an international student, took your undergraduate degree overseas or in the UK and are self-funding your postgraduate studies, you could be eligible for a scholarship""]}",MSc,https://www.essex.ac.uk/courses/pg01564/1/msc-leadership-in-health-and-care,,,,,,,
University of Essex,Management,Management (1 Year),a four year undergraduate,2.75,,,"[{""subtitle"": ""Entry requirements"", ""description"": [""For Postgraduate Taught Masters, candidates from Band 1 or Band 2 institutions need 50% or 5.3/10, while those from other institutions require 55% or 5.8/10 from Bachelor degrees."", ""Some departments may have higher standards.""]}, {""subtitle"": ""English Requirement"", ""description"": [""English proficiency evidence may be needed.""]}]",2026-10-01,12 months,24675,GBP,"��4,000",0,,0,,6,5.5,82,Listening 17 Reading 18 Writing 17 Speaking 20,60,59,Global Talent Masters Scholarship,"��5,000",,"{""subtitle"": ""Scholarships"", ""description"": [""If you're an international student, took your undergraduate degree overseas or in the UK and are self-funding your postgraduate studies, you could be eligible for a scholarship""]}",MSc,https://www.essex.ac.uk/courses/pg00670/1/msc-management,,,,,,,
University of Essex,Management,Management (International),a four year undergraduate,2.75,,,"[{""subtitle"": ""Entry requirements"", ""description"": [""For Postgraduate Taught Masters, candidates from Band 1 or Band 2 institutions need 50% or 5.3/10, while those from other institutions require 55% or 5.8/10 from Bachelor degrees."", ""Some departments may have higher standards.""]}, {""subtitle"": ""English Requirement"", ""description"": [""English proficiency evidence may be needed.""]}]",2026-10-01,12 months,24675,GBP,"��4,000",0,,0,,6,5.5,82,Listening 17 Reading 18 Writing 17 Speaking 20,60,59,Global Talent Masters Scholarship,"��5,000",,"{""subtitle"": ""Scholarships"", ""description"": [""If you're an international student, took your undergraduate degree overseas or in the UK and are self-funding your postgraduate studies, you could be eligible for a scholarship""]}",MSc,https://www.essex.ac.uk/courses/pg00670/2/msc-management,,,,,,,
University of Essex,Management,Management (Marketing),a four year undergraduate,2.75,,,"[{""subtitle"": ""Entry requirements"", ""description"": [""For Postgraduate Taught Masters, candidates from Band 1 or Band 2 institutions need 50% or 5.3/10, while those from other institutions require 55% or 5.8/10 from Bachelor degrees."", ""Some departments may have higher standards.""]}, {""subtitle"": ""English Requirement"", ""description"": [""English proficiency evidence may be needed.""]}]",2026-10-01,12 months,24675,GBP,"��4,000",0,,0,,6,5.5,82,Listening 17 Reading 18 Writing 17 Speaking 20,60,59,Global Talent Masters Scholarship,"��5,000",,"{""subtitle"": ""Scholarships"", ""description"": [""If you're an international student, took your undergraduate degree overseas or in the UK and are self-funding your postgraduate studies, you could be eligible for a scholarship""]}",MSc,https://www.essex.ac.uk/courses/pg00670/3/msc-management,,,,,,,
University of Essex,Management,Management (Social Economy),a four year undergraduate,2.75,,,"[{""subtitle"": ""Entry requirements"", ""description"": [""For Postgraduate Taught Masters, candidates from Band 1 or Band 2 institutions need 50% or 5.3/10, while those from other institutions require 55% or 5.8/10 from Bachelor degrees."", ""Some departments may have higher standards.""]}, {""subtitle"": ""English Requirement"", ""description"": [""English proficiency evidence may be needed.""]}]",2026-10-01,12 months,24675,GBP,"��4,000",0,,0,,6,5.5,82,Listening 17 Reading 18 Writing 17 Speaking 20,60,59,Global Talent Masters Scholarship,"��5,000",,"{""subtitle"": ""Scholarships"", ""description"": [""If you're an international student, took your undergraduate degree overseas or in the UK and are self-funding your postgraduate studies, you could be eligible for a scholarship""]}",MSc,https://www.essex.ac.uk/courses/pg00670/6/msc-management,,,,,,,
University of Essex,Economics,Management Economics,a four year undergraduate,2.75,,,"[{""subtitle"": ""Entry requirements"", ""description"": [""For Postgraduate Taught Masters, candidates from Band 1 or Band 2 institutions need 50% or 5.3/10, while those from other institutions require 55% or 5.8/10 from Bachelor degrees."", ""Some departments may have higher standards.""]}, {""subtitle"": ""English Requirement"", ""description"": [""English proficiency evidence may be needed.""]}]",2026-10-01,12 months,24675,GBP,"��4,000",0,,0,,6,5.5,82,Listening 17 Reading 18 Writing 17 Speaking 20,60,59,Global Talent Masters Scholarship,"��5,000",,"{""subtitle"": ""Scholarships"", ""description"": [""If you're an international student, took your undergraduate degree overseas or in the UK and are self-funding your postgraduate studies, you could be eligible for a scholarship""]}",MSc,https://www.essex.ac.uk/courses/pg00673/1/msc-management-economics,,,,,,,
University of Essex,Computer Science,Marine Science and Sustainable Development,a four year undergraduate,2.75,,,"[{""subtitle"": ""Entry requirements"", ""description"": [""For Postgraduate Taught Masters, candidates from Band 1 or Band 2 institutions need 50% or 5.3/10, while those from other institutions require 55% or 5.8/10 from Bachelor degrees."", ""Some departments may have higher standards.""]}, {""subtitle"": ""English Requirement"", ""description"": [""English proficiency evidence may be needed.""]}]",2026-10-01,12 months,23875,GBP,"��4,000",0,,0,,6,5.5,82,Listening 17 Reading 18 Writing 17 Speaking 20,60,59,Global Talent Masters Scholarship,"��5,000",,"{""subtitle"": ""Scholarships"", ""description"": [""If you're an international student, took your undergraduate degree overseas or in the UK and are self-funding your postgraduate studies, you could be eligible for a scholarship""]}",MSc,https://www.essex.ac.uk/courses/pg01511/1/msc-marine-science-and-sustainable-development,,,,,,,
University of Essex,Marketing,Marketing,a four year undergraduate,2.75,,,"[{""subtitle"": ""Entry requirements"", ""description"": [""For Postgraduate Taught Masters, candidates from Band 1 or Band 2 institutions need 50% or 5.3/10, while those from other institutions require 55% or 5.8/10 from Bachelor degrees."", ""Some departments may have higher standards.""]}, {""subtitle"": ""English Requirement"", ""description"": [""English proficiency evidence may be needed.""]}]",2026-10-01,12 months,24675,GBP,"��4,000",0,,0,,6,5.5,82,Listening 17 Reading 18 Writing 17 Speaking 20,60,59,Global Talent Masters Scholarship,"��5,000",,"{""subtitle"": ""Scholarships"", ""description"": [""If you're an international student, took your undergraduate degree overseas or in the UK and are self-funding your postgraduate studies, you could be eligible for a scholarship""]}",MSc,https://www.essex.ac.uk/courses/pg00679/1/msc-marketing,,,,,,,
University of Essex,Accounting and Finance,Mathematics and Finance,a four year undergraduate,2.75,,,"[{""subtitle"": ""Entry requirements"", ""description"": [""For Postgraduate Taught Masters, candidates from Band 1 or Band 2 institutions need 50% or 5.3/10, while those from other institutions require 55% or 5.8/10 from Bachelor degrees."", ""Some departments may have higher standards.""]}, {""subtitle"": ""English Requirement"", ""description"": [""English proficiency evidence may be needed.""]}]",2026-10-01,12 months,23875,GBP,"��4,000",0,,0,,6,5.5,82,Listening 17 Reading 18 Writing 17 Speaking 20,60,59,Global Talent Masters Scholarship,"��5,000",,"{""subtitle"": ""Scholarships"", ""description"": [""If you're an international student, took your undergraduate degree overseas or in the UK and are self-funding your postgraduate studies, you could be eligible for a scholarship""]}",MSc,https://www.essex.ac.uk/courses/pg00610/1/msc-mathematics-and-finance,,,,,,,
University of Essex,Medicine,Molecular Medicine,a four year undergraduate,2.75,,,"[{""subtitle"": ""Entry requirements"", ""description"": [""For Postgraduate Taught Masters, candidates from Band 1 or Band 2 institutions need 50% or 5.3/10, while those from other institutions require 55% or 5.8/10 from Bachelor degrees."", ""Some departments may have higher standards.""]}, {""subtitle"": ""English Requirement"", ""description"": [""English proficiency evidence may be needed.""]}]",2026-01-01,12 months,22750,GBP,"��4,000",0,,0,,6,5.5,82,Listening 17 Reading 18 Writing 17 Speaking 20,60,59,Global Talent Masters Scholarship,"��5,000",,"{""subtitle"": ""Scholarships"", ""description"": [""If you're an international student, took your undergraduate degree overseas or in the UK and are self-funding your postgraduate studies, you could be eligible for a scholarship""]}",MSc,https://www.essex.ac.uk/courses/pg00686/1/msc-molecular-medicine,,,,,,,
University of Essex,Management,Organisational Change Management,a four year undergraduate,2.75,,,"[{""subtitle"": ""Entry requirements"", ""description"": [""For Postgraduate Taught Masters, candidates from Band 1 or Band 2 institutions need 50% or 5.3/10, while those from other institutions require 55% or 5.8/10 from Bachelor degrees."", ""Some departments may have higher standards.""]}, {""subtitle"": ""English Requirement"", ""description"": [""English proficiency evidence may be needed.""]}]",2026-10-01,12 months,24675,GBP,"��4,000",0,,0,,6,5.5,82,Listening 17 Reading 18 Writing 17 Speaking 20,60,59,Global Talent Masters Scholarship,"��5,000",,"{""subtitle"": ""Scholarships"", ""description"": [""If you're an international student, took your undergraduate degree overseas or in the UK and are self-funding your postgraduate studies, you could be eligible for a scholarship""]}",MSc,https://www.essex.ac.uk/courses/pg01367/1/msc-organisational-change-management,,,,,,,
University of Essex,Politics,Political Economy (1 Year),a four year undergraduate,2.75,,,"[{""subtitle"": ""Entry requirements"", ""description"": [""For Postgraduate Taught Masters, candidates from Band 1 or Band 2 institutions need 50% or 5.3/10, while those from other institutions require 55% or 5.8/10 from Bachelor degrees."", ""Some departments may have higher standards.""]}, {""subtitle"": ""English Requirement"", ""description"": [""English proficiency evidence may be needed.""]}]",2026-10-01,12 months,23875,GBP,"��4,000",0,,0,,6,5.5,82,Listening 17 Reading 18 Writing 17 Speaking 20,60,59,Global Talent Masters Scholarship,"��5,000",,"{""subtitle"": ""Scholarships"", ""description"": [""If you're an international student, took your undergraduate degree overseas or in the UK and are self-funding your postgraduate studies, you could be eligible for a scholarship""]}",MSc,https://www.essex.ac.uk/courses/pg00724/2/msc-political-economy,,,,,,,
University of Essex,Politics,Political Psychology (1 Year),a four year undergraduate,2.75,,,"[{""subtitle"": ""Entry requirements"", ""description"": [""For Postgraduate Taught Masters, candidates from Band 1 or Band 2 institutions need 50% or 5.3/10, while those from other institutions require 55% or 5.8/10 from Bachelor degrees."", ""Some departments may have higher standards.""]}, {""subtitle"": ""English Requirement"", ""description"": [""English proficiency evidence may be needed.""]}]",2026-10-01,12 months,23875,GBP,"��4,000",0,,0,,6,5.5,82,Listening 17 Reading 18 Writing 17 Speaking 20,60,59,Global Talent Masters Scholarship,"��5,000",,"{""subtitle"": ""Scholarships"", ""description"": [""If you're an international student, took your undergraduate degree overseas or in the UK and are self-funding your postgraduate studies, you could be eligible for a scholarship""]}",MSc,https://www.essex.ac.uk/courses/pg01517/2/msc-political-psychology,,,,,,,
University of Essex,Politics,Political Science (1 Year),a four year undergraduate,2.75,,,"[{""subtitle"": ""Entry requirements"", ""description"": [""For Postgraduate Taught Masters, candidates from Band 1 or Band 2 institutions need 50% or 5.3/10, while those from other institutions require 55% or 5.8/10 from Bachelor degrees."", ""Some departments may have higher standards.""]}, {""subtitle"": ""English Requirement"", ""description"": [""English proficiency evidence may be needed.""]}]",2026-10-01,12 months,23875,GBP,"��4,000",0,,0,,6,5.5,82,Listening 17 Reading 18 Writing 17 Speaking 20,60,59,Global Talent Masters Scholarship,"��5,000",,"{""subtitle"": ""Scholarships"", ""description"": [""If you're an international student, took your undergraduate degree overseas or in the UK and are self-funding your postgraduate studies, you could be eligible for a scholarship""]}",MSc,https://www.essex.ac.uk/courses/pg00725/2/msc-political-science,,,,,,,
University of Essex,Politics,"Politics, Communications and Data Analytics",a four year undergraduate,2.75,,,"[{""subtitle"": ""Entry requirements"", ""description"": [""For Postgraduate Taught Masters, candidates from Band 1 or Band 2 institutions need 50% or 5.3/10, while those from other institutions require 55% or 5.8/10 from Bachelor degrees."", ""Some departments may have higher standards.""]}, {""subtitle"": ""English Requirement"", ""description"": [""English proficiency evidence may be needed.""]}]",2026-10-01,12 months,23875,GBP,"��4,000",0,,0,,6,5.5,82,Listening 17 Reading 18 Writing 17 Speaking 20,60,59,Global Talent Masters Scholarship,"��5,000",,"{""subtitle"": ""Scholarships"", ""description"": [""If you're an international student, took your undergraduate degree overseas or in the UK and are self-funding your postgraduate studies, you could be eligible for a scholarship""]}",MSc,https://www.essex.ac.uk/courses/pg01481/1/msc-politics-communications-and-data-analytics,,,,,,,
University of Essex,Psychology,Psychology,a four year undergraduate,2.75,,,"[{""subtitle"": ""Entry requirements"", ""description"": [""For Postgraduate Taught Masters, candidates from Band 1 or Band 2 institutions need 50% or 5.3/10, while those from other institutions require 55% or 5.8/10 from Bachelor degrees."", ""Some departments may have higher standards.""]}, {""subtitle"": ""English Requirement"", ""description"": [""English proficiency evidence may be needed.""]}]",2026-10-01,12 months,23875,GBP,"��4,000",0,,0,,6,5.5,82,Listening 17 Reading 18 Writing 17 Speaking 20,60,59,Global Talent Masters Scholarship,"��5,000",,"{""subtitle"": ""Scholarships"", ""description"": [""If you're an international student, took your undergraduate degree overseas or in the UK and are self-funding your postgraduate studies, you could be eligible for a scholarship""]}",MSc,https://www.essex.ac.uk/courses/PG00755/1/MSc-Psychology?startdate=24-01&_cldee=FOJeTuRisMPyECPnGbjpN9551wwDcROOMpoXREKo6cT8GchxxiE4VKHHjYxFNZM9&recipientid=contact-c489ccbad017e81180ef005056342d86-fbf54b4c3e3b4d419235015213109044&utm_source=ClickDimensions&utm_medium=email&utm_campaign=Agent%20Comms%2021%2F22&esid=a36859db-5d14-ef11-9f89-6045bdd15e65,,,,,,,
University of Essex,Politics,Public Opinion and Political Behaviour (1 Year),a four year undergraduate,2.75,,,"[{""subtitle"": ""Entry requirements"", ""description"": [""For Postgraduate Taught Masters, candidates from Band 1 or Band 2 institutions need 50% or 5.3/10, while those from other institutions require 55% or 5.8/10 from Bachelor degrees."", ""Some departments may have higher standards.""]}, {""subtitle"": ""English Requirement"", ""description"": [""English proficiency evidence may be needed.""]}]",2026-10-01,12 months,23875,GBP,"��4,000",0,,0,,6,5.5,82,Listening 17 Reading 18 Writing 17 Speaking 20,60,59,Global Talent Masters Scholarship,"��5,000",,"{""subtitle"": ""Scholarships"", ""description"": [""If you're an international student, took your undergraduate degree overseas or in the UK and are self-funding your postgraduate studies, you could be eligible for a scholarship""]}",MSc,https://www.essex.ac.uk/courses/pg00761/2/msc-public-opinion-and-political-behaviour,,,,,,,
University of Essex,Development Studies,Quantitative International Development,a four year undergraduate,2.75,,,"[{""subtitle"": ""Entry requirements"", ""description"": [""For Postgraduate Taught Masters, candidates from Band 1 or Band 2 institutions need 50% or 5.3/10, while those from other institutions require 55% or 5.8/10 from Bachelor degrees."", ""Some departments may have higher standards.""]}, {""subtitle"": ""English Requirement"", ""description"": [""English proficiency evidence may be needed.""]}]",2026-10-01,12 months,24675,GBP,"��4,000",0,,0,,6,5.5,82,Listening 17 Reading 18 Writing 17 Speaking 20,60,59,Global Talent Masters Scholarship,"��5,000",,"{""subtitle"": ""Scholarships"", ""description"": [""If you're an international student, took your undergraduate degree overseas or in the UK and are self-funding your postgraduate studies, you could be eligible for a scholarship""]}",MSc,https://www.essex.ac.uk/courses/pg01303/1/msc-quantitative-international-development,,,,,,,
University of Essex,Politics,Quantitative Political Science,a four year undergraduate,2.75,,,"[{""subtitle"": ""Entry requirements"", ""description"": [""For Postgraduate Taught Masters, candidates from Band 1 or Band 2 institutions need 50% or 5.3/10, while those from other institutions require 55% or 5.8/10 from Bachelor degrees."", ""Some departments may have higher standards.""]}, {""subtitle"": ""English Requirement"", ""description"": [""English proficiency evidence may be needed.""]}]",2026-10-01,12 months,23875,GBP,"��4,000",0,,0,,6,5.5,82,Listening 17 Reading 18 Writing 17 Speaking 20,60,59,Global Talent Masters Scholarship,"��5,000",,"{""subtitle"": ""Scholarships"", ""description"": [""If you're an international student, took your undergraduate degree overseas or in the UK and are self-funding your postgraduate studies, you could be eligible for a scholarship""]}",MSc,https://www.essex.ac.uk/courses/pg01553/1/msc-quantitative-political-science,,,,,,,
University of Essex,Psychology,Research Methods In Psychology,a four year undergraduate,2.75,,,"[{""subtitle"": ""Entry requirements"", ""description"": [""For Postgraduate Taught Masters, candidates from Band 1 or Band 2 institutions need 50% or 5.3/10, while those from other institutions require 55% or 5.8/10 from Bachelor degrees."", ""Some departments may have higher standards.""]}, {""subtitle"": ""English Requirement"", ""description"": [""English proficiency evidence may be needed.""]}]",2026-10-01,12 months,23875,GBP,"��4,000",0,,0,,6,5.5,82,Listening 17 Reading 18 Writing 17 Speaking 20,60,59,Global Talent Masters Scholarship,"��5,000",,"{""subtitle"": ""Scholarships"", ""description"": [""If you're an international student, took your undergraduate degree overseas or in the UK and are self-funding your postgraduate studies, you could be eligible for a scholarship""]}",MSc,https://www.essex.ac.uk/courses/pg00764/1/msc-research-methods-in-psychology,,,,,,,
University of Essex,Computer Science,Social Data Science,a four year undergraduate,2.75,,,"[{""subtitle"": ""Entry requirements"", ""description"": [""For Postgraduate Taught Masters, candidates from Band 1 or Band 2 institutions need 50% or 5.3/10, while those from other institutions require 55% or 5.8/10 from Bachelor degrees."", ""Some departments may have higher standards.""]}, {""subtitle"": ""English Requirement"", ""description"": [""English proficiency evidence may be needed.""]}]",2026-10-01,12 months,24675,GBP,"��4,000",0,,0,,6,5.5,82,Listening 17 Reading 18 Writing 17 Speaking 20,60,59,Global Talent Masters Scholarship,"��5,000",,"{""subtitle"": ""Scholarships"", ""description"": [""If you're an international student, took your undergraduate degree overseas or in the UK and are self-funding your postgraduate studies, you could be eligible for a scholarship""]}",MSc,https://www.essex.ac.uk/courses/pg01314/1/msc-social-data-science,,,,,,,
University of Essex,Psychology,Sport and Exercise Psychology,a four year undergraduate,2.75,,,"[{""subtitle"": ""Entry requirements"", ""description"": [""For Postgraduate Taught Masters, candidates from Band 1 or Band 2 institutions need 50% or 5.3/10, while those from other institutions require 55% or 5.8/10 from Bachelor degrees."", ""Some departments may have higher standards.""]}, {""subtitle"": ""English Requirement"", ""description"": [""English proficiency evidence may be needed.""]}]",2026-10-01,12 months,23875,GBP,"��4,000",0,,0,,6,5.5,82,Listening 17 Reading 18 Writing 17 Speaking 20,60,59,Global Talent Masters Scholarship,"��5,000",,"{""subtitle"": ""Scholarships"", ""description"": [""If you're an international student, took your undergraduate degree overseas or in the UK and are self-funding your postgraduate studies, you could be eligible for a scholarship""]}",MSc,https://www.essex.ac.uk/courses/pg01146/1/msc-sport-and-exercise-psychology,,,,,,,
University of Essex,Sports Science,Sport and Exercise Science,a four year undergraduate,2.75,,,"[{""subtitle"": ""Entry requirements"", ""description"": [""For Postgraduate Taught Masters, candidates from Band 1 or Band 2 institutions need 50% or 5.3/10, while those from other institutions require 55% or 5.8/10 from Bachelor degrees."", ""Some departments may have higher standards.""]}, {""subtitle"": ""English Requirement"", ""description"": [""English proficiency evidence may be needed.""]}]",2026-10-01,12 months,23875,GBP,"��4,000",0,,0,,6,5.5,82,Listening 17 Reading 18 Writing 17 Speaking 20,60,59,Global Talent Masters Scholarship,"��5,000",,"{""subtitle"": ""Scholarships"", ""description"": [""If you're an international student, took your undergraduate degree overseas or in the UK and are self-funding your postgraduate studies, you could be eligible for a scholarship""]}",MSc,https://www.essex.ac.uk/courses/pg01127/1/msc-sport-and-exercise-science,,,,,,,
University of Essex,Biology,Tropical Marine Biology,a four year undergraduate,2.75,,,"[{""subtitle"": ""Entry requirements"", ""description"": [""For Postgraduate Taught Masters, candidates from Band 1 or Band 2 institutions need 50% or 5.3/10, while those from other institutions require 55% or 5.8/10 from Bachelor degrees."", ""Some departments may have higher standards.""]}, {""subtitle"": ""English Requirement"", ""description"": [""English proficiency evidence may be needed.""]}]",2026-10-01,12 months,24675,GBP,"��4,000",0,,0,,6,5.5,82,Listening 17 Reading 18 Writing 17 Speaking 20,60,59,Global Talent Masters Scholarship,"��5,000",,"{""subtitle"": ""Scholarships"", ""description"": [""If you're an international student, took your undergraduate degree overseas or in the UK and are self-funding your postgraduate studies, you could be eligible for a scholarship""]}",MSc,https://www.essex.ac.uk/courses/pg00837/1/msc-tropical-marine-biology,,,,,,,
University of Essex,Business and Management,Economics of Business and Management,a four year undergraduate,2.75,,,"[{""subtitle"": ""Entry requirements"", ""description"": [""For Postgraduate Taught Masters, candidates from Band 1 or Band 2 institutions need 50% or 5.3/10, while those from other institutions require 55% or 5.8/10 from Bachelor degrees."", ""Some departments may have higher standards.""]}, {""subtitle"": ""English Requirement"", ""description"": [""English proficiency evidence may be needed.""]}]",2026-01-01,12 months,23500,GBP,"��4,000",0,,0,,6,5.5,82,Listening 17 Reading 18 Writing 17 Speaking 20,60,59,Global Talent Masters Scholarship,"��5,000",,"{""subtitle"": ""Scholarships"", ""description"": [""If you're an international student, took your undergraduate degree overseas or in the UK and are self-funding your postgraduate studies, you could be eligible for a scholarship""]}",MSc,https://www.essex.ac.uk/courses/pg01569/1/msc-economics-of-business-and-management?_cldee=FOJeTuRisMPyECPnGbjpN9551wwDcROOMpoXREKo6cT8GchxxiE4VKHHjYxFNZM9&recipientid=contact-c489ccbad017e81180ef005056342d86-fbf54b4c3e3b4d419235015213109044&utm_source=ClickDimensions&utm_medium=email&utm_campaign=Agent%20Comms%2021%2F22&esid=a36859db-5d14-ef11-9f89-6045bdd15e65,,,,,,,
University of Essex,Computer Science,Data Science with Professional Placement,a four year undergraduate,2.75,,,"[{""subtitle"": ""Entry requirements"", ""description"": [""For Postgraduate Taught Masters, candidates from Band 1 or Band 2 institutions need 50% or 5.3/10, while those from other institutions require 55% or 5.8/10 from Bachelor degrees."", ""Some departments may have higher standards.""]}, {""subtitle"": ""English Requirement"", ""description"": [""English proficiency evidence may be needed.""]}]",2026-01-01,24 months,22750,GBP,"��4,000",0,,0,,6,5.5,82,Listening 17 Reading 18 Writing 17 Speaking 20,60,59,Global Talent Masters Scholarship,"��5,000",,"{""subtitle"": ""Scholarships"", ""description"": [""If you're an international student, took your undergraduate degree overseas or in the UK and are self-funding your postgraduate studies, you could be eligible for a scholarship""]}",MSc,https://www.essex.ac.uk/courses/pg00742/2/msc-data-science,,,,,,,
University of Essex,Other,Physiotherapy (Pre-Registration),a four year undergraduate,2.75,,,"[{""subtitle"": ""Entry requirements"", ""description"": [""For Postgraduate Taught Masters, candidates from Band 1 or Band 2 institutions need 50% or 5.3/10, while those from other institutions require 55% or 5.8/10 from Bachelor degrees."", ""Some departments may have higher standards.""]}, {""subtitle"": ""English Requirement"", ""description"": [""English proficiency evidence may be needed.""]}]",2026-10-01,24 months,23875,GBP,"��4,000",0,,0,,6,5.5,82,Listening 17 Reading 18 Writing 17 Speaking 20,60,59,Global Talent Masters Scholarship,"��5,000",,"{""subtitle"": ""Scholarships"", ""description"": [""If you're an international student, took your undergraduate degree overseas or in the UK and are self-funding your postgraduate studies, you could be eligible for a scholarship""]}",MSc,https://www.essex.ac.uk/courses/pg00720/1/msc-physiotherapy-pre-registration,,,,,,,
University of Essex,Medicine,Medical and Clinical Education (6 Years),a four year undergraduate,2.75,,,"[{""subtitle"": ""Entry requirements"", ""description"": [""For Postgraduate Taught Masters, candidates from Band 1 or Band 2 institutions need 50% or 5.3/10, while those from other institutions require 55% or 5.8/10 from Bachelor degrees."", ""Some departments may have higher standards.""]}, {""subtitle"": ""English Requirement"", ""description"": [""English proficiency evidence may be needed.""]}]",2026-10-01,72 months,9870,GBP,"��4,000",0,,0,,6,5.5,82,Listening 17 Reading 18 Writing 17 Speaking 20,60,59,Global Talent Masters Scholarship,"��5,000",,"{""subtitle"": ""Scholarships"", ""description"": [""If you're an international student, took your undergraduate degree overseas or in the UK and are self-funding your postgraduate studies, you could be eligible for a scholarship""]}",MSc,https://www.essex.ac.uk/courses/pg01008/1/msc-medical-and-clinical-education,,,,,,,
University of Essex,Computer Science,Actuarial Science and Data Science (Integrated),IB,60,,60,"[{""subtitle"": ""Entry requirements"", ""description"": [""To be eligible for most Undergraduate Bachelor degree courses, applicants must have an average of 60% in the best four subjects from Indian high school qualifications."", ""Achieving 70% in English from CBSE or CISCE exempts from additional English tests."", ""Some courses may have higher requirements.""]}, {""subtitle"": ""English Requirement"", ""description"": [""If not exempt, English test scores are needed.""]}]",2026-10-01,48 months,21500,GBP,,0,,0,,,,,,,,,,,,MSci,"https://www.essex.ac.uk/courses/ug01421/1/integrated-master-in-science,-c-,-actuarial-science-and-data-science?startdate=26-10",,,,,,,
University of Essex,Accounting and Finance,Accounting and Finance (Integrated),IB,60,,60,"[{""subtitle"": ""Entry requirements"", ""description"": [""To be eligible for most Undergraduate Bachelor degree courses, applicants must have an average of 60% in the best four subjects from Indian high school qualifications."", ""Achieving 70% in English from CBSE or CISCE exempts from additional English tests."", ""Some courses may have higher requirements.""]}, {""subtitle"": ""English Requirement"", ""description"": [""If not exempt, English test scores are needed.""]}]",2026-10-01,48 months,22600,GBP,,0,,0,,,,,,,,,,,,MSci,"https://www.essex.ac.uk/courses/ug00002/3/integrated-master-in-accounting,-c-,-accounting-and-finance?startdate=26-10&coursecode=N440",,,,,,,
University of Essex,Computer Science,Mathematics and Data Science (Integrated),IB,60,,60,"[{""subtitle"": ""Entry requirements"", ""description"": [""To be eligible for most Undergraduate Bachelor degree courses, applicants must have an average of 60% in the best four subjects from Indian high school qualifications."", ""Achieving 70% in English from CBSE or CISCE exempts from additional English tests."", ""Some courses may have higher requirements.""]}, {""subtitle"": ""English Requirement"", ""description"": [""If not exempt, English test scores are needed.""]}]",2026-10-01,48 months,22600,GBP,,0,,0,,,,,,,,,,,,MSci,"https://www.essex.ac.uk/courses/ug01422/1/integrated-master-in-science,-c-,-mathematics-and-data-science",,,,,,,
University of Essex,Sports Science,Sports and Exercise Science (Integrated),IB,60,,60,"[{""subtitle"": ""Entry requirements"", ""description"": [""To be eligible for most Undergraduate Bachelor degree courses, applicants must have an average of 60% in the best four subjects from Indian high school qualifications."", ""Achieving 70% in English from CBSE or CISCE exempts from additional English tests."", ""Some courses may have higher requirements.""]}, {""subtitle"": ""English Requirement"", ""description"": [""If not exempt, English test scores are needed.""]}]",2026-10-01,48 months,22600,GBP,,0,,0,,,,,,,,,,,,MSci,https://www.essex.ac.uk/courses/UG00399/3/Integrated-Master-in-Science-Sports-and-Exercise-Science?startdate=26-10&coursecode=C699,,,,,,,
University of Essex,Chemistry,Science: Biochemistry and Biotechnology (Integrated Master),IB,60,,60,"[{""subtitle"": ""Entry requirements"", ""description"": [""To be eligible for most Undergraduate Bachelor degree courses, applicants must have an average of 60% in the best four subjects from Indian high school qualifications."", ""Achieving 70% in English from CBSE or CISCE exempts from additional English tests."", ""Some courses may have higher requirements.""]}, {""subtitle"": ""English Requirement"", ""description"": [""If not exempt, English test scores are needed.""]}]",2026-10-01,48 months,23200,GBP,,0,,0,,,,,,,,,,,,MSci,"https://www.essex.ac.uk/courses/ug01417/1/integrated-master-in-science,-c-,-biochemistry-and-biotechnology",,,,,,,
University of Essex,Psychology,Psychology with Advanced Research Methods (Integrated),IB,60,,60,"[{""subtitle"": ""Entry requirements"", ""description"": [""To be eligible for most Undergraduate Bachelor degree courses, applicants must have an average of 60% in the best four subjects from Indian high school qualifications."", ""Achieving 70% in English from CBSE or CISCE exempts from additional English tests."", ""Some courses may have higher requirements.""]}, {""subtitle"": ""English Requirement"", ""description"": [""If not exempt, English test scores are needed.""]}]",2026-10-01,48 months,23200,GBP,,0,,0,,,,,,,,,,,,MSci,"https://www.essex.ac.uk/courses/ug01402/3/integrated-master-in-science,-c-,-psychology-with-advanced-research-methods",,,,,,,
University of Essex,Psychology,Psychology with Cognitive Neuroscience (Integrated),IB,60,,60,"[{""subtitle"": ""Entry requirements"", ""description"": [""To be eligible for most Undergraduate Bachelor degree courses, applicants must have an average of 60% in the best four subjects from Indian high school qualifications."", ""Achieving 70% in English from CBSE or CISCE exempts from additional English tests."", ""Some courses may have higher requirements.""]}, {""subtitle"": ""English Requirement"", ""description"": [""If not exempt, English test scores are needed.""]}]",2026-10-01,48 months,24360,GBP,,0,,0,,,,,,,,,,,,MSci,"https://www.essex.ac.uk/courses/ug00362/3/integrated-master-in-science,-c-,-psychology-with-cognitive-neuroscience?startdate=26-10&coursecode=C999",,,,,,,
University of Essex,Biology,Science: Tropical Marine Biology (Integrated),IB,60,,60,"[{""subtitle"": ""Entry requirements"", ""description"": [""To be eligible for most Undergraduate Bachelor degree courses, applicants must have an average of 60% in the best four subjects from Indian high school qualifications."", ""Achieving 70% in English from CBSE or CISCE exempts from additional English tests."", ""Some courses may have higher requirements.""]}, {""subtitle"": ""English Requirement"", ""description"": [""If not exempt, English test scores are needed.""]}]",2026-10-01,48 months,24360,GBP,,0,,0,,,,,,,,,,,,MSci,"https://www.essex.ac.uk/courses/ug01419/1/integrated-master-in-science,-c-,-tropical-marine-biology?coursecode=B097&startdate=26-10",,,,,,,
University of Essex,Management,Management: Marketing Management (Integrated),IB,60,,60,"[{""subtitle"": ""Entry requirements"", ""description"": [""To be eligible for most Undergraduate Bachelor degree courses, applicants must have an average of 60% in the best four subjects from Indian high school qualifications."", ""Achieving 70% in English from CBSE or CISCE exempts from additional English tests."", ""Some courses may have higher requirements.""]}, {""subtitle"": ""English Requirement"", ""description"": [""If not exempt, English test scores are needed.""]}]",2026-10-01,48 months,22600,GBP,,0,,0,,,,,,,,,,,,MSci,https://www.essex.ac.uk/courses/UG01392/1/Integrated-Master-in-Management-Marketing-Management,,,,,,,
University of Essex,Health Professions,Science: Nursing (Dual Award in Adult and Mental Health) (Integrated),IB,60,,60,"[{""subtitle"": ""Entry requirements"", ""description"": [""To be eligible for most Undergraduate Bachelor degree courses, applicants must have an average of 60% in the best four subjects from Indian high school qualifications."", ""Achieving 70% in English from CBSE or CISCE exempts from additional English tests."", ""Some courses may have higher requirements.""]}, {""subtitle"": ""English Requirement"", ""description"": [""If not exempt, English test scores are needed.""]}]",2026-10-01,48 months,24360,GBP,,0,,0,,,,,,,,,,,,MSci,https://www.essex.ac.uk/courses/UG01535/1/Integrated-Master-in-Science-Nursing-Dual-Award-in-Adult-and-Mental-Health?startdate=2024/25,,,,,,,
University of Essex,Accounting and Finance,Accounting and Finance (Integrated) (with Placement Year),IB,60,,60,"[{""subtitle"": ""Entry requirements"", ""description"": [""To be eligible for most Undergraduate Bachelor degree courses, applicants must have an average of 60% in the best four subjects from Indian high school qualifications."", ""Achieving 70% in English from CBSE or CISCE exempts from additional English tests."", ""Some courses may have higher requirements.""]}, {""subtitle"": ""English Requirement"", ""description"": [""If not exempt, English test scores are needed.""]}]",2026-10-01,60 months,22600,GBP,,0,,0,,,,,,,,,,,,MSci,"https://www.essex.ac.uk/courses/ug00002/3/integrated-master-in-accounting,-c-,-accounting-and-finance?startdate=26-10&coursecode=N441",,,,,,,
University of Essex,Accounting and Finance,Accounting and Finance (Integrated) (with Year Abroad),IB,60,,60,"[{""subtitle"": ""Entry requirements"", ""description"": [""To be eligible for most Undergraduate Bachelor degree courses, applicants must have an average of 60% in the best four subjects from Indian high school qualifications."", ""Achieving 70% in English from CBSE or CISCE exempts from additional English tests."", ""Some courses may have higher requirements.""]}, {""subtitle"": ""English Requirement"", ""description"": [""If not exempt, English test scores are needed.""]}]",2026-10-01,60 months,22600,GBP,,0,,0,,,,,,,,,,,,MSci,"https://www.essex.ac.uk/courses/ug00002/3/integrated-master-in-accounting,-c-,-accounting-and-finance?startdate=26-10&coursecode=N442",,,,,,,
University of Essex,Sports Science,Sports and Exercise Science (Integrated) (with Placement Year),IB,60,,60,"[{""subtitle"": ""Entry requirements"", ""description"": [""To be eligible for most Undergraduate Bachelor degree courses, applicants must have an average of 60% in the best four subjects from Indian high school qualifications."", ""Achieving 70% in English from CBSE or CISCE exempts from additional English tests."", ""Some courses may have higher requirements.""]}, {""subtitle"": ""English Requirement"", ""description"": [""If not exempt, English test scores are needed.""]}]",2026-10-01,60 months,22600,GBP,,0,,0,,,,,,,,,,,,MSci,https://www.essex.ac.uk/courses/UG00399/3/Integrated-Master-in-Science-Sports-and-Exercise-Science?startdate=26-10&coursecode=C690,,,,,,,
University of Essex,Sports Science,Sports and Exercise Science (Integrated) (with Year Abroad),IB,60,,60,"[{""subtitle"": ""Entry requirements"", ""description"": [""To be eligible for most Undergraduate Bachelor degree courses, applicants must have an average of 60% in the best four subjects from Indian high school qualifications."", ""Achieving 70% in English from CBSE or CISCE exempts from additional English tests."", ""Some courses may have higher requirements.""]}, {""subtitle"": ""English Requirement"", ""description"": [""If not exempt, English test scores are needed.""]}]",2026-10-01,60 months,22600,GBP,,0,,0,,,,,,,,,,,,MSci,https://www.essex.ac.uk/courses/UG00399/3/Integrated-Master-in-Science-Sports-and-Exercise-Science?startdate=26-10&coursecode=C691,,,,,,,
University of Essex,Chemistry,Science: Biochemistry and Biotechnology (Integrated Master) (with Placement Year),IB,60,,60,"[{""subtitle"": ""Entry requirements"", ""description"": [""To be eligible for most Undergraduate Bachelor degree courses, applicants must have an average of 60% in the best four subjects from Indian high school qualifications."", ""Achieving 70% in English from CBSE or CISCE exempts from additional English tests."", ""Some courses may have higher requirements.""]}, {""subtitle"": ""English Requirement"", ""description"": [""If not exempt, English test scores are needed.""]}]",2026-10-01,60 months,24360,GBP,,0,,0,,,,,,,,,,,,MSci,"https://www.essex.ac.uk/courses/ug01417/1/integrated-master-in-science,-c-,-biochemistry-and-biotechnology?coursecode=C099&startdate=26-10",,,,,,,
University of Essex,Chemistry,Science: Biochemistry and Biotechnology (Integrated Master) (with Year Abroad),IB,60,,60,"[{""subtitle"": ""Entry requirements"", ""description"": [""To be eligible for most Undergraduate Bachelor degree courses, applicants must have an average of 60% in the best four subjects from Indian high school qualifications."", ""Achieving 70% in English from CBSE or CISCE exempts from additional English tests."", ""Some courses may have higher requirements.""]}, {""subtitle"": ""English Requirement"", ""description"": [""If not exempt, English test scores are needed.""]}]",2026-10-01,60 months,24360,GBP,,0,,0,,,,,,,,,,,,MSci,"https://www.essex.ac.uk/courses/ug01417/1/integrated-master-in-science,-c-,-biochemistry-and-biotechnology?coursecode=C098&startdate=26-10",,,,,,,
University of Essex,Psychology,Psychology with Cognitive Neuroscience (Integrated) (with Placement Year),IB,60,,60,"[{""subtitle"": ""Entry requirements"", ""description"": [""To be eligible for most Undergraduate Bachelor degree courses, applicants must have an average of 60% in the best four subjects from Indian high school qualifications."", ""Achieving 70% in English from CBSE or CISCE exempts from additional English tests."", ""Some courses may have higher requirements.""]}, {""subtitle"": ""English Requirement"", ""description"": [""If not exempt, English test scores are needed.""]}]",2026-10-01,60 months,24360,GBP,,0,,0,,,,,,,,,,,,MSci,https://www.essex.ac.uk/courses/UG00362/3/Integrated-Master-in-Science-Psychology-with-Cognitive-Neuroscience?coursecode=CA98&startdate=26-10,,,,,,,
University of Essex,Psychology,Psychology with Cognitive Neuroscience (Integrated) (with Year Abroad),IB,60,,60,"[{""subtitle"": ""Entry requirements"", ""description"": [""To be eligible for most Undergraduate Bachelor degree courses, applicants must have an average of 60% in the best four subjects from Indian high school qualifications."", ""Achieving 70% in English from CBSE or CISCE exempts from additional English tests."", ""Some courses may have higher requirements.""]}, {""subtitle"": ""English Requirement"", ""description"": [""If not exempt, English test scores are needed.""]}]",2026-10-01,60 months,24360,GBP,,0,,0,,,,,,,,,,,,MSci,https://www.essex.ac.uk/courses/UG00362/3/Integrated-Master-in-Science-Psychology-with-Cognitive-Neuroscience?coursecode=CA99&startdate=26-10,,,,,,,
University of Essex,Biology,Science: Tropical Marine Biology (Integrated) (with Placement Year),IB,60,,60,"[{""subtitle"": ""Entry requirements"", ""description"": [""To be eligible for most Undergraduate Bachelor degree courses, applicants must have an average of 60% in the best four subjects from Indian high school qualifications."", ""Achieving 70% in English from CBSE or CISCE exempts from additional English tests."", ""Some courses may have higher requirements.""]}, {""subtitle"": ""English Requirement"", ""description"": [""If not exempt, English test scores are needed.""]}]",2026-10-01,60 months,24360,GBP,,0,,0,,,,,,,,,,,,MSci,"https://www.essex.ac.uk/courses/ug01419/1/integrated-master-in-science,-c-,-tropical-marine-biology?coursecode=BA97&startdate=26-10",,,,,,,
University of Essex,Biology,Science: Tropical Marine Biology (Integrated) (with Year Abroad),IB,60,,60,"[{""subtitle"": ""Entry requirements"", ""description"": [""To be eligible for most Undergraduate Bachelor degree courses, applicants must have an average of 60% in the best four subjects from Indian high school qualifications."", ""Achieving 70% in English from CBSE or CISCE exempts from additional English tests."", ""Some courses may have higher requirements.""]}, {""subtitle"": ""English Requirement"", ""description"": [""If not exempt, English test scores are needed.""]}]",2026-10-01,60 months,24360,GBP,,0,,0,,,,,,,,,,,,MSci,"https://www.essex.ac.uk/courses/ug01419/1/integrated-master-in-science,-c-,-tropical-marine-biology?coursecode=BB97&startdate=26-10",,,,,,,
University of Essex,Management,Management: Marketing Management (Integrated) (with Placement),IB,60,,60,"[{""subtitle"": ""Entry requirements"", ""description"": [""To be eligible for most Undergraduate Bachelor degree courses, applicants must have an average of 60% in the best four subjects from Indian high school qualifications."", ""Achieving 70% in English from CBSE or CISCE exempts from additional English tests."", ""Some courses may have higher requirements.""]}, {""subtitle"": ""English Requirement"", ""description"": [""If not exempt, English test scores are needed.""]}]",2026-10-01,60 months,22600,GBP,,0,,0,,,,,,,,,,,,MSci,https://www.essex.ac.uk/courses/UG01392/1/Integrated-Master-in-Management-Marketing-Management?coursecode=NN36,,,,,,,
University of Essex,Management,Management: Marketing Management (Integrated) (Year Abroad),IB,60,,60,"[{""subtitle"": ""Entry requirements"", ""description"": [""To be eligible for most Undergraduate Bachelor degree courses, applicants must have an average of 60% in the best four subjects from Indian high school qualifications."", ""Achieving 70% in English from CBSE or CISCE exempts from additional English tests."", ""Some courses may have higher requirements.""]}, {""subtitle"": ""English Requirement"", ""description"": [""If not exempt, English test scores are needed.""]}]",2026-10-01,60 months,22600,GBP,,0,,0,,,,,,,,,,,,MSci,https://www.essex.ac.uk/courses/UG01392/1/Integrated-Master-in-Management-Marketing-Management?coursecode=NN37,,,,,,,
University of Essex,Psychology,Psychological Wellbeing Practitice (1 Year),a four year undergraduate,2.75,,,"[{""subtitle"": ""Entry requirements"", ""description"": [""For Postgraduate Taught Masters, candidates from Band 1 or Band 2 institutions need 50% or 5.3/10, while those from other institutions require 55% or 5.8/10 from Bachelor degrees."", ""Some departments may have higher standards.""]}, {""subtitle"": ""English Requirement"", ""description"": [""English proficiency evidence may be needed.""]}]",2026-10-01,12 months,9550,GBP,"��4,000",0,,0,,6,5.5,82,Listening 17 Reading 18 Writing 17 Speaking 20,60,59,Global Talent Masters Scholarship,"��5,000",,"{""subtitle"": ""Scholarships"", ""description"": [""If you're an international student, took your undergraduate degree overseas or in the UK and are self-funding your postgraduate studies, you could be eligible for a scholarship""]}",PGCE,https://www.essex.ac.uk/courses/PG00754/1/Postgraduate-Certificate-Psychological-Wellbeing-Practice,,,,,,,
University of Essex,Psychology,Psychological Wellbeing Practice,a four year undergraduate,2.75,,,"[{""subtitle"": ""Entry requirements"", ""description"": [""For Postgraduate Taught Masters, candidates from Band 1 or Band 2 institutions need 50% or 5.3/10, while those from other institutions require 55% or 5.8/10 from Bachelor degrees."", ""Some departments may have higher standards.""]}, {""subtitle"": ""English Requirement"", ""description"": [""English proficiency evidence may be needed.""]}]",2026-10-01,12 months,9100,GBP,"��4,000",0,,0,,6,5.5,82,Listening 17 Reading 18 Writing 17 Speaking 20,60,59,Global Talent Masters Scholarship,"��5,000",,"{""subtitle"": ""Scholarships"", ""description"": [""If you're an international student, took your undergraduate degree overseas or in the UK and are self-funding your postgraduate studies, you could be eligible for a scholarship""]}",PGCE,https://www.essex.ac.uk/courses/PG00754/2/Graduate-Certificate-Psychological-Wellbeing-Practice,,,,,,,
University of Essex,Psychology,Psychological Well-Being Practitioner (1 Year),a four year undergraduate,2.75,,,"[{""subtitle"": ""Entry requirements"", ""description"": [""For Postgraduate Taught Masters, candidates from Band 1 or Band 2 institutions need 50% or 5.3/10, while those from other institutions require 55% or 5.8/10 from Bachelor degrees."", ""Some departments may have higher standards.""]}, {""subtitle"": ""English Requirement"", ""description"": [""English proficiency evidence may be needed.""]}]",2026-10-01,12 months,9100,GBP,"��4,000",0,,0,,6,5.5,82,Listening 17 Reading 18 Writing 17 Speaking 20,60,59,Global Talent Masters Scholarship,"��5,000",,"{""subtitle"": ""Scholarships"", ""description"": [""If you're an international student, took your undergraduate degree overseas or in the UK and are self-funding your postgraduate studies, you could be eligible for a scholarship""]}",PGCE,https://www.essex.ac.uk/courses/pg00754/2/graduate-certificate-psychological-well-being-practitioner-low-intensity,,,,,,,
University of Essex,Psychology,Psychological Well-Being Practitioner,a four year undergraduate,2.75,,,"[{""subtitle"": ""Entry requirements"", ""description"": [""For Postgraduate Taught Masters, candidates from Band 1 or Band 2 institutions need 50% or 5.3/10, while those from other institutions require 55% or 5.8/10 from Bachelor degrees."", ""Some departments may have higher standards.""]}, {""subtitle"": ""English Requirement"", ""description"": [""English proficiency evidence may be needed.""]}]",2026-10-01,12 months,9100,GBP,"��4,000",0,,0,,6,5.5,82,Listening 17 Reading 18 Writing 17 Speaking 20,60,59,Global Talent Masters Scholarship,"��5,000",,"{""subtitle"": ""Scholarships"", ""description"": [""If you're an international student, took your undergraduate degree overseas or in the UK and are self-funding your postgraduate studies, you could be eligible for a scholarship""]}",PGCE,https://www.essex.ac.uk/courses/pg00754/1/postgraduate-certificate-psychological-well-being-practitioner-low-intensity,,,,,,,
University of Essex,Medicine,Medical and Clinical Education (5 Years),a four year undergraduate,2.75,,,"[{""subtitle"": ""Entry requirements"", ""description"": [""For Postgraduate Taught Masters, candidates from Band 1 or Band 2 institutions need 50% or 5.3/10, while those from other institutions require 55% or 5.8/10 from Bachelor degrees."", ""Some departments may have higher standards.""]}, {""subtitle"": ""English Requirement"", ""description"": [""English proficiency evidence may be needed.""]}]",2026-10-01,60 months,9870,GBP,"��4,000",0,,0,,6,5.5,82,Listening 17 Reading 18 Writing 17 Speaking 20,60,59,Global Talent Masters Scholarship,"��5,000",,"{""subtitle"": ""Scholarships"", ""description"": [""If you're an international student, took your undergraduate degree overseas or in the UK and are self-funding your postgraduate studies, you could be eligible for a scholarship""]}",PGCE,https://www.essex.ac.uk/courses/pg01008/3/postgraduate-certificate-medical-and-clinical-education,,,,,,,
University of Essex,History,History,a four year undergraduate,2.75,,,"[{""subtitle"": ""Entry requirements"", ""description"": [""For Postgraduate Taught Masters, candidates from Band 1 or Band 2 institutions need 50% or 5.3/10, while those from other institutions require 55% or 5.8/10 from Bachelor degrees."", ""Some departments may have higher standards.""]}, {""subtitle"": ""English Requirement"", ""description"": [""English proficiency evidence may be needed.""]}]",2026-10-01,9 months,9550,GBP,"��4,000",0,,0,,6,5.5,82,Listening 17 Reading 18 Writing 17 Speaking 20,60,59,Global Talent Masters Scholarship,"��5,000",,"{""subtitle"": ""Scholarships"", ""description"": [""If you're an international student, took your undergraduate degree overseas or in the UK and are self-funding your postgraduate studies, you could be eligible for a scholarship""]}",PGCE,https://www.essex.ac.uk/courses/pg00609/3/postgraduate-certificate-history,,,,,,,
University of Essex,Health Professions,Health and Social Care (Colchester Campus),IB,60,,60,"[{""subtitle"": ""Entry requirements"", ""description"": [""To be eligible for most Undergraduate Bachelor degree courses, applicants must have an average of 60% in the best four subjects from Indian high school qualifications."", ""Achieving 70% in English from CBSE or CISCE exempts from additional English tests."", ""Some courses may have higher requirements.""]}, {""subtitle"": ""English Requirement"", ""description"": [""If not exempt, English test scores are needed.""]}]",2026-10-01,12 months,21500,GBP,,0,,0,,,,,,,,,,,,UGCert,https://www.essex.ac.uk/courses/UG01559/1/Certificate-of-HE-Health-and-Social-Care,,,,,,,
University of Essex,Health Professions,Health and Social Care (Southend Campus),IB,60,,60,"[{""subtitle"": ""Entry requirements"", ""description"": [""To be eligible for most Undergraduate Bachelor degree courses, applicants must have an average of 60% in the best four subjects from Indian high school qualifications."", ""Achieving 70% in English from CBSE or CISCE exempts from additional English tests."", ""Some courses may have higher requirements.""]}, {""subtitle"": ""English Requirement"", ""description"": [""If not exempt, English test scores are needed.""]}]",2026-10-01,12 months,21500,GBP,,0,,0,,,,,,,,,,,,UGCert,https://www.essex.ac.uk/courses/UG01559/1/Certificate-of-HE-Health-and-Social-Care?campus=Southend%20Campus,,,,,,,
